=~=~=~=~=~=~=~=~=~=~=~= PuTTY log 2025.09.23 18:04:41 =~=~=~=~=~=~=~=~=~=~=~=
ESP-ROM:esp32s3-20210327
FastIMU calibration & data example
Keep IMU level.
Calibration done!
Accel biases X/Y/Z: 
0.02, 0.06, 0.02
Gyro biases X/Y/Z: 
1.29, 1.58, 0.08
Setup finished
SampleType: 1 / 2
NumSample: 1 / 30
Press return to start next sample
... Start Reading Sample ...
0	0	0	-0.28	-0.50	-1.17	-28.10	57.85	-35.08
0	0	1	-0.27	-0.38	-1.08	-21.85	91.79	-45.95
0	0	2	-0.22	-0.28	-0.97	-31.23	110.73	-41.20
0	0	3	-0.19	-0.14	-0.94	-54.73	118.67	-35.83
0	0	4	-0.18	-0.08	-0.97	-51.85	120.98	-28.70
0	0	5	-0.13	-0.02	-0.93	-52.35	130.85	-36.14
0	0	6	-0.12	0.09	-0.86	-64.73	142.10	-36.33
0	0	7	-0.06	0.22	-0.80	-72.16	140.23	-24.26
0	0	8	-0.02	0.38	-0.72	-63.35	129.35	-15.83
0	0	9	-0.07	0.46	-0.78	-50.60	111.79	-1.20
0	0	10	-0.01	0.47	-0.84	-46.04	102.10	4.49
0	0	11	-0.01	0.54	-0.81	-48.10	88.29	4.24
0	0	12	-0.02	0.62	-0.78	-41.16	75.29	9.42
0	0	13	0.01	0.68	-0.80	-29.29	56.42	10.99
0	0	14	0.03	0.72	-0.84	-19.10	28.92	12.92
0	0	15	0.05	0.70	-0.85	-8.54	6.23	8.36
0	0	16	0.03	0.68	-0.84	-4.98	-9.52	6.05
0	0	17	0.02	0.67	-0.81	5.71	-21.52	7.74
0	0	18	0.03	0.64	-0.80	18.71	-36.96	6.30
0	0	19	0.03	0.62	-0.83	27.27	-55.71	8.61
0	0	20	0.02	0.55	-0.86	28.71	-70.96	7.11
0	0	21	-0.00	0.51	-0.86	22.34	-84.21	12.74
0	0	22	-0.03	0.46	-0.88	29.27	-95.33	15.67
0	0	23	-0.06	0.40	-0.90	33.40	-100.52	17.11
0	0	24	-0.06	0.34	-0.91	35.52	-104.21	16.99
0	0	25	-0.07	0.29	-0.91	33.27	-107.08	20.05
0	0	26	-0.08	0.24	-0.91	35.34	-108.77	16.55
0	0	27	-0.12	0.16	-0.93	49.09	-111.52	13.42
0	0	28	-0.15	0.07	-0.98	52.09	-112.96	23.67
0	0	29	-0.13	-0.01	-0.94	49.40	-105.52	12.99
0	0	30	-0.19	-0.07	-0.94	43.59	-100.27	15.17
0	0	31	-0.19	-0.09	-0.95	37.84	-87.40	19.49
0	0	32	-0.19	-0.12	-0.95	32.27	-59.65	3.17
0	0	33	-0.23	-0.15	-0.98	33.71	-64.52	16.05
0	0	34	-0.22	-0.19	-1.03	30.02	-53.90	12.61
0	0	35	-0.22	-0.17	-1.03	28.15	-45.46	5.67
0	0	36	-0.19	-0.15	-1.02	25.02	-35.65	2.92
0	0	37	-0.22	-0.13	-1.03	26.59	-19.77	-7.70
0	0	38	-0.23	-0.13	-1.03	30.71	-23.77	-5.08
0	0	39	-0.20	-0.17	-1.08	21.09	-17.77	-3.01
0	0	40	-0.18	-0.25	-1.10	6.65	30.29	-7.51
0	0	41	-0.39	-0.07	-1.07	9.15	17.35	-5.70
0	0	42	-0.19	-0.11	-1.01	-1.29	-5.90	3.86
0	0	43	-0.21	-0.09	-1.01	-6.60	7.98	-0.08
0	0	44	-0.20	-0.07	-1.01	-6.60	8.29	3.49
0	0	45	-0.19	-0.05	-1.03	-6.79	12.98	2.49
0	0	46	-0.16	-0.04	-1.01	-5.54	14.04	-6.83
0	0	47	-0.17	-0.02	-0.99	-6.98	13.04	-3.20
0	0	48	-0.16	-0.00	-0.97	-6.41	11.79	0.17
0	0	49	-0.16	0.01	-0.97	-5.48	9.10	3.99
SampleType: 1 / 2
NumSample: 2 / 30
Press return to start next sample
... Start Reading Sample ...
0	1	0	-0.35	-0.47	-1.27	-18.48	1.60	-13.70
0	1	1	-0.40	-0.63	-1.27	-24.29	33.67	-26.64
0	1	2	-0.43	-0.70	-1.15	-14.29	91.29	-30.26
0	1	3	-0.28	-0.53	-0.92	-44.54	159.42	-30.70
0	1	4	-0.14	-0.31	-0.94	-92.04	178.04	-20.08
0	1	5	-0.04	-0.13	-0.89	-110.16	190.98	-13.70
0	1	6	0.06	0.10	-0.84	-124.35	204.85	-13.14
0	1	7	0.12	0.34	-0.82	-123.29	199.92	-19.26
0	1	8	0.14	0.61	-0.77	-99.73	166.92	-23.26
0	1	9	0.10	0.72	-0.74	-59.23	125.85	-30.76
0	1	10	0.09	0.70	-0.75	-38.79	100.98	-31.39
0	1	11	0.09	0.77	-0.67	-35.73	86.79	-32.95
0	1	12	0.07	0.87	-0.61	-31.35	69.48	-31.33
0	1	13	0.10	0.93	-0.57	-7.41	49.54	-20.64
0	1	14	0.09	0.91	-0.62	16.02	22.17	-8.08
0	1	15	0.13	0.85	-0.74	19.40	-6.02	12.11
0	1	16	0.13	0.77	-0.80	19.09	-28.96	13.67
0	1	17	0.09	0.70	-0.84	21.21	-47.52	12.92
0	1	18	0.04	0.62	-0.85	28.27	-59.46	11.24
0	1	19	-0.00	0.54	-0.86	30.15	-66.96	11.61
0	1	20	-0.03	0.50	-0.85	36.65	-73.21	8.42
0	1	21	-0.06	0.44	-0.84	45.40	-75.02	6.42
0	1	22	-0.06	0.40	-0.84	39.84	-75.71	12.86
0	1	23	-0.07	0.40	-0.86	41.15	-79.40	15.99
0	1	24	-0.09	0.36	-0.90	43.34	-84.46	21.11
0	1	25	-0.10	0.31	-0.95	36.15	-91.40	24.92
0	1	26	-0.12	0.27	-0.98	36.02	-94.58	18.86
0	1	27	-0.13	0.23	-0.96	36.46	-94.02	12.17
0	1	28	-0.16	0.20	-0.94	37.46	-95.71	11.92
0	1	29	-0.17	0.15	-0.95	38.02	-88.52	6.55
0	1	30	-0.23	0.07	-0.94	41.02	-78.96	19.49
0	1	31	-0.22	0.04	-0.97	44.21	-87.52	21.11
0	1	32	-0.21	-0.01	-1.02	49.59	-78.40	17.17
0	1	33	-0.21	-0.11	-0.94	57.52	-55.77	8.74
0	1	34	-0.23	-0.13	-0.97	28.84	-55.96	-5.64
0	1	35	-0.25	-0.10	-0.99	34.34	-57.27	5.42
0	1	36	-0.23	-0.14	-0.99	27.59	-46.33	8.67
0	1	37	-0.23	-0.13	-0.99	18.34	-39.77	13.42
0	1	38	-0.23	-0.11	-1.02	16.71	-32.71	13.61
0	1	39	-0.22	-0.11	-1.03	18.02	-21.58	7.05
0	1	40	-0.22	-0.07	-1.02	17.84	-16.77	3.42
0	1	41	-0.21	-0.07	-1.03	12.46	-13.58	7.17
0	1	42	-0.19	-0.07	-1.04	-0.85	-11.40	11.67
0	1	43	-0.19	-0.04	-1.06	-8.23	-6.15	6.17
0	1	44	-0.18	-0.01	-1.04	-1.10	-7.40	6.86
0	1	45	-0.17	-0.01	-1.03	-2.16	-6.15	-0.26
0	1	46	-0.17	-0.02	-1.01	1.52	-4.46	-3.83
0	1	47	-0.17	-0.02	-0.99	-4.54	-2.58	-2.39
0	1	48	-0.17	-0.00	-0.98	-7.04	-0.77	-0.20
0	1	49	-0.17	0.01	-0.99	-3.79	1.42	2.86
SampleType: 1 / 2
NumSample: 3 / 30
Press return to start next sample
... Start Reading Sample ...
0	2	0	-0.26	-0.33	-1.17	-37.16	38.67	-8.89
0	2	1	-0.24	-0.27	-1.11	-50.66	60.60	-15.08
0	2	2	-0.22	-0.22	-1.06	-56.23	75.48	-18.14
0	2	3	-0.19	-0.19	-1.03	-64.48	91.54	-17.58
0	2	4	-0.15	-0.07	-0.96	-70.35	106.17	-20.45
0	2	5	-0.15	-0.00	-0.96	-67.54	114.23	-26.89
0	2	6	-0.13	0.04	-0.96	-66.41	123.17	-32.39
0	2	7	-0.08	0.13	-0.91	-72.29	130.10	-35.14
0	2	8	-0.05	0.28	-0.82	-75.91	124.92	-32.45
0	2	9	-0.06	0.39	-0.81	-69.23	112.67	-23.76
0	2	10	-0.03	0.45	-0.80	-57.79	101.85	-21.89
0	2	11	-0.05	0.47	-0.76	-35.48	92.42	-31.08
0	2	12	-0.02	0.55	-0.74	-35.04	93.04	-23.76
0	2	13	-0.04	0.62	-0.75	-25.98	83.04	-20.83
0	2	14	-0.06	0.63	-0.82	-14.16	76.04	-12.89
0	2	15	-0.01	0.61	-0.82	-11.48	71.10	-14.39
0	2	16	0.02	0.67	-0.82	-18.98	60.35	-8.70
0	2	17	0.06	0.68	-0.85	-16.66	43.17	-1.83
0	2	18	0.07	0.65	-0.86	-10.54	20.92	-9.58
0	2	19	0.04	0.63	-0.84	-8.29	9.60	-11.45
0	2	20	0.03	0.62	-0.79	-5.29	1.85	-11.83
0	2	21	0.00	0.63	-0.74	-1.16	-4.40	-8.26
0	2	22	-0.02	0.64	-0.74	5.46	-11.71	-0.33
0	2	23	-0.03	0.65	-0.76	10.71	-20.08	5.17
0	2	24	-0.03	0.65	-0.79	16.09	-32.71	8.67
0	2	25	-0.04	0.60	-0.80	22.34	-45.21	9.74
0	2	26	-0.04	0.57	-0.79	28.34	-53.33	11.05
0	2	27	-0.04	0.55	-0.80	33.71	-59.08	14.05
0	2	28	-0.02	0.53	-0.82	37.59	-66.33	17.05
0	2	29	-0.02	0.51	-0.83	39.96	-74.52	19.49
0	2	30	-0.04	0.47	-0.85	40.27	-81.21	25.61
0	2	31	-0.04	0.42	-0.88	44.27	-85.71	26.80
0	2	32	-0.06	0.36	-0.92	47.96	-89.40	23.24
0	2	33	-0.09	0.31	-0.94	49.59	-92.83	21.99
0	2	34	-0.11	0.26	-0.96	53.15	-95.65	19.86
0	2	35	-0.13	0.19	-0.97	56.40	-95.71	16.92
0	2	36	-0.14	0.12	-0.96	42.90	-86.08	12.36
0	2	37	-0.19	0.10	-0.95	38.46	-84.46	27.05
0	2	38	-0.15	0.11	-0.96	41.15	-84.33	29.49
0	2	39	-0.17	0.06	-0.97	40.40	-78.33	18.99
0	2	40	-0.17	0.00	-1.05	33.21	-68.71	14.61
0	2	41	-0.16	-0.03	-1.00	32.90	-70.90	0.30
0	2	42	-0.23	-0.05	-1.04	37.34	-69.15	1.99
0	2	43	-0.22	-0.13	-1.00	31.90	-60.77	4.74
0	2	44	-0.22	-0.14	-0.99	23.34	-52.33	8.11
0	2	45	-0.23	-0.11	-0.99	23.27	-41.27	7.74
0	2	46	-0.23	-0.11	-1.01	23.90	-32.15	8.24
0	2	47	-0.22	-0.11	-1.03	21.84	-25.21	7.24
0	2	48	-0.21	-0.11	-1.06	17.90	-16.46	3.92
0	2	49	-0.20	-0.09	-1.07	7.84	-11.33	5.42
SampleType: 1 / 2
NumSample: 4 / 30
Press return to start next sample
... Start Reading Sample ...
0	3	0	-0.25	-0.22	-1.11	-31.73	47.10	-6.33
0	3	1	-0.23	-0.20	-1.07	-41.91	64.92	-14.58
0	3	2	-0.21	-0.12	-1.03	-48.54	76.98	-13.33
0	3	3	-0.19	-0.10	-1.04	-45.41	85.42	-17.58
0	3	4	-0.17	-0.07	-1.01	-50.66	96.17	-20.70
0	3	5	-0.14	0.01	-0.96	-57.73	106.17	-19.39
0	3	6	-0.13	0.10	-0.95	-63.04	111.60	-16.26
0	3	7	-0.10	0.16	-0.95	-66.41	116.04	-14.95
0	3	8	-0.08	0.21	-0.94	-58.79	114.85	-25.45
0	3	9	-0.08	0.25	-0.93	-51.10	119.54	-31.83
0	3	10	-0.02	0.32	-0.85	-58.48	120.35	-32.70
0	3	11	-0.02	0.43	-0.75	-54.60	116.23	-35.64
0	3	12	-0.01	0.52	-0.72	-49.91	109.54	-19.89
0	3	13	0.02	0.60	-0.75	-43.48	100.48	-13.58
0	3	14	0.04	0.69	-0.76	-43.91	92.17	-3.14
0	3	15	0.09	0.78	-0.76	-35.98	71.35	0.86
0	3	16	0.12	0.81	-0.79	-13.04	44.79	-5.08
0	3	17	0.12	0.76	-0.79	-2.91	24.35	-8.39
0	3	18	0.11	0.73	-0.78	-0.54	7.48	-8.26
0	3	19	0.12	0.72	-0.77	1.52	-8.65	-5.58
0	3	20	0.09	0.69	-0.78	6.09	-27.77	-0.26
0	3	21	0.03	0.62	-0.80	12.71	-39.58	2.55
0	3	22	-0.02	0.57	-0.81	20.46	-44.33	2.11
0	3	23	-0.05	0.52	-0.84	26.15	-48.52	2.24
0	3	24	-0.06	0.48	-0.86	27.65	-50.65	4.36
0	3	25	-0.06	0.46	-0.85	24.52	-51.65	6.17
0	3	26	-0.06	0.48	-0.82	25.21	-55.90	8.30
0	3	27	-0.06	0.47	-0.84	31.02	-61.08	11.92
0	3	28	-0.06	0.43	-0.86	29.84	-64.58	17.05
0	3	29	-0.06	0.43	-0.88	30.27	-66.27	17.36
0	3	30	-0.06	0.42	-0.89	33.65	-69.33	16.92
0	3	31	-0.07	0.39	-0.91	36.34	-73.52	16.49
0	3	32	-0.08	0.36	-0.92	34.40	-79.08	18.55
0	3	33	-0.10	0.34	-0.92	39.15	-84.40	16.24
0	3	34	-0.11	0.28	-0.91	42.21	-86.08	10.92
0	3	35	-0.16	0.22	-0.93	44.02	-80.21	19.61
0	3	36	-0.15	0.19	-0.93	53.02	-89.08	27.49
0	3	37	-0.15	0.11	-0.99	53.96	-84.90	17.86
0	3	38	-0.15	0.03	-0.97	44.65	-80.21	6.24
0	3	39	-0.20	0.02	-0.97	41.21	-76.33	1.05
0	3	40	-0.20	-0.04	-0.98	38.15	-67.46	10.67
0	3	41	-0.20	-0.04	-0.97	35.59	-63.52	8.24
0	3	42	-0.21	-0.06	-0.99	35.71	-56.15	6.92
0	3	43	-0.21	-0.07	-1.01	32.34	-45.77	10.80
0	3	44	-0.20	-0.08	-1.02	24.84	-39.52	13.05
0	3	45	-0.20	-0.06	-1.05	25.46	-34.58	8.67
0	3	46	-0.21	-0.08	-1.06	24.90	-27.71	3.30
0	3	47	-0.21	-0.08	-1.05	12.52	-21.83	5.86
0	3	48	-0.20	-0.05	-1.04	8.84	-18.08	5.30
0	3	49	-0.19	-0.05	-1.04	10.15	-13.02	2.42
SampleType: 1 / 2
NumSample: 5 / 30
Press return to start next sample
... Start Reading Sample ...
0	4	0	-0.24	-0.20	-1.06	-45.60	55.60	-6.89
0	4	1	-0.22	-0.18	-1.08	-50.04	69.10	-5.39
0	4	2	-0.19	-0.16	-1.08	-58.91	82.04	-8.58
0	4	3	-0.17	-0.12	-1.09	-69.23	90.73	-9.58
0	4	4	-0.15	-0.08	-1.09	-74.29	103.73	-16.01
0	4	5	-0.09	-0.04	-1.05	-80.48	122.54	-29.70
0	4	6	-0.03	0.10	-0.94	-95.04	135.42	-37.58
0	4	7	0.01	0.28	-0.83	-94.85	138.67	-42.89
0	4	8	0.03	0.41	-0.78	-74.54	133.54	-46.95
0	4	9	0.03	0.47	-0.77	-58.29	129.17	-46.89
0	4	10	0.07	0.58	-0.75	-57.73	116.98	-38.51
0	4	11	0.07	0.67	-0.67	-47.91	94.29	-42.64
0	4	12	-0.00	0.74	-0.67	-33.54	72.73	-28.14
0	4	13	0.01	0.73	-0.70	-21.73	55.67	-16.64
0	4	14	-0.00	0.75	-0.72	-19.16	46.92	-12.26
0	4	15	0.02	0.74	-0.75	-9.98	37.54	-10.89
0	4	16	0.04	0.71	-0.76	-4.04	27.92	-10.14
0	4	17	0.05	0.70	-0.78	0.34	15.54	-6.26
0	4	18	0.04	0.66	-0.82	2.65	1.35	-2.89
0	4	19	0.02	0.60	-0.85	1.21	-9.21	-0.70
0	4	20	-0.01	0.58	-0.82	3.34	-15.52	-2.95
0	4	21	-0.05	0.57	-0.80	9.40	-20.33	-2.51
0	4	22	-0.06	0.56	-0.80	12.34	-23.71	-0.20
0	4	23	-0.05	0.59	-0.78	14.21	-27.40	1.74
0	4	24	-0.02	0.64	-0.76	26.15	-34.65	1.86
0	4	25	0.01	0.67	-0.77	37.46	-45.65	1.92
0	4	26	0.02	0.65	-0.77	40.71	-60.46	4.55
0	4	27	0.01	0.61	-0.77	37.90	-78.15	15.36
0	4	28	-0.01	0.57	-0.78	43.77	-88.33	16.80
0	4	29	-0.04	0.51	-0.81	54.02	-98.33	17.86
0	4	30	-0.07	0.42	-0.87	61.21	-104.58	20.17
0	4	31	-0.09	0.32	-0.92	55.27	-105.46	18.80
0	4	32	-0.14	0.26	-0.93	48.77	-107.77	19.74
0	4	33	-0.19	0.18	-0.96	48.27	-108.52	29.30
0	4	34	-0.18	0.09	-1.00	50.34	-96.15	18.67
0	4	35	-0.25	-0.01	-1.02	48.27	-80.77	12.05
0	4	36	-0.25	-0.02	-1.04	44.46	-79.65	28.17
0	4	37	-0.20	-0.02	-0.96	33.52	-70.08	21.74
0	4	38	-0.25	-0.03	-1.00	30.52	-58.90	13.86
0	4	39	-0.22	-0.06	-1.01	33.27	-50.46	-0.45
0	4	40	-0.25	-0.06	-1.00	32.21	-51.96	2.92
0	4	41	-0.24	-0.08	-0.98	22.21	-43.15	10.86
0	4	42	-0.24	-0.05	-0.98	21.96	-33.08	11.11
0	4	43	-0.22	-0.03	-1.00	22.21	-25.02	10.86
0	4	44	-0.21	-0.01	-1.03	20.77	-19.40	11.17
0	4	45	-0.19	0.02	-1.04	17.84	-16.33	8.42
0	4	46	-0.19	0.03	-1.03	13.40	-14.90	5.05
0	4	47	-0.19	0.04	-1.02	11.02	-12.15	5.36
0	4	48	-0.18	0.05	-1.01	8.77	-10.27	5.05
0	4	49	-0.17	0.05	-1.02	5.65	-10.83	6.67
SampleType: 1 / 2
NumSample: 6 / 30
Press return to start next sample
... Start Reading Sample ...
0	5	0	-0.28	-0.30	-1.12	-41.41	74.29	-16.33
0	5	1	-0.25	-0.29	-1.10	-45.73	93.10	-23.08
0	5	2	-0.22	-0.27	-1.07	-58.23	113.29	-25.89
0	5	3	-0.16	-0.18	-1.02	-75.54	131.54	-23.95
0	5	4	-0.09	-0.04	-0.94	-87.48	147.04	-26.14
0	5	5	-0.05	0.12	-0.89	-90.66	153.98	-28.08
0	5	6	-0.01	0.25	-0.86	-84.04	158.48	-32.51
0	5	7	0.05	0.38	-0.78	-83.04	152.85	-32.89
0	5	8	0.04	0.52	-0.76	-76.91	141.48	-28.01
0	5	9	0.09	0.63	-0.76	-70.73	124.92	-25.01
0	5	10	0.08	0.70	-0.70	-50.85	80.79	-31.83
0	5	11	0.02	0.73	-0.71	-30.48	76.42	-25.14
0	5	12	0.01	0.73	-0.73	-30.60	60.67	-13.33
0	5	13	0.03	0.76	-0.73	-30.35	43.85	-6.83
0	5	14	0.04	0.72	-0.76	-18.35	24.73	-3.76
0	5	15	0.04	0.67	-0.80	-9.54	16.98	-5.45
0	5	16	0.03	0.64	-0.82	-5.10	8.98	-8.26
0	5	17	0.01	0.59	-0.82	-5.60	0.10	-7.01
0	5	18	-0.02	0.55	-0.82	-3.73	-4.77	-5.58
0	5	19	-0.05	0.55	-0.80	0.59	-5.77	-6.70
0	5	20	-0.07	0.56	-0.78	4.40	-7.83	-4.20
0	5	21	-0.07	0.59	-0.78	3.40	-13.40	3.99
0	5	22	-0.05	0.63	-0.77	7.59	-19.71	6.24
0	5	23	-0.02	0.66	-0.77	15.90	-29.71	7.55
0	5	24	-0.00	0.67	-0.76	22.96	-40.90	7.74
0	5	25	0.00	0.66	-0.75	34.46	-54.40	7.49
0	5	26	0.00	0.62	-0.78	43.02	-64.58	8.49
0	5	27	0.02	0.60	-0.81	49.40	-73.71	7.92
0	5	28	0.03	0.56	-0.80	52.34	-88.33	3.24
0	5	29	-0.01	0.51	-0.79	39.59	-101.77	0.11
0	5	30	-0.03	0.47	-0.85	40.02	-114.08	8.24
0	5	31	-0.08	0.40	-0.87	68.90	-122.40	15.11
0	5	32	-0.14	0.27	-0.94	85.77	-127.40	10.36
0	5	33	-0.17	0.16	-0.95	97.34	-123.15	2.55
0	5	34	-0.20	0.03	-0.93	63.21	-118.33	8.61
0	5	35	-0.29	-0.05	-0.96	45.21	-91.65	1.74
0	5	36	-0.32	-0.07	-0.98	40.71	-92.96	32.74
0	5	37	-0.27	-0.04	-0.97	28.96	-78.02	25.74
0	5	38	-0.27	-0.07	-1.04	26.52	-65.40	23.17
0	5	39	-0.26	-0.09	-1.03	26.59	-55.65	4.92
0	5	40	-0.27	-0.09	-1.08	28.52	-55.83	6.99
0	5	41	-0.24	-0.11	-1.02	26.84	-53.52	-4.64
0	5	42	-0.30	-0.15	-0.96	25.96	-47.15	-5.45
0	5	43	-0.29	-0.14	-0.93	24.46	-36.40	-1.83
0	5	44	-0.30	-0.12	-0.94	21.27	-29.65	5.92
0	5	45	-0.29	-0.11	-0.97	17.90	-24.33	14.30
0	5	46	-0.28	-0.10	-1.00	13.65	-15.21	14.92
0	5	47	-0.26	-0.06	-1.01	8.71	-9.40	14.80
0	5	48	-0.24	-0.04	-1.02	8.40	-5.21	13.49
0	5	49	-0.21	-0.02	-1.03	7.77	-3.40	10.61
SampleType: 1 / 2
NumSample: 7 / 30
Press return to start next sample
... Start Reading Sample ...
0	6	0	-0.28	-0.27	-1.10	-40.23	58.54	-8.39
0	6	1	-0.27	-0.26	-1.07	-46.73	77.54	-13.76
0	6	2	-0.25	-0.23	-1.05	-53.54	97.79	-18.26
0	6	3	-0.21	-0.18	-1.02	-64.04	111.23	-17.20
0	6	4	-0.18	-0.08	-0.99	-71.60	122.48	-14.08
0	6	5	-0.13	0.02	-0.97	-77.54	135.35	-17.20
0	6	6	-0.07	0.14	-0.94	-81.41	140.23	-19.95
0	6	7	-0.04	0.24	-0.88	-78.85	137.54	-25.45
0	6	8	-0.01	0.34	-0.87	-75.60	133.48	-25.33
0	6	9	0.03	0.43	-0.77	-65.35	124.92	-33.95
0	6	10	-0.02	0.52	-0.77	-54.60	120.42	-35.89
0	6	11	0.01	0.60	-0.75	-54.66	117.42	-30.51
0	6	12	0.07	0.73	-0.70	-50.54	104.48	-25.26
0	6	13	0.12	0.80	-0.66	-39.98	85.67	-17.95
0	6	14	0.13	0.85	-0.68	-30.98	61.92	-9.45
0	6	15	0.12	0.83	-0.72	-15.41	41.54	-7.83
0	6	16	0.10	0.76	-0.74	-5.66	21.60	-8.01
0	6	17	0.08	0.71	-0.76	-0.73	6.10	-8.70
0	6	18	0.05	0.68	-0.75	1.27	-6.08	-6.89
0	6	19	0.02	0.67	-0.74	7.02	-17.71	-3.01
0	6	20	-0.01	0.65	-0.75	12.65	-25.46	-1.64
0	6	21	-0.01	0.66	-0.75	14.59	-33.15	1.92
0	6	22	-0.00	0.66	-0.76	20.71	-45.27	6.17
0	6	23	0.01	0.65	-0.76	29.09	-54.83	10.36
0	6	24	0.04	0.66	-0.73	38.40	-62.08	12.67
0	6	25	0.06	0.66	-0.75	49.90	-76.58	13.80
0	6	26	0.05	0.62	-0.76	56.52	-92.65	16.80
0	6	27	0.03	0.55	-0.80	63.15	-106.96	19.05
0	6	28	0.00	0.45	-0.86	59.09	-116.15	13.61
0	6	29	-0.04	0.37	-0.91	52.40	-125.08	8.61
0	6	30	-0.12	0.27	-0.96	64.15	-131.71	12.36
0	6	31	-0.16	0.16	-0.95	74.34	-129.90	13.11
0	6	32	-0.21	0.06	-0.96	81.96	-122.52	15.74
0	6	33	-0.24	0.00	-0.97	97.02	-114.08	23.11
0	6	34	-0.26	-0.11	-0.90	74.21	-80.83	17.42
0	6	35	-0.30	-0.11	-1.02	47.34	-92.08	35.42
0	6	36	-0.21	-0.15	-1.05	56.52	-78.27	21.67
0	6	37	-0.27	-0.21	-1.01	35.59	-60.65	-2.83
0	6	38	-0.26	-0.19	-1.04	28.40	-60.83	2.99
0	6	39	-0.25	-0.17	-0.99	25.65	-52.83	0.49
0	6	40	-0.26	-0.17	-0.99	29.59	-42.33	-1.51
0	6	41	-0.27	-0.18	-0.99	22.77	-34.90	2.17
0	6	42	-0.27	-0.16	-1.00	12.90	-31.08	11.42
0	6	43	-0.25	-0.13	-1.01	10.52	-22.21	9.30
0	6	44	-0.24	-0.11	-1.03	14.59	-16.15	6.24
0	6	45	-0.23	-0.10	-1.02	11.46	-10.08	3.80
0	6	46	-0.22	-0.08	-1.02	6.27	-6.33	5.42
0	6	47	-0.20	-0.05	-1.03	4.90	-3.65	4.49
0	6	48	-0.19	-0.05	-1.03	3.52	-3.58	1.99
0	6	49	-0.18	-0.05	-1.03	1.59	-4.08	0.92
SampleType: 1 / 2
NumSample: 8 / 30
Press return to start next sample
... Start Reading Sample ...
0	7	0	-0.34	-0.42	-1.15	-47.23	32.23	5.49
0	7	1	-0.33	-0.46	-1.13	-57.10	54.23	-2.08
0	7	2	-0.31	-0.45	-1.09	-67.10	82.48	-17.51
0	7	3	-0.25	-0.38	-1.10	-77.73	115.35	-27.58
0	7	4	-0.21	-0.31	-1.08	-90.41	139.67	-27.83
0	7	5	-0.13	-0.17	-1.07	-114.79	162.17	-20.83
0	7	6	0.03	0.03	-0.97	-122.41	178.67	-32.45
0	7	7	0.08	0.25	-0.84	-111.66	171.29	-51.08
0	7	8	0.11	0.42	-0.79	-90.79	160.79	-53.58
0	7	9	0.13	0.56	-0.67	-58.79	141.04	-65.26
0	7	10	0.08	0.70	-0.63	-43.91	125.48	-63.14
0	7	11	0.07	0.84	-0.61	-39.79	110.92	-45.76
0	7	12	0.11	0.91	-0.57	-31.16	90.67	-29.45
0	7	13	0.11	0.98	-0.59	-17.10	66.92	-19.39
0	7	14	0.10	0.93	-0.65	2.15	41.73	-7.89
0	7	15	0.11	0.85	-0.73	4.27	19.48	-3.01
0	7	16	0.08	0.77	-0.74	7.65	-2.02	-3.08
0	7	17	0.04	0.69	-0.74	12.52	-20.02	-0.26
0	7	18	-0.01	0.62	-0.77	19.09	-30.71	0.55
0	7	19	-0.04	0.58	-0.79	24.59	-35.65	2.86
0	7	20	-0.06	0.57	-0.82	26.34	-40.27	6.92
0	7	21	-0.04	0.58	-0.82	28.65	-49.90	12.61
0	7	22	-0.02	0.61	-0.79	27.27	-60.08	15.11
0	7	23	-0.01	0.60	-0.77	38.59	-74.33	13.17
0	7	24	-0.01	0.57	-0.78	48.27	-85.96	13.99
0	7	25	-0.03	0.52	-0.82	55.09	-96.08	17.36
0	7	26	-0.05	0.44	-0.88	55.27	-107.52	21.36
0	7	27	-0.05	0.36	-0.91	48.96	-118.58	22.49
0	7	28	-0.09	0.29	-0.91	44.02	-124.33	21.74
0	7	29	-0.14	0.21	-0.92	47.34	-126.15	22.49
0	7	30	-0.18	0.12	-0.96	55.65	-123.33	21.42
0	7	31	-0.18	0.06	-0.96	59.46	-119.77	5.99
0	7	32	-0.28	-0.06	-0.99	65.27	-95.33	6.42
0	7	33	-0.31	-0.10	-1.00	82.71	-106.77	34.86
0	7	34	-0.27	-0.19	-1.05	102.40	-96.71	23.74
0	7	35	-0.29	-0.32	-0.88	63.40	-69.27	-8.26
0	7	36	-0.31	-0.24	-0.95	43.96	-69.65	-16.51
0	7	37	-0.29	-0.26	-0.94	50.71	-59.27	-8.76
0	7	38	-0.29	-0.29	-0.96	34.84	-47.71	1.67
0	7	39	-0.28	-0.24	-0.95	22.02	-39.40	11.49
0	7	40	-0.27	-0.21	-0.98	19.09	-27.58	8.92
0	7	41	-0.26	-0.18	-1.04	27.84	-12.33	0.67
0	7	42	-0.27	-0.18	-1.04	41.90	-3.96	0.11
0	7	43	-0.26	-0.18	-1.04	34.71	4.17	-5.14
0	7	44	-0.26	-0.16	-1.03	19.15	0.54	5.36
0	7	45	-0.24	-0.15	-1.01	10.40	2.92	4.80
0	7	46	-0.23	-0.12	-1.00	17.21	4.17	-2.08
0	7	47	-0.23	-0.15	-1.01	24.15	11.79	-12.89
0	7	48	-0.22	-0.14	-0.99	19.96	8.67	-15.64
0	7	49	-0.24	-0.16	-0.97	8.65	-0.65	-8.76
SampleType: 1 / 2
NumSample: 9 / 30
Press return to start next sample
... Start Reading Sample ...
0	8	0	-0.37	-0.59	-1.18	-66.41	75.54	-40.39
0	8	1	-0.35	-0.46	-1.03	-93.48	106.23	-42.58
0	8	2	-0.29	-0.35	-0.90	-111.54	124.67	-30.01
0	8	3	-0.24	-0.22	-0.82	-116.29	144.04	-29.01
0	8	4	-0.19	-0.08	-0.79	-108.16	163.54	-25.89
0	8	5	-0.12	0.04	-0.79	-106.16	177.98	-21.26
0	8	6	-0.07	0.23	-0.77	-103.48	181.79	-20.89
0	8	7	-0.02	0.38	-0.75	-83.04	174.85	-23.83
0	8	8	0.02	0.48	-0.71	-62.29	162.23	-30.95
0	8	9	0.01	0.61	-0.72	-47.29	147.17	-25.39
0	8	10	0.06	0.67	-0.73	-34.41	124.85	-22.51
0	8	11	0.06	0.74	-0.75	-26.54	100.42	-25.08
0	8	12	0.05	0.79	-0.74	-18.16	83.48	-25.26
0	8	13	0.06	0.84	-0.71	-16.10	64.29	-19.51
0	8	14	0.05	0.82	-0.68	-9.98	43.79	-12.64
0	8	15	0.06	0.76	-0.74	-9.73	29.67	-0.20
0	8	16	0.08	0.72	-0.76	-12.16	16.29	2.36
0	8	17	0.06	0.71	-0.75	-2.66	2.29	2.61
0	8	18	0.03	0.65	-0.77	12.27	-14.27	0.17
0	8	19	-0.02	0.60	-0.77	18.77	-22.58	-1.14
0	8	20	-0.06	0.60	-0.76	21.34	-29.65	5.49
0	8	21	-0.06	0.60	-0.78	24.34	-38.21	9.92
0	8	22	-0.06	0.61	-0.78	30.21	-47.15	9.61
0	8	23	-0.06	0.59	-0.78	35.15	-54.90	12.99
0	8	24	-0.06	0.56	-0.82	38.40	-64.58	16.24
0	8	25	-0.07	0.51	-0.86	41.65	-72.46	16.05
0	8	26	-0.09	0.47	-0.89	46.15	-78.96	12.99
0	8	27	-0.10	0.42	-0.90	50.59	-87.27	8.05
0	8	28	-0.13	0.36	-0.91	51.09	-94.65	8.86
0	8	29	-0.15	0.30	-0.92	45.96	-100.46	11.92
0	8	30	-0.18	0.27	-0.93	47.40	-100.71	11.49
0	8	31	-0.19	0.22	-0.94	51.59	-98.02	7.92
0	8	32	-0.20	0.18	-0.94	47.90	-95.52	4.86
0	8	33	-0.24	0.14	-0.97	46.52	-84.21	-2.01
0	8	34	-0.26	0.11	-0.96	53.27	-86.52	6.49
0	8	35	-0.21	0.06	-0.91	55.59	-87.27	-5.95
0	8	36	-0.28	0.04	-0.92	54.59	-83.52	-11.83
0	8	37	-0.29	-0.01	-0.95	56.90	-79.40	-8.95
0	8	38	-0.30	-0.06	-0.96	57.09	-75.71	-14.83
0	8	39	-0.34	-0.12	-0.94	63.21	-60.65	-21.64
0	8	40	-0.36	-0.13	-0.92	65.96	-42.90	-24.89
0	8	41	-0.35	-0.13	-0.93	63.65	-33.90	-19.01
0	8	42	-0.36	-0.17	-0.95	59.46	-25.21	-17.83
0	8	43	-0.36	-0.17	-0.96	45.96	-16.21	-12.95
0	8	44	-0.35	-0.14	-0.97	42.40	-13.58	-8.58
0	8	45	-0.34	-0.16	-0.98	41.84	-13.77	-11.08
0	8	46	-0.36	-0.20	-0.99	34.59	-11.77	-12.95
0	8	47	-0.36	-0.19	-0.99	22.84	-11.83	-10.95
0	8	48	-0.35	-0.18	-0.96	11.40	-13.96	-6.01
0	8	49	-0.35	-0.17	-0.95	8.15	-17.27	-2.58
SampleType: 1 / 2
NumSample: 10 / 30
Press return to start next sample
... Start Reading Sample ...
0	9	0	-0.42	-0.33	-1.07	-64.48	8.67	34.86
0	9	1	-0.45	-0.44	-1.14	-107.79	20.17	54.17
0	9	2	-0.41	-0.41	-1.12	-145.35	35.98	65.05
0	9	3	-0.37	-0.36	-1.11	-160.79	58.92	62.61
0	9	4	-0.27	-0.27	-1.10	-156.54	83.54	45.42
0	9	5	-0.19	-0.18	-1.09	-140.91	108.29	16.30
0	9	6	-0.15	-0.11	-1.10	-123.48	126.42	-9.89
0	9	7	-0.07	-0.08	-1.09	-121.54	143.42	-32.08
0	9	8	-0.00	0.06	-0.97	-129.66	157.60	-53.14
0	9	9	0.07	0.25	-0.87	-119.54	164.42	-63.08
0	9	10	0.15	0.43	-0.77	-92.73	166.29	-81.58
0	9	11	0.16	0.57	-0.65	-59.60	150.73	-96.20
0	9	12	0.14	0.69	-0.60	-48.66	130.17	-72.64
0	9	13	0.16	0.76	-0.53	-34.29	101.60	-62.70
0	9	14	0.09	0.82	-0.52	-23.91	89.98	-50.58
0	9	15	0.11	0.91	-0.53	-19.23	80.85	-32.20
0	9	16	0.12	0.95	-0.54	-11.79	65.85	-24.08
0	9	17	0.13	0.96	-0.59	-2.79	52.54	-17.83
0	9	18	0.14	0.89	-0.67	7.77	33.42	-14.58
0	9	19	0.11	0.78	-0.77	5.27	16.85	-8.39
0	9	20	0.08	0.68	-0.80	-6.04	3.48	-3.45
0	9	21	0.04	0.62	-0.76	-11.04	-3.83	-3.70
0	9	22	-0.01	0.60	-0.70	-7.41	-4.83	-3.14
0	9	23	-0.01	0.65	-0.67	1.34	-5.02	-0.26
0	9	24	0.01	0.71	-0.67	18.71	-10.33	0.80
0	9	25	0.03	0.74	-0.69	30.09	-17.71	1.67
0	9	26	0.06	0.79	-0.68	41.40	-27.02	-3.89
0	9	27	0.06	0.81	-0.67	48.46	-41.40	0.61
0	9	28	0.08	0.79	-0.69	55.15	-60.33	9.17
0	9	29	0.08	0.72	-0.73	65.02	-84.90	11.42
0	9	30	0.05	0.65	-0.77	75.52	-99.71	9.42
0	9	31	0.02	0.54	-0.84	84.65	-110.21	7.99
0	9	32	-0.03	0.43	-0.89	76.71	-122.33	9.55
0	9	33	-0.07	0.36	-0.91	71.27	-130.58	9.55
0	9	34	-0.10	0.28	-0.90	68.90	-133.90	10.99
0	9	35	-0.15	0.22	-0.90	69.21	-131.08	10.17
0	9	36	-0.20	0.15	-0.94	68.84	-124.83	9.36
0	9	37	-0.22	0.09	-0.96	72.34	-123.33	6.42
0	9	38	-0.24	0.01	-0.95	64.84	-102.83	-9.08
0	9	39	-0.31	-0.01	-0.96	58.40	-88.46	8.30
0	9	40	-0.24	-0.03	-0.92	46.84	-88.96	14.24
0	9	41	-0.30	-0.05	-0.99	41.02	-85.02	13.55
0	9	42	-0.26	-0.10	-1.01	40.46	-76.52	7.92
0	9	43	-0.29	-0.10	-0.95	46.09	-72.27	-12.95
0	9	44	-0.32	-0.13	-0.93	53.46	-67.21	-10.95
0	9	45	-0.34	-0.18	-0.94	48.21	-59.77	-4.83
0	9	46	-0.34	-0.19	-0.97	34.84	-45.77	5.05
0	9	47	-0.33	-0.17	-0.98	25.84	-40.71	11.61
0	9	48	-0.32	-0.16	-1.00	22.90	-33.27	11.92
0	9	49	-0.31	-0.15	-1.02	24.21	-26.15	7.80
SampleType: 1 / 2
NumSample: 11 / 30
Press return to start next sample
... Start Reading Sample ...
0	10	0	-0.39	-0.37	-1.12	-33.73	59.98	-12.08
0	10	1	-0.37	-0.35	-1.07	-43.10	77.85	-13.51
0	10	2	-0.35	-0.34	-1.05	-51.54	94.73	-11.26
0	10	3	-0.30	-0.32	-1.04	-66.16	114.85	-10.26
0	10	4	-0.24	-0.23	-0.98	-81.66	130.85	-9.76
0	10	5	-0.19	-0.12	-0.92	-92.16	142.92	-9.14
0	10	6	-0.13	0.02	-0.88	-93.85	151.54	-9.26
0	10	7	-0.08	0.16	-0.85	-86.91	155.35	-14.33
0	10	8	-0.05	0.28	-0.85	-75.10	153.79	-20.39
0	10	9	-0.05	0.36	-0.86	-67.66	144.92	-21.01
0	10	10	-0.03	0.43	-0.86	-63.29	132.79	-24.20
0	10	11	-0.03	0.48	-0.79	-54.79	124.42	-35.45
0	10	12	-0.01	0.57	-0.73	-47.35	117.98	-33.51
0	10	13	0.01	0.64	-0.67	-30.79	96.35	-34.33
0	10	14	-0.05	0.68	-0.72	-15.85	82.79	-19.39
0	10	15	-0.00	0.67	-0.76	-11.73	73.42	-12.14
0	10	16	0.00	0.68	-0.78	-16.98	60.73	-7.01
0	10	17	0.02	0.67	-0.80	-20.23	45.23	-0.76
0	10	18	0.04	0.69	-0.80	-17.35	36.60	-2.64
0	10	19	0.05	0.68	-0.80	-6.10	24.73	-7.01
0	10	20	0.04	0.64	-0.83	-1.35	15.04	-6.76
0	10	21	0.06	0.64	-0.80	-6.85	4.23	-3.89
0	10	22	0.05	0.67	-0.76	-2.54	-9.27	-2.45
0	10	23	0.03	0.67	-0.75	9.09	-18.77	-1.20
0	10	24	0.00	0.68	-0.75	15.71	-30.27	1.74
0	10	25	-0.01	0.68	-0.75	19.34	-42.08	6.36
0	10	26	-0.02	0.65	-0.78	27.27	-54.58	7.11
0	10	27	-0.03	0.59	-0.80	33.52	-64.46	4.55
0	10	28	-0.03	0.57	-0.79	36.46	-71.77	3.55
0	10	29	-0.04	0.53	-0.80	40.27	-80.46	6.24
0	10	30	-0.05	0.49	-0.80	41.34	-88.15	10.67
0	10	31	-0.06	0.47	-0.84	41.59	-94.96	18.86
0	10	32	-0.07	0.43	-0.88	45.84	-104.83	20.92
0	10	33	-0.11	0.37	-0.92	49.40	-114.46	21.86
0	10	34	-0.14	0.30	-0.94	57.02	-119.65	13.86
0	10	35	-0.17	0.22	-0.94	60.40	-119.77	3.17
0	10	36	-0.21	0.16	-0.94	58.27	-119.27	1.86
0	10	37	-0.22	0.12	-0.91	57.15	-121.96	3.80
0	10	38	-0.26	0.07	-0.89	63.77	-112.33	-3.95
0	10	39	-0.31	-0.04	-0.91	73.65	-108.27	17.24
0	10	40	-0.26	-0.14	-0.94	64.96	-93.15	14.24
0	10	41	-0.33	-0.15	-0.99	36.02	-71.27	10.61
0	10	42	-0.31	-0.13	-1.02	22.59	-64.46	18.80
0	10	43	-0.32	-0.13	-1.00	22.77	-60.02	3.55
0	10	44	-0.34	-0.16	-0.98	29.90	-55.83	3.55
0	10	45	-0.34	-0.17	-0.99	27.02	-46.96	2.49
0	10	46	-0.34	-0.18	-1.00	18.59	-36.02	6.99
0	10	47	-0.32	-0.15	-1.01	6.65	-30.46	12.86
0	10	48	-0.30	-0.11	-1.01	8.84	-22.27	11.49
0	10	49	-0.29	-0.11	-1.03	9.84	-14.40	5.36
SampleType: 1 / 2
NumSample: 12 / 30
Press return to start next sample
... Start Reading Sample ...
0	11	0	-0.36	-0.29	-1.05	-42.10	76.79	-19.08
0	11	1	-0.33	-0.25	-1.00	-51.29	95.29	-18.76
0	11	2	-0.29	-0.17	-0.97	-63.48	112.42	-11.51
0	11	3	-0.25	-0.10	-0.99	-70.04	123.10	-5.70
0	11	4	-0.20	-0.05	-1.02	-70.35	132.92	-12.39
0	11	5	-0.17	0.02	-1.01	-67.79	137.67	-22.89
0	11	6	-0.15	0.05	-0.96	-61.23	143.23	-36.83
0	11	7	-0.12	0.09	-0.93	-63.10	156.29	-38.45
0	11	8	-0.03	0.21	-0.79	-69.29	161.29	-43.89
0	11	9	0.00	0.37	-0.71	-65.60	162.29	-38.70
0	11	10	0.06	0.53	-0.69	-57.41	156.98	-26.08
0	11	11	0.11	0.71	-0.73	-38.79	149.23	-22.51
0	11	12	0.20	0.82	-0.71	-28.48	130.17	-27.39
0	11	13	0.21	0.93	-0.67	-25.29	95.85	-20.70
0	11	14	0.21	0.94	-0.70	-16.73	57.92	-6.01
0	11	15	0.19	0.87	-0.72	-9.48	25.98	-7.83
0	11	16	0.14	0.82	-0.74	-3.54	10.35	-9.26
0	11	17	0.12	0.77	-0.74	-0.10	-6.52	-4.08
0	11	18	0.08	0.70	-0.75	5.52	-26.15	0.24
0	11	19	0.04	0.66	-0.76	14.09	-36.46	1.55
0	11	20	0.02	0.64	-0.77	19.46	-46.65	5.86
0	11	21	0.02	0.62	-0.77	23.90	-57.40	9.05
0	11	22	0.04	0.63	-0.75	28.34	-66.90	10.49
0	11	23	0.05	0.65	-0.73	35.27	-75.77	14.24
0	11	24	0.06	0.63	-0.75	39.34	-89.77	21.24
0	11	25	0.07	0.60	-0.79	45.02	-106.21	24.86
0	11	26	0.05	0.53	-0.83	48.96	-121.08	27.30
0	11	27	0.02	0.45	-0.89	50.52	-136.90	29.36
0	11	28	-0.03	0.35	-0.93	54.09	-146.21	22.67
0	11	29	-0.09	0.24	-0.95	55.15	-148.27	16.17
0	11	30	-0.15	0.15	-0.93	55.27	-148.46	12.80
0	11	31	-0.22	0.06	-0.94	57.46	-143.65	11.30
0	11	32	-0.26	-0.02	-0.93	57.90	-134.52	9.49
0	11	33	-0.32	-0.08	-0.97	55.96	-134.83	18.42
0	11	34	-0.31	-0.19	-1.00	41.77	-100.71	5.11
0	11	35	-0.39	-0.18	-1.04	42.34	-84.71	25.42
0	11	36	-0.28	-0.21	-1.02	42.34	-75.40	-1.95
0	11	37	-0.36	-0.24	-0.98	33.09	-68.08	-6.01
0	11	38	-0.34	-0.23	-0.94	21.65	-53.21	3.11
0	11	39	-0.32	-0.17	-0.94	17.02	-43.33	9.74
0	11	40	-0.30	-0.14	-0.98	17.52	-32.02	13.30
0	11	41	-0.28	-0.11	-1.01	15.65	-25.08	14.11
0	11	42	-0.28	-0.08	-1.02	14.15	-21.40	12.49
0	11	43	-0.28	-0.08	-1.03	8.34	-15.33	10.55
0	11	44	-0.28	-0.07	-1.04	5.09	-10.58	10.49
0	11	45	-0.26	-0.06	-1.04	1.27	-7.33	8.80
0	11	46	-0.25	-0.05	-1.02	-4.54	-5.33	8.80
0	11	47	-0.23	-0.04	-1.01	-4.54	-3.46	8.55
0	11	48	-0.21	-0.02	-1.01	-5.66	-1.71	7.30
0	11	49	-0.20	-0.00	-1.01	-0.73	-0.02	1.30
SampleType: 1 / 2
NumSample: 13 / 30
Press return to start next sample
... Start Reading Sample ...
0	12	0	-0.36	-0.28	-1.08	-35.10	55.60	-10.20
0	12	1	-0.35	-0.30	-1.09	-41.41	68.60	-10.39
0	12	2	-0.33	-0.30	-1.09	-47.29	90.67	-15.51
0	12	3	-0.30	-0.27	-1.06	-52.60	108.85	-19.83
0	12	4	-0.25	-0.21	-1.03	-63.35	129.73	-21.20
0	12	5	-0.17	-0.09	-0.98	-71.41	146.23	-21.76
0	12	6	-0.12	0.01	-0.95	-69.04	150.73	-27.83
0	12	7	-0.10	0.08	-0.91	-64.35	156.54	-36.26
0	12	8	-0.05	0.19	-0.86	-57.66	156.98	-36.83
0	12	9	-0.05	0.24	-0.85	-49.29	151.48	-39.20
0	12	10	-0.01	0.32	-0.82	-61.29	154.35	-31.58
0	12	11	0.02	0.49	-0.77	-64.04	154.54	-29.20
0	12	12	0.10	0.63	-0.70	-53.29	144.29	-29.33
0	12	13	0.12	0.76	-0.70	-39.16	124.73	-21.08
0	12	14	0.16	0.80	-0.76	-35.16	102.29	-9.83
0	12	15	0.22	0.86	-0.75	-40.91	81.98	-8.33
0	12	16	0.21	0.88	-0.70	-28.04	47.98	-14.33
0	12	17	0.18	0.84	-0.68	-12.29	24.23	-16.89
0	12	18	0.13	0.79	-0.67	-7.16	5.79	-10.39
0	12	19	0.10	0.76	-0.67	-5.48	-11.77	-0.70
0	12	20	0.05	0.72	-0.70	8.40	-23.21	2.55
0	12	21	0.03	0.69	-0.74	13.90	-33.96	9.05
0	12	22	0.02	0.68	-0.77	15.27	-48.02	14.55
0	12	23	0.02	0.66	-0.79	24.15	-61.40	14.24
0	12	24	0.02	0.63	-0.81	35.40	-72.27	10.67
0	12	25	0.01	0.60	-0.83	38.77	-82.52	7.67
0	12	26	-0.01	0.56	-0.83	37.15	-94.71	11.30
0	12	27	-0.02	0.51	-0.85	37.77	-106.65	12.24
0	12	28	-0.03	0.46	-0.84	41.34	-112.71	7.05
0	12	29	-0.09	0.41	-0.84	46.71	-117.15	5.92
0	12	30	-0.15	0.32	-0.89	48.27	-119.15	13.42
0	12	31	-0.18	0.24	-0.92	45.34	-115.77	13.30
0	12	32	-0.21	0.20	-0.92	48.15	-110.08	9.30
0	12	33	-0.23	0.15	-0.92	52.90	-102.71	5.24
0	12	34	-0.26	0.12	-0.92	48.46	-94.83	6.55
0	12	35	-0.27	0.10	-0.92	43.27	-94.40	11.67
0	12	36	-0.30	0.04	-0.95	41.02	-87.02	3.86
0	12	37	-0.37	-0.04	-0.99	49.34	-80.02	25.74
0	12	38	-0.28	-0.09	-0.95	48.77	-75.08	9.05
0	12	39	-0.35	-0.09	-0.95	41.84	-67.40	2.11
0	12	40	-0.33	-0.10	-0.96	39.77	-60.52	7.74
0	12	41	-0.33	-0.10	-0.97	33.34	-53.27	4.80
0	12	42	-0.32	-0.11	-0.96	24.90	-41.96	11.05
0	12	43	-0.30	-0.05	-0.94	21.65	-37.33	12.80
0	12	44	-0.28	-0.04	-0.97	23.09	-36.65	20.80
0	12	45	-0.26	-0.03	-0.99	23.27	-37.90	20.61
0	12	46	-0.26	-0.04	-1.03	24.34	-31.71	14.17
0	12	47	-0.25	-0.05	-1.06	20.21	-25.77	9.30
0	12	48	-0.25	-0.05	-1.05	11.77	-21.02	3.55
0	12	49	-0.25	-0.04	-1.02	8.21	-20.46	1.92
SampleType: 1 / 2
NumSample: 14 / 30
Press return to start next sample
... Start Reading Sample ...
0	13	0	-0.35	-0.30	-1.06	-38.98	77.60	-9.95
0	13	1	-0.31	-0.26	-1.01	-46.91	93.54	-7.89
0	13	2	-0.28	-0.18	-0.98	-53.16	110.04	-5.83
0	13	3	-0.23	-0.10	-0.98	-54.98	125.48	-5.51
0	13	4	-0.18	-0.04	-0.97	-51.98	136.73	-19.58
0	13	5	-0.16	0.02	-0.97	-48.73	146.23	-23.01
0	13	6	-0.09	0.09	-0.93	-52.85	152.48	-30.58
0	13	7	-0.07	0.20	-0.84	-61.54	151.85	-30.33
0	13	8	-0.06	0.29	-0.83	-62.48	151.29	-18.08
0	13	9	-0.00	0.39	-0.83	-64.91	153.60	-11.64
0	13	10	0.06	0.54	-0.77	-56.35	149.79	-18.45
0	13	11	0.10	0.67	-0.72	-39.60	138.54	-20.58
0	13	12	0.13	0.74	-0.75	-27.23	114.10	-11.83
0	13	13	0.16	0.75	-0.81	-25.91	79.10	-0.33
0	13	14	0.17	0.74	-0.81	-28.79	53.85	-0.39
0	13	15	0.16	0.74	-0.78	-23.04	35.79	-6.76
0	13	16	0.14	0.75	-0.74	-13.04	18.17	-8.26
0	13	17	0.11	0.73	-0.73	-2.98	-2.52	-2.95
0	13	18	0.08	0.70	-0.75	2.34	-18.40	2.42
0	13	19	0.05	0.67	-0.79	9.71	-31.02	4.42
0	13	20	0.02	0.64	-0.80	17.59	-45.90	5.42
0	13	21	-0.01	0.60	-0.81	22.90	-59.71	8.11
0	13	22	-0.02	0.55	-0.83	29.15	-68.58	6.86
0	13	23	-0.02	0.52	-0.81	32.52	-72.96	4.11
0	13	24	-0.02	0.51	-0.81	40.84	-79.33	4.80
0	13	25	-0.02	0.48	-0.81	44.84	-86.02	6.49
0	13	26	-0.02	0.45	-0.82	44.77	-94.15	11.86
0	13	27	-0.02	0.42	-0.84	46.96	-104.58	17.80
0	13	28	-0.06	0.37	-0.89	51.34	-113.96	20.49
0	13	29	-0.08	0.30	-0.94	59.59	-122.83	16.61
0	13	30	-0.12	0.20	-0.96	67.09	-124.33	4.49
0	13	31	-0.19	0.10	-0.96	65.02	-118.40	-1.64
0	13	32	-0.24	0.03	-0.97	59.59	-112.83	1.80
0	13	33	-0.27	-0.01	-0.96	54.15	-109.21	4.30
0	13	34	-0.26	-0.04	-0.97	51.09	-100.58	-3.89
0	13	35	-0.31	-0.09	-0.95	48.65	-79.65	0.99
0	13	36	-0.27	-0.09	-0.97	50.09	-88.21	10.92
0	13	37	-0.28	-0.15	-1.03	31.02	-75.21	3.86
0	13	38	-0.28	-0.14	-1.02	18.84	-64.83	10.80
0	13	39	-0.27	-0.13	-0.98	18.40	-56.90	-0.64
0	13	40	-0.27	-0.11	-0.97	26.96	-53.46	-1.89
0	13	41	-0.26	-0.14	-0.95	25.21	-48.08	-2.76
0	13	42	-0.31	-0.16	-1.01	17.15	-43.15	5.30
0	13	43	-0.28	-0.17	-1.04	9.02	-35.40	7.36
0	13	44	-0.30	-0.15	-1.00	8.65	-28.33	0.55
0	13	45	-0.30	-0.16	-0.98	9.15	-23.33	0.74
0	13	46	-0.30	-0.16	-0.98	7.65	-17.27	1.67
0	13	47	-0.29	-0.16	-1.00	8.21	-11.33	0.86
0	13	48	-0.28	-0.15	-1.01	4.84	-5.58	-0.14
0	13	49	-0.27	-0.14	-1.01	-1.29	-2.02	2.99
SampleType: 1 / 2
NumSample: 15 / 30
Press return to start next sample
... Start Reading Sample ...
0	14	0	-0.40	-0.37	-1.12	-41.23	66.92	-8.01
0	14	1	-0.37	-0.35	-1.09	-52.79	87.73	-7.76
0	14	2	-0.33	-0.30	-1.05	-66.29	106.42	-9.89
0	14	3	-0.27	-0.23	-1.03	-75.54	125.79	-9.64
0	14	4	-0.19	-0.14	-0.97	-83.91	141.23	-19.26
0	14	5	-0.16	-0.01	-0.91	-73.66	152.98	-29.20
0	14	6	-0.07	0.07	-0.90	-62.98	164.29	-38.76
0	14	7	-0.04	0.21	-0.81	-74.73	160.67	-34.89
0	14	8	0.02	0.38	-0.75	-78.54	147.04	-21.45
0	14	9	0.01	0.54	-0.73	-64.16	130.42	-14.26
0	14	10	0.06	0.64	-0.73	-50.66	117.23	-8.58
0	14	11	0.08	0.74	-0.74	-42.04	99.35	-8.20
0	14	12	0.10	0.77	-0.77	-29.10	82.23	-7.08
0	14	13	0.12	0.78	-0.82	-25.54	65.54	-5.70
0	14	14	0.12	0.74	-0.82	-19.79	45.23	-11.39
0	14	15	0.07	0.66	-0.82	-12.29	25.98	-14.76
0	14	16	0.01	0.56	-0.80	-13.04	15.54	-12.64
0	14	17	-0.05	0.54	-0.78	-9.48	10.73	-9.76
0	14	18	-0.07	0.51	-0.79	-3.85	10.54	-7.58
0	14	19	-0.08	0.54	-0.78	-8.29	8.67	-0.95
0	14	20	-0.07	0.60	-0.78	-5.16	2.23	7.74
0	14	21	-0.04	0.62	-0.80	4.65	-4.58	6.42
0	14	22	-0.01	0.66	-0.80	9.02	-13.02	4.49
0	14	23	0.02	0.69	-0.77	13.09	-27.33	7.11
0	14	24	0.04	0.69	-0.75	19.52	-40.77	8.61
0	14	25	0.05	0.67	-0.77	31.59	-53.58	6.49
0	14	26	0.05	0.62	-0.79	37.96	-66.02	5.80
0	14	27	0.04	0.60	-0.80	38.27	-79.46	7.61
0	14	28	0.03	0.55	-0.80	40.46	-92.15	10.55
0	14	29	0.00	0.50	-0.81	44.84	-103.52	14.11
0	14	30	-0.04	0.42	-0.86	54.34	-113.71	15.74
0	14	31	-0.08	0.32	-0.91	63.02	-117.65	10.05
0	14	32	-0.13	0.23	-0.93	59.90	-120.21	8.30
0	14	33	-0.17	0.17	-0.94	56.65	-122.27	9.30
0	14	34	-0.23	0.08	-0.96	58.21	-120.08	6.11
0	14	35	-0.26	0.03	-0.98	53.34	-112.52	7.74
0	14	36	-0.25	0.00	-0.99	45.84	-103.65	4.74
0	14	37	-0.30	-0.03	-0.99	36.52	-83.46	8.11
0	14	38	-0.28	-0.03	-0.98	32.96	-86.46	20.36
0	14	39	-0.27	-0.06	-1.00	23.96	-79.83	13.49
0	14	40	-0.29	-0.07	-1.00	21.09	-69.27	9.49
0	14	41	-0.29	-0.09	-1.01	19.90	-55.46	0.30
0	14	42	-0.29	-0.07	-0.99	21.52	-54.77	0.86
0	14	43	-0.29	-0.08	-0.99	21.09	-50.77	2.42
0	14	44	-0.30	-0.08	-0.96	14.77	-44.90	3.17
0	14	45	-0.32	-0.09	-1.01	19.21	-38.96	8.05
0	14	46	-0.30	-0.10	-1.00	14.96	-31.65	2.11
0	14	47	-0.31	-0.09	-0.98	13.27	-26.52	2.55
0	14	48	-0.30	-0.09	-0.98	9.90	-19.33	3.67
0	14	49	-0.29	-0.09	-1.00	4.09	-12.96	8.42
SampleType: 1 / 2
NumSample: 16 / 30
Press return to start next sample
... Start Reading Sample ...
0	15	0	-0.38	-0.26	-1.09	-25.16	47.92	-2.39
0	15	1	-0.37	-0.27	-1.10	-33.41	61.79	-4.58
0	15	2	-0.36	-0.28	-1.10	-43.23	76.85	-5.01
0	15	3	-0.33	-0.26	-1.08	-48.85	95.98	-10.89
0	15	4	-0.29	-0.22	-1.05	-53.04	115.98	-18.20
0	15	5	-0.25	-0.15	-1.01	-61.54	136.29	-22.26
0	15	6	-0.20	-0.06	-0.99	-62.66	151.79	-28.08
0	15	7	-0.16	0.01	-0.97	-62.48	165.67	-34.58
0	15	8	-0.09	0.13	-0.93	-69.54	174.42	-38.51
0	15	9	-0.04	0.22	-0.90	-70.98	174.60	-49.26
0	15	10	-0.02	0.34	-0.87	-72.85	182.92	-58.83
0	15	11	0.06	0.51	-0.76	-67.10	161.79	-65.20
0	15	12	-0.01	0.58	-0.72	-53.29	132.29	-62.70
0	15	13	-0.03	0.58	-0.71	-50.79	122.85	-51.33
0	15	14	-0.01	0.80	-0.66	-50.85	118.54	-46.58
0	15	15	-0.00	0.71	-0.66	-41.66	105.17	-37.39
0	15	16	-0.02	0.70	-0.72	-41.60	106.73	-34.45
0	15	17	0.03	0.73	-0.76	-41.54	103.04	-31.89
0	15	18	0.04	0.73	-0.80	-39.85	77.23	-25.14
0	15	19	0.04	0.73	-0.80	-34.35	56.23	-30.20
0	15	20	0.01	0.73	-0.75	-22.23	33.67	-29.89
0	15	21	0.01	0.70	-0.70	-8.60	13.98	-25.45
0	15	22	-0.02	0.70	-0.65	-4.98	-0.77	-10.26
0	15	23	-0.02	0.73	-0.61	-0.79	-12.33	8.05
0	15	24	0.01	0.76	-0.63	9.09	-24.46	17.55
0	15	25	0.04	0.78	-0.67	18.71	-42.02	29.05
0	15	26	0.06	0.78	-0.72	22.77	-58.46	28.61
0	15	27	0.04	0.78	-0.74	30.34	-76.65	22.61
0	15	28	0.01	0.71	-0.75	39.46	-100.65	19.74
0	15	29	-0.02	0.63	-0.74	46.59	-117.52	19.17
0	15	30	-0.06	0.57	-0.73	54.09	-128.08	18.05
0	15	31	-0.11	0.48	-0.77	60.84	-137.58	25.92
0	15	32	-0.16	0.38	-0.88	50.09	-137.71	37.05
0	15	33	-0.22	0.33	-0.93	42.84	-138.83	35.17
0	15	34	-0.27	0.24	-0.95	44.84	-133.27	26.55
0	15	35	-0.30	0.18	-0.92	51.84	-121.33	11.86
0	15	36	-0.35	0.14	-0.90	55.65	-106.77	8.49
0	15	37	-0.35	0.10	-0.96	41.52	-93.52	18.99
0	15	38	-0.33	0.14	-0.96	18.34	-83.65	27.11
0	15	39	-0.29	0.19	-0.94	19.84	-80.27	13.05
0	15	40	-0.33	0.17	-0.92	30.90	-77.02	12.67
0	15	41	-0.31	0.15	-0.92	37.77	-87.08	17.42
0	15	42	-0.33	0.11	-0.95	28.09	-84.02	10.61
0	15	43	-0.33	0.07	-0.94	17.59	-78.52	14.24
0	15	44	-0.33	0.09	-0.92	13.34	-72.65	13.99
0	15	45	-0.33	0.09	-0.94	19.21	-63.90	13.86
0	15	46	-0.32	0.07	-0.96	20.34	-59.08	7.80
0	15	47	-0.33	0.05	-0.97	20.77	-59.21	6.92
0	15	48	-0.34	0.01	-0.97	14.27	-54.83	7.24
0	15	49	-0.34	0.01	-0.97	8.71	-48.33	14.49
SampleType: 1 / 2
NumSample: 17 / 30
Press return to start next sample
... Start Reading Sample ...
0	16	0	-0.63	-0.58	-1.20	-12.48	77.35	-6.33
0	16	1	-0.61	-0.59	-1.19	-30.79	122.79	-22.33
0	16	2	-0.51	-0.51	-1.14	-58.48	152.17	-18.08
0	16	3	-0.38	-0.37	-1.04	-84.48	179.10	-18.33
0	16	4	-0.23	-0.19	-0.92	-92.29	199.73	-26.89
0	16	5	-0.13	-0.04	-0.90	-87.16	217.92	-30.33
0	16	6	0.02	0.11	-0.83	-89.29	218.29	-36.89
0	16	7	0.06	0.29	-0.76	-85.10	202.10	-40.01
0	16	8	0.08	0.40	-0.71	-73.54	186.48	-42.45
0	16	9	0.09	0.53	-0.69	-63.16	176.54	-31.70
0	16	10	0.11	0.65	-0.69	-57.79	164.04	-23.51
0	16	11	0.13	0.75	-0.73	-58.29	143.73	-10.14
0	16	12	0.20	0.85	-0.73	-55.66	126.73	-11.89
0	16	13	0.23	0.90	-0.74	-40.91	98.35	-18.95
0	16	14	0.22	0.89	-0.71	-24.79	63.54	-32.45
0	16	15	0.15	0.83	-0.66	-17.73	35.35	-29.95
0	16	16	0.10	0.76	-0.62	-12.60	15.10	-20.39
0	16	17	0.04	0.71	-0.64	-10.04	4.35	-4.51
0	16	18	0.02	0.70	-0.65	-3.73	-1.33	0.49
0	16	19	0.00	0.72	-0.66	7.15	-6.21	1.55
0	16	20	0.01	0.73	-0.68	14.71	-14.52	5.05
0	16	21	0.02	0.75	-0.69	23.34	-30.15	10.11
0	16	22	0.03	0.75	-0.74	28.71	-47.77	16.24
0	16	23	0.03	0.71	-0.76	28.34	-63.52	16.86
0	16	24	0.03	0.68	-0.73	32.71	-75.71	13.30
0	16	25	0.02	0.65	-0.73	45.34	-88.33	11.05
0	16	26	0.01	0.60	-0.75	51.84	-99.27	11.80
0	16	27	-0.03	0.56	-0.78	54.96	-110.46	13.36
0	16	28	-0.08	0.49	-0.84	60.21	-125.96	17.80
0	16	29	-0.13	0.40	-0.89	67.71	-133.58	10.92
0	16	30	-0.17	0.30	-0.90	65.02	-135.71	7.99
0	16	31	-0.21	0.25	-0.89	52.02	-135.83	14.80
0	16	32	-0.25	0.20	-0.93	46.65	-129.83	19.74
0	16	33	-0.27	0.15	-0.95	43.77	-120.08	15.86
0	16	34	-0.27	0.14	-0.92	44.40	-111.96	7.36
0	16	35	-0.29	0.14	-0.90	52.09	-111.27	6.86
0	16	36	-0.32	0.04	-0.95	48.90	-97.33	7.36
0	16	37	-0.37	0.02	-0.98	31.40	-83.21	29.24
0	16	38	-0.32	0.04	-1.00	30.96	-84.02	24.92
0	16	39	-0.33	0.01	-1.00	32.59	-77.71	3.30
0	16	40	-0.34	-0.02	-0.98	33.46	-73.77	-3.89
0	16	41	-0.34	-0.03	-0.97	30.21	-68.77	-4.39
0	16	42	-0.36	-0.05	-0.96	25.59	-58.40	-1.89
0	16	43	-0.34	-0.05	-0.95	17.71	-52.96	2.74
0	16	44	-0.33	-0.03	-0.94	20.65	-49.96	2.42
0	16	45	-0.34	-0.06	-0.95	17.09	-45.58	7.24
0	16	46	-0.35	-0.06	-0.97	12.65	-42.40	10.61
0	16	47	-0.35	-0.07	-0.98	18.71	-41.02	4.49
0	16	48	-0.36	-0.10	-0.97	21.90	-34.52	-7.08
0	16	49	-0.36	-0.11	-0.94	21.71	-28.77	-8.89
SampleType: 1 / 2
NumSample: 18 / 30
Press return to start next sample
... Start Reading Sample ...
0	17	0	-0.54	-0.39	-1.12	-23.66	75.17	-18.64
0	17	1	-0.50	-0.39	-1.08	-37.10	96.60	-16.95
0	17	2	-0.45	-0.37	-1.06	-47.98	125.73	-18.20
0	17	3	-0.36	-0.29	-1.02	-56.29	154.48	-22.83
0	17	4	-0.28	-0.17	-0.96	-68.16	175.54	-22.89
0	17	5	-0.21	-0.05	-0.91	-68.98	187.98	-24.45
0	17	6	-0.18	-0.02	-0.94	-64.91	210.10	-30.64
0	17	7	-0.08	0.13	-0.87	-65.54	227.67	-41.89
0	17	8	-0.04	0.29	-0.80	-62.79	211.79	-43.26
0	17	9	-0.03	0.34	-0.79	-60.29	187.92	-31.39
0	17	10	0.04	0.44	-0.75	-64.91	179.79	-25.51
0	17	11	0.09	0.59	-0.66	-57.10	158.17	-31.33
0	17	12	0.05	0.71	-0.63	-33.29	132.17	-25.70
0	17	13	0.08	0.76	-0.67	-16.79	109.98	-11.51
0	17	14	0.13	0.78	-0.72	-18.10	91.54	-6.01
0	17	15	0.18	0.84	-0.72	-25.66	73.23	-3.70
0	17	16	0.22	0.88	-0.74	-20.60	47.73	2.30
0	17	17	0.24	0.87	-0.75	-7.23	20.35	-2.20
0	17	18	0.22	0.81	-0.75	2.40	-1.83	-5.45
0	17	19	0.19	0.76	-0.76	0.27	-22.90	4.61
0	17	20	0.17	0.75	-0.75	-0.66	-43.02	11.61
0	17	21	0.10	0.73	-0.75	10.65	-64.08	9.49
0	17	22	0.03	0.65	-0.79	20.21	-83.02	9.49
0	17	23	-0.04	0.58	-0.80	19.46	-90.90	7.17
0	17	24	-0.07	0.57	-0.77	19.46	-92.90	8.49
0	17	25	-0.09	0.56	-0.75	26.52	-97.90	12.49
0	17	26	-0.10	0.53	-0.78	34.96	-102.27	16.67
0	17	27	-0.12	0.49	-0.81	39.84	-109.65	18.74
0	17	28	-0.15	0.43	-0.85	43.90	-116.90	16.36
0	17	29	-0.18	0.35	-0.89	43.02	-120.83	16.11
0	17	30	-0.23	0.30	-0.91	37.46	-119.21	16.92
0	17	31	-0.25	0.28	-0.91	38.52	-115.90	15.99
0	17	32	-0.27	0.25	-0.91	46.90	-111.96	11.74
0	17	33	-0.30	0.19	-0.93	47.34	-99.08	9.11
0	17	34	-0.31	0.16	-0.94	36.09	-84.71	8.86
0	17	35	-0.30	0.15	-0.98	29.15	-79.40	11.30
0	17	36	-0.28	0.16	-0.97	27.15	-75.02	-6.58
0	17	37	-0.33	0.15	-0.91	40.65	-78.58	-3.58
0	17	38	-0.31	0.10	-0.90	48.59	-91.58	1.24
0	17	39	-0.36	-0.00	-0.97	40.52	-89.27	0.67
0	17	40	-0.37	-0.03	-0.94	5.46	-68.65	7.36
0	17	41	-0.36	0.08	-0.88	8.65	-61.58	4.67
0	17	42	-0.35	0.04	-0.87	27.34	-57.83	4.86
0	17	43	-0.36	0.02	-0.87	29.90	-57.77	2.49
0	17	44	-0.39	-0.03	-0.93	33.15	-51.58	9.24
0	17	45	-0.39	-0.04	-0.98	25.15	-36.96	10.80
0	17	46	-0.35	-0.01	-0.94	16.84	-34.40	11.92
0	17	47	-0.35	-0.01	-0.93	17.15	-33.46	12.42
0	17	48	-0.35	-0.03	-0.95	17.09	-27.58	15.30
0	17	49	-0.34	-0.02	-0.97	14.96	-21.71	14.24
SampleType: 1 / 2
NumSample: 19 / 30
Press return to start next sample
... Start Reading Sample ...
0	18	0	-0.57	-0.43	-1.13	-27.23	80.48	-17.83
0	18	1	-0.50	-0.35	-1.04	-40.91	108.98	-20.20
0	18	2	-0.43	-0.28	-1.02	-45.48	129.23	-18.95
0	18	3	-0.39	-0.27	-1.02	-53.73	154.35	-22.01
0	18	4	-0.35	-0.26	-1.03	-59.60	186.17	-32.95
0	18	5	-0.28	-0.15	-0.98	-72.16	218.29	-41.26
0	18	6	-0.18	0.01	-0.88	-79.66	221.48	-40.51
0	18	7	-0.16	0.11	-0.84	-77.79	212.48	-40.26
0	18	8	-0.13	0.13	-0.81	-73.91	218.10	-43.08
0	18	9	-0.06	0.27	-0.72	-71.35	230.67	-51.83
0	18	10	0.04	0.50	-0.62	-57.98	214.54	-48.33
0	18	11	0.08	0.61	-0.55	-35.48	179.85	-44.83
0	18	12	0.09	0.71	-0.59	-17.85	157.04	-18.64
0	18	13	0.20	0.82	-0.62	-15.85	138.73	-1.76
0	18	14	0.26	0.92	-0.65	-13.91	104.10	4.86
0	18	15	0.30	0.98	-0.70	-4.91	63.92	17.49
0	18	16	0.33	0.91	-0.79	3.40	31.79	13.67
0	18	17	0.30	0.85	-0.82	-2.66	11.35	15.11
0	18	18	0.29	0.82	-0.81	-3.04	-14.02	11.17
0	18	19	0.22	0.75	-0.79	9.71	-41.77	4.05
0	18	20	0.15	0.69	-0.77	14.96	-61.33	4.86
0	18	21	0.09	0.67	-0.76	18.59	-79.96	9.99
0	18	22	0.04	0.63	-0.79	21.65	-93.52	10.61
0	18	23	0.00	0.61	-0.79	25.34	-102.02	10.42
0	18	24	-0.02	0.59	-0.80	28.77	-112.27	8.80
0	18	25	-0.05	0.56	-0.81	28.65	-124.58	11.74
0	18	26	-0.05	0.53	-0.78	33.65	-140.52	7.42
0	18	27	-0.10	0.48	-0.78	46.71	-155.58	4.80
0	18	28	-0.15	0.35	-0.84	56.71	-161.52	4.24
0	18	29	-0.20	0.25	-0.88	43.90	-150.40	0.11
0	18	30	-0.23	0.25	-0.86	37.52	-143.52	0.99
0	18	31	-0.25	0.23	-0.85	38.84	-143.33	6.92
0	18	32	-0.30	0.19	-0.87	42.21	-149.96	15.86
0	18	33	-0.36	0.08	-0.94	48.96	-148.27	17.49
0	18	34	-0.41	-0.03	-1.01	36.52	-130.27	12.11
0	18	35	-0.40	-0.04	-0.99	13.59	-108.40	9.17
0	18	36	-0.42	0.02	-0.92	29.71	-81.27	-3.76
0	18	37	-0.42	-0.00	-0.90	29.27	-77.52	10.49
0	18	38	-0.41	-0.03	-0.94	24.71	-75.08	8.17
0	18	39	-0.41	-0.05	-0.97	14.46	-69.08	13.24
0	18	40	-0.38	-0.02	-0.94	6.21	-62.33	10.61
0	18	41	-0.37	-0.01	-0.92	13.34	-59.77	3.49
0	18	42	-0.38	-0.03	-0.91	16.90	-51.52	0.24
0	18	43	-0.40	-0.02	-0.94	16.59	-48.65	3.74
0	18	44	-0.38	-0.03	-0.95	11.84	-48.71	8.61
0	18	45	-0.40	-0.03	-0.93	8.52	-46.21	6.86
0	18	46	-0.39	-0.04	-0.92	9.40	-41.08	7.80
0	18	47	-0.38	-0.04	-0.91	13.40	-37.15	4.49
0	18	48	-0.38	-0.05	-0.92	18.65	-34.21	4.42
0	18	49	-0.39	-0.08	-0.95	12.71	-28.40	9.67
SampleType: 1 / 2
NumSample: 20 / 30
Press return to start next sample
... Start Reading Sample ...
0	19	0	-0.59	-0.47	-1.15	-24.29	57.60	-4.58
0	19	1	-0.59	-0.55	-1.16	-35.73	83.67	-10.51
0	19	2	-0.55	-0.55	-1.10	-51.66	126.98	-24.51
0	19	3	-0.47	-0.47	-1.00	-64.73	164.73	-24.95
0	19	4	-0.36	-0.36	-0.93	-79.60	195.23	-18.14
0	19	5	-0.22	-0.19	-0.85	-92.91	219.85	-18.89
0	19	6	-0.10	0.00	-0.80	-88.54	227.04	-21.89
0	19	7	-0.05	0.15	-0.76	-80.60	223.54	-25.14
0	19	8	0.02	0.28	-0.73	-68.54	219.42	-31.51
0	19	9	0.07	0.46	-0.69	-58.73	208.23	-32.95
0	19	10	0.09	0.62	-0.66	-56.98	191.04	-17.64
0	19	11	0.19	0.77	-0.62	-53.60	172.17	-9.45
0	19	12	0.26	0.89	-0.60	-40.35	144.54	-9.45
0	19	13	0.29	0.99	-0.65	-20.91	106.04	-0.26
0	19	14	0.31	0.98	-0.72	-10.98	66.60	4.86
0	19	15	0.29	0.95	-0.76	-8.73	36.54	-0.20
0	19	16	0.27	0.90	-0.74	-7.98	5.85	-1.33
0	19	17	0.23	0.83	-0.74	1.90	-17.65	-5.20
0	19	18	0.16	0.76	-0.74	9.27	-38.83	-3.14
0	19	19	0.10	0.70	-0.74	17.21	-56.83	-0.83
0	19	20	0.04	0.66	-0.74	24.15	-71.33	0.36
0	19	21	-0.01	0.63	-0.77	30.02	-86.52	4.67
0	19	22	-0.02	0.60	-0.79	33.34	-95.27	0.74
0	19	23	-0.03	0.59	-0.76	37.96	-105.46	-2.01
0	19	24	-0.03	0.55	-0.74	42.02	-116.02	1.24
0	19	25	-0.05	0.52	-0.75	44.15	-127.33	8.17
0	19	26	-0.08	0.46	-0.78	47.96	-137.65	14.49
0	19	27	-0.13	0.39	-0.84	50.40	-144.90	19.24
0	19	28	-0.17	0.31	-0.89	56.09	-150.52	13.99
0	19	29	-0.24	0.20	-0.93	60.90	-154.40	5.55
0	19	30	-0.32	0.07	-0.97	54.96	-145.33	2.42
0	19	31	-0.36	0.02	-0.95	39.77	-129.71	2.24
0	19	32	-0.38	0.03	-0.91	29.77	-118.40	8.80
0	19	33	-0.38	0.01	-0.94	31.96	-113.52	14.99
0	19	34	-0.39	-0.04	-0.97	27.96	-94.46	-1.83
0	19	35	-0.42	-0.07	-0.96	26.96	-81.58	9.99
0	19	36	-0.39	-0.07	-0.95	24.34	-82.77	15.86
0	19	37	-0.37	-0.07	-0.95	13.40	-71.90	5.99
0	19	38	-0.38	-0.05	-0.92	13.65	-64.21	3.17
0	19	39	-0.40	-0.06	-0.97	20.09	-57.33	4.05
0	19	40	-0.39	-0.07	-0.98	17.77	-55.58	-3.33
0	19	41	-0.41	-0.07	-0.93	17.27	-52.65	-5.14
0	19	42	-0.42	-0.10	-0.91	15.34	-48.27	-2.01
0	19	43	-0.43	-0.11	-0.92	12.40	-41.58	5.11
0	19	44	-0.42	-0.11	-0.95	7.46	-28.21	10.24
0	19	45	-0.39	-0.08	-0.96	8.27	-23.02	9.11
0	19	46	-0.39	-0.09	-0.97	9.59	-20.08	5.17
0	19	47	-0.39	-0.09	-0.97	7.09	-16.65	3.80
0	19	48	-0.38	-0.08	-0.97	1.90	-10.71	7.05
0	19	49	-0.36	-0.07	-0.97	1.65	-8.27	6.11
SampleType: 1 / 2
NumSample: 21 / 30
Press return to start next sample
... Start Reading Sample ...
0	20	0	-0.57	-0.38	-1.08	-19.35	55.48	-6.83
0	20	1	-0.54	-0.38	-1.07	-26.60	79.60	-10.70
0	20	2	-0.55	-0.41	-1.09	-28.79	99.35	-16.20
0	20	3	-0.53	-0.43	-1.09	-36.66	127.85	-19.95
0	20	4	-0.49	-0.44	-1.08	-54.16	163.48	-24.76
0	20	5	-0.40	-0.31	-1.00	-75.16	198.10	-26.45
0	20	6	-0.27	-0.18	-0.96	-87.04	214.35	-22.83
0	20	7	-0.16	-0.06	-0.91	-104.29	228.17	-28.14
0	20	8	-0.04	0.18	-0.75	-106.85	227.17	-43.45
0	20	9	0.01	0.33	-0.66	-86.85	212.92	-47.51
0	20	10	0.06	0.46	-0.58	-71.29	195.48	-43.89
0	20	11	0.05	0.60	-0.53	-53.23	173.42	-31.20
0	20	12	0.05	0.71	-0.58	-39.54	158.35	-7.08
0	20	13	0.13	0.81	-0.60	-36.41	144.29	0.61
0	20	14	0.18	0.91	-0.65	-22.73	122.73	1.24
0	20	15	0.24	0.95	-0.71	-11.41	100.04	3.99
0	20	16	0.25	0.94	-0.75	-11.35	66.23	6.99
0	20	17	0.22	0.85	-0.81	-9.41	34.79	5.24
0	20	18	0.17	0.79	-0.81	-13.16	16.73	-3.26
0	20	19	0.14	0.75	-0.73	-9.10	-2.96	-8.20
0	20	20	0.12	0.75	-0.65	1.34	-16.58	-11.83
0	20	21	0.10	0.77	-0.61	18.34	-27.15	-9.76
0	20	22	0.12	0.81	-0.61	28.52	-46.15	0.61
0	20	23	0.13	0.82	-0.64	34.90	-64.96	8.99
0	20	24	0.12	0.81	-0.68	42.15	-87.96	13.92
0	20	25	0.10	0.75	-0.72	52.96	-109.33	12.86
0	20	26	0.06	0.66	-0.75	53.59	-129.65	12.17
0	20	27	0.03	0.59	-0.76	59.65	-146.21	11.74
0	20	28	-0.03	0.49	-0.80	69.40	-162.96	12.17
0	20	29	-0.14	0.34	-0.91	76.02	-176.90	12.24
0	20	30	-0.21	0.19	-0.97	73.84	-178.33	1.05
0	20	31	-0.28	0.09	-0.95	63.96	-167.58	-10.64
0	20	32	-0.33	0.05	-0.90	47.21	-151.02	-7.51
0	20	33	-0.38	0.05	-0.89	46.96	-134.77	-1.39
0	20	34	-0.42	-0.01	-0.90	43.02	-121.77	8.61
0	20	35	-0.43	-0.05	-0.93	33.02	-111.83	15.80
0	20	36	-0.43	-0.08	-0.97	27.84	-96.40	12.11
0	20	37	-0.43	-0.07	-0.97	12.09	-67.71	4.24
0	20	38	-0.43	0.01	-0.91	14.52	-60.27	21.30
0	20	39	-0.37	-0.02	-0.93	23.71	-71.65	14.67
0	20	40	-0.40	-0.05	-0.94	14.90	-61.33	6.74
0	20	41	-0.40	-0.04	-0.91	13.02	-52.90	1.74
0	20	42	-0.42	-0.03	-0.96	18.02	-50.15	6.05
0	20	43	-0.41	-0.07	-0.97	15.40	-45.21	-1.45
0	20	44	-0.44	-0.07	-0.94	19.27	-46.77	-5.14
0	20	45	-0.44	-0.11	-0.93	19.09	-38.02	-5.39
0	20	46	-0.44	-0.11	-0.92	8.96	-28.08	2.67
0	20	47	-0.42	-0.09	-0.95	2.96	-19.08	11.49
0	20	48	-0.40	-0.06	-0.97	6.90	-14.77	7.49
0	20	49	-0.38	-0.06	-0.97	6.02	-13.58	3.05
SampleType: 1 / 2
NumSample: 22 / 30
Press return to start next sample
... Start Reading Sample ...
0	21	0	-0.57	-0.36	-1.07	-20.91	61.10	-2.01
0	21	1	-0.57	-0.40	-1.07	-23.66	84.42	-10.01
0	21	2	-0.52	-0.38	-1.03	-39.79	115.79	-8.51
0	21	3	-0.46	-0.30	-0.99	-50.73	142.04	-6.01
0	21	4	-0.37	-0.21	-0.98	-57.66	166.73	-8.20
0	21	5	-0.29	-0.10	-0.96	-67.98	186.73	-10.70
0	21	6	-0.21	0.03	-0.90	-71.91	189.60	-14.20
0	21	7	-0.16	0.11	-0.87	-62.85	191.17	-28.83
0	21	8	-0.12	0.17	-0.82	-56.29	195.29	-39.89
0	21	9	-0.08	0.30	-0.74	-60.41	195.29	-36.95
0	21	10	-0.05	0.44	-0.69	-51.23	190.98	-31.14
0	21	11	0.01	0.56	-0.68	-42.16	183.35	-19.20
0	21	12	0.10	0.66	-0.68	-41.60	166.98	-2.26
0	21	13	0.19	0.78	-0.70	-36.85	142.35	1.36
0	21	14	0.21	0.87	-0.74	-28.23	117.98	3.42
0	21	15	0.27	0.91	-0.76	-16.98	87.04	3.30
0	21	16	0.27	0.88	-0.75	-9.16	46.79	-4.95
0	21	17	0.23	0.83	-0.75	-7.48	16.60	-2.70
0	21	18	0.19	0.78	-0.74	-4.48	-3.02	-2.01
0	21	19	0.16	0.76	-0.72	2.09	-21.83	-1.83
0	21	20	0.12	0.73	-0.71	9.52	-42.46	3.11
0	21	21	0.10	0.73	-0.72	19.46	-57.96	4.67
0	21	22	0.10	0.72	-0.72	29.09	-75.33	3.36
0	21	23	0.07	0.70	-0.73	35.90	-97.77	4.92
0	21	24	0.04	0.66	-0.75	39.52	-118.46	12.11
0	21	25	-0.01	0.58	-0.79	44.59	-138.90	17.42
0	21	26	-0.05	0.49	-0.83	44.84	-149.21	17.92
0	21	27	-0.11	0.41	-0.85	49.40	-161.46	11.42
0	21	28	-0.19	0.31	-0.88	61.02	-165.77	3.24
0	21	29	-0.25	0.19	-0.91	63.34	-159.33	-1.33
0	21	30	-0.30	0.12	-0.90	55.02	-144.90	-4.08
0	21	31	-0.36	0.07	-0.94	52.09	-135.58	-0.20
0	21	32	-0.40	-0.00	-0.98	41.21	-118.83	4.11
0	21	33	-0.41	-0.02	-0.97	24.59	-97.90	4.24
0	21	34	-0.40	0.02	-0.94	15.96	-82.46	2.99
0	21	35	-0.37	0.06	-0.92	20.46	-79.46	1.05
0	21	36	-0.37	0.04	-0.92	20.40	-67.27	-12.64
0	21	37	-0.41	0.05	-0.88	22.34	-56.96	11.92
0	21	38	-0.34	0.06	-0.90	27.59	-63.02	6.24
0	21	39	-0.38	0.03	-0.96	22.09	-51.90	1.17
0	21	40	-0.37	0.03	-0.96	11.34	-47.33	5.05
0	21	41	-0.36	0.06	-0.94	10.15	-46.90	6.17
0	21	42	-0.36	0.05	-0.93	13.02	-45.58	2.42
0	21	43	-0.35	0.04	-0.93	12.02	-46.02	4.30
0	21	44	-0.35	0.03	-0.95	9.09	-45.52	8.49
0	21	45	-0.34	0.02	-0.94	10.40	-44.77	5.67
0	21	46	-0.36	0.01	-0.95	16.02	-44.90	1.49
0	21	47	-0.37	-0.03	-0.96	20.71	-44.33	-5.45
0	21	48	-0.40	-0.08	-0.96	16.34	-40.52	-7.58
0	21	49	-0.41	-0.09	-0.94	7.71	-37.40	-2.14
SampleType: 1 / 2
NumSample: 23 / 30
Press return to start next sample
... Start Reading Sample ...
0	22	0	-0.48	-0.23	-0.99	-29.54	58.35	3.99
0	22	1	-0.50	-0.25	-1.01	-29.35	68.60	5.74
0	22	2	-0.52	-0.31	-1.05	-24.35	85.23	-1.33
0	22	3	-0.50	-0.32	-1.03	-32.04	109.23	-3.83
0	22	4	-0.44	-0.26	-0.99	-44.10	131.29	2.24
0	22	5	-0.36	-0.19	-0.95	-51.48	153.92	4.99
0	22	6	-0.25	-0.06	-0.92	-65.48	186.04	-13.39
0	22	7	-0.14	0.11	-0.86	-57.79	189.29	-19.20
0	22	8	-0.09	0.22	-0.81	-52.91	180.79	-21.95
0	22	9	-0.07	0.31	-0.82	-50.60	170.73	-21.14
0	22	10	-0.05	0.37	-0.80	-48.48	156.35	-24.83
0	22	11	-0.06	0.46	-0.77	-45.73	144.04	-26.01
0	22	12	-0.05	0.54	-0.80	-37.23	138.79	-25.20
0	22	13	-0.00	0.64	-0.81	-37.35	128.10	-29.76
0	22	14	-0.01	0.71	-0.80	-36.35	109.42	-27.33
0	22	15	0.02	0.71	-0.82	-35.91	89.92	-21.58
0	22	16	0.03	0.72	-0.84	-32.10	72.60	-33.20
0	22	17	0.03	0.69	-0.82	-29.85	59.60	-40.01
0	22	18	0.02	0.69	-0.75	-33.29	44.54	-38.70
0	22	19	-0.01	0.68	-0.70	-24.60	24.67	-31.89
0	22	20	-0.08	0.64	-0.70	-14.41	14.42	-24.26
0	22	21	-0.10	0.63	-0.73	-11.41	10.98	-17.58
0	22	22	-0.08	0.67	-0.70	-10.04	6.29	-13.70
0	22	23	-0.06	0.73	-0.65	-0.91	-8.77	-5.20
0	22	24	-0.04	0.76	-0.64	7.77	-25.40	5.49
0	22	25	-0.03	0.77	-0.67	16.65	-41.46	13.55
0	22	26	-0.02	0.76	-0.71	28.27	-61.90	13.17
0	22	27	-0.03	0.72	-0.74	40.09	-82.15	7.86
0	22	28	-0.07	0.63	-0.76	41.77	-98.40	4.49
0	22	29	-0.13	0.55	-0.79	39.34	-105.58	5.74
0	22	30	-0.16	0.48	-0.80	44.02	-113.65	5.67
0	22	31	-0.22	0.41	-0.83	51.09	-123.90	4.61
0	22	32	-0.30	0.31	-0.88	53.77	-126.90	4.86
0	22	33	-0.34	0.21	-0.92	38.71	-117.40	10.17
0	22	34	-0.39	0.18	-0.93	19.40	-106.40	17.92
0	22	35	-0.40	0.17	-0.89	20.02	-95.08	13.80
0	22	36	-0.41	0.16	-0.86	26.21	-91.71	10.30
0	22	37	-0.43	0.12	-0.90	32.46	-87.21	11.42
0	22	38	-0.43	0.10	-0.95	23.65	-75.58	9.67
0	22	39	-0.42	0.13	-0.93	7.52	-68.40	11.05
0	22	40	-0.40	0.15	-0.89	4.65	-61.40	3.36
0	22	41	-0.42	0.14	-0.86	12.90	-62.65	19.30
0	22	42	-0.38	0.13	-0.87	12.65	-65.15	22.67
0	22	43	-0.37	0.14	-0.89	9.77	-58.90	8.05
0	22	44	-0.39	0.15	-0.89	16.40	-55.77	7.17
0	22	45	-0.38	0.14	-0.89	15.96	-55.46	9.99
0	22	46	-0.38	0.13	-0.89	14.40	-56.77	14.55
0	22	47	-0.38	0.12	-0.90	15.02	-59.40	18.17
0	22	48	-0.38	0.08	-0.94	16.02	-57.58	16.36
0	22	49	-0.38	0.07	-0.94	16.84	-56.65	8.55
SampleType: 1 / 2
NumSample: 24 / 30
Press return to start next sample
... Start Reading Sample ...
0	23	0	-0.55	-0.30	-0.99	-18.98	67.79	-2.45
0	23	1	-0.54	-0.29	-1.00	-26.60	83.98	2.30
0	23	2	-0.53	-0.30	-1.03	-33.54	103.42	3.86
0	23	3	-0.49	-0.27	-1.02	-45.23	125.60	2.92
0	23	4	-0.42	-0.19	-1.00	-52.79	144.17	0.05
0	23	5	-0.33	-0.11	-0.99	-52.91	162.42	-9.39
0	23	6	-0.24	-0.00	-0.92	-59.41	173.48	-18.58
0	23	7	-0.16	0.11	-0.85	-61.54	170.67	-15.51
0	23	8	-0.09	0.21	-0.80	-58.91	168.35	-21.70
0	23	9	-0.06	0.34	-0.75	-51.98	158.23	-20.33
0	23	10	-0.06	0.44	-0.75	-42.16	144.29	-13.08
0	23	11	-0.04	0.52	-0.77	-38.04	134.35	-11.45
0	23	12	-0.00	0.61	-0.74	-42.29	123.29	-4.95
0	23	13	0.04	0.70	-0.69	-46.91	108.85	2.36
0	23	14	0.05	0.79	-0.70	-36.66	92.98	7.49
0	23	15	0.07	0.81	-0.78	-18.73	74.10	6.74
0	23	16	0.10	0.77	-0.85	-13.79	54.17	2.36
0	23	17	0.11	0.76	-0.84	-19.23	29.79	-1.08
0	23	18	0.08	0.73	-0.80	-10.23	8.73	-7.76
0	23	19	0.01	0.66	-0.78	-3.41	-7.52	-11.20
0	23	20	-0.03	0.63	-0.75	-1.16	-14.90	-8.45
0	23	21	-0.04	0.63	-0.72	6.65	-20.83	-6.01
0	23	22	-0.03	0.66	-0.72	14.77	-28.21	-1.83
0	23	23	-0.00	0.70	-0.75	23.21	-38.77	-0.20
0	23	24	0.01	0.71	-0.78	29.40	-56.96	-0.01
0	23	25	-0.01	0.67	-0.79	31.46	-74.90	1.61
0	23	26	-0.04	0.62	-0.79	35.65	-89.27	-0.51
0	23	27	-0.07	0.55	-0.80	42.09	-101.77	-5.33
0	23	28	-0.10	0.47	-0.81	40.09	-111.52	-4.70
0	23	29	-0.15	0.42	-0.81	34.02	-116.77	3.17
0	23	30	-0.19	0.38	-0.83	38.52	-121.21	6.49
0	23	31	-0.24	0.30	-0.88	46.71	-125.08	4.61
0	23	32	-0.29	0.19	-0.92	44.40	-124.58	2.67
0	23	33	-0.34	0.13	-0.91	37.46	-115.58	-0.08
0	23	34	-0.38	0.11	-0.90	35.71	-104.21	-2.01
0	23	35	-0.40	0.08	-0.93	31.65	-95.46	1.11
0	23	36	-0.41	0.07	-0.93	23.09	-92.83	6.30
0	23	37	-0.40	0.04	-0.94	19.90	-83.33	-3.70
0	23	38	-0.45	0.03	-0.91	16.09	-67.52	7.74
0	23	39	-0.38	0.03	-0.90	10.59	-68.21	28.05
0	23	40	-0.34	0.06	-0.92	7.59	-60.02	18.61
0	23	41	-0.34	0.07	-0.95	12.02	-55.90	12.99
0	23	42	-0.34	0.05	-0.98	12.65	-59.40	7.05
0	23	43	-0.37	0.02	-0.96	10.09	-58.02	4.61
0	23	44	-0.40	0.00	-0.95	9.65	-55.27	1.74
0	23	45	-0.42	-0.01	-0.96	7.84	-51.77	3.05
0	23	46	-0.41	-0.02	-0.93	8.02	-49.65	0.17
0	23	47	-0.43	-0.04	-0.91	13.34	-45.83	-4.83
0	23	48	-0.44	-0.07	-0.91	11.96	-38.71	-1.51
0	23	49	-0.43	-0.06	-0.91	3.46	-30.08	5.17
SampleType: 1 / 2
NumSample: 25 / 30
Press return to start next sample
... Start Reading Sample ...
0	24	0	-0.52	-0.22	-1.03	-16.16	45.54	-6.14
0	24	1	-0.51	-0.24	-1.02	-24.16	65.85	-8.14
0	24	2	-0.47	-0.21	-0.98	-36.35	83.67	-3.39
0	24	3	-0.43	-0.15	-0.97	-41.29	97.98	-0.08
0	24	4	-0.39	-0.12	-0.99	-38.91	108.79	-5.58
0	24	5	-0.38	-0.08	-0.98	-42.98	118.60	-9.76
0	24	6	-0.37	-0.06	-0.97	-50.91	128.92	-7.39
0	24	7	-0.31	0.02	-0.94	-57.48	139.04	-6.51
0	24	8	-0.24	0.14	-0.90	-60.85	141.85	-4.70
0	24	9	-0.21	0.21	-0.89	-46.41	132.04	-10.95
0	24	10	-0.19	0.21	-0.86	-29.10	122.85	-22.58
0	24	11	-0.18	0.24	-0.78	-30.10	121.48	-28.83
0	24	12	-0.21	0.33	-0.75	-29.85	122.60	-17.51
0	24	13	-0.14	0.44	-0.76	-24.29	124.54	-5.33
0	24	14	-0.01	0.59	-0.73	-15.91	114.10	-5.01
0	24	15	0.07	0.70	-0.70	-5.54	95.04	-2.70
0	24	16	0.10	0.81	-0.72	5.02	83.23	-0.89
0	24	17	0.17	0.85	-0.81	14.02	61.29	3.36
0	24	18	0.17	0.81	-0.85	7.90	32.85	-4.08
0	24	19	0.13	0.81	-0.83	-3.04	9.48	-1.51
0	24	20	0.13	0.79	-0.77	1.09	-13.21	-0.20
0	24	21	0.08	0.74	-0.73	19.65	-38.65	-5.58
0	24	22	0.01	0.67	-0.77	33.59	-53.08	-6.14
0	24	23	-0.02	0.60	-0.80	33.96	-67.02	-0.26
0	24	24	-0.07	0.56	-0.81	32.15	-78.58	3.30
0	24	25	-0.11	0.51	-0.81	33.77	-88.90	6.55
0	24	26	-0.13	0.45	-0.81	40.96	-97.90	9.92
0	24	27	-0.15	0.38	-0.81	47.09	-101.02	8.49
0	24	28	-0.17	0.32	-0.84	40.46	-97.58	12.80
0	24	29	-0.18	0.30	-0.85	35.84	-94.65	17.05
0	24	30	-0.20	0.26	-0.89	37.02	-96.96	18.11
0	24	31	-0.26	0.17	-0.96	42.84	-99.71	15.11
0	24	32	-0.29	0.05	-1.01	37.15	-94.21	12.05
0	24	33	-0.30	0.03	-0.98	19.21	-82.21	13.92
0	24	34	-0.29	0.09	-0.94	12.77	-70.65	18.86
0	24	35	-0.26	0.12	-0.94	14.77	-70.52	23.80
0	24	36	-0.26	0.12	-0.96	22.52	-78.77	25.55
0	24	37	-0.24	0.05	-0.98	28.34	-82.33	11.86
0	24	38	-0.32	0.00	-0.97	22.59	-65.08	18.99
0	24	39	-0.28	-0.01	-1.02	23.27	-64.52	17.55
0	24	40	-0.30	-0.06	-1.01	18.27	-57.83	3.24
0	24	41	-0.30	-0.04	-0.99	15.59	-60.71	2.49
0	24	42	-0.30	-0.05	-0.97	18.34	-49.83	2.74
0	24	43	-0.29	-0.06	-0.96	16.27	-42.27	1.36
0	24	44	-0.30	-0.04	-0.97	13.84	-40.40	9.42
0	24	45	-0.27	-0.04	-1.00	12.90	-39.33	4.11
0	24	46	-0.30	-0.03	-0.99	15.40	-39.33	-1.01
0	24	47	-0.31	-0.07	-0.99	13.65	-38.83	0.80
0	24	48	-0.32	-0.07	-0.99	7.27	-34.33	0.11
0	24	49	-0.31	-0.06	-0.98	9.96	-28.15	-1.08
SampleType: 1 / 2
NumSample: 26 / 30
Press return to start next sample
... Start Reading Sample ...
0	25	0	-0.41	-0.39	-1.08	-31.91	78.54	-1.45
0	25	1	-0.40	-0.39	-1.06	-36.23	97.42	-6.83
0	25	2	-0.35	-0.36	-1.02	-43.60	116.54	-10.01
0	25	3	-0.30	-0.29	-0.94	-49.41	131.23	-8.95
0	25	4	-0.25	-0.22	-0.92	-53.91	146.60	0.86
0	25	5	-0.15	-0.17	-0.88	-47.54	156.48	-10.58
0	25	6	-0.17	-0.15	-0.87	-44.10	165.10	-19.01
0	25	7	-0.13	-0.03	-0.89	-53.54	187.54	-1.14
0	25	8	0.02	0.16	-0.83	-62.23	200.48	-0.95
0	25	9	0.08	0.42	-0.78	-70.85	199.98	-0.45
0	25	10	0.24	0.73	-0.78	-80.79	192.85	10.30
0	25	11	0.38	0.93	-0.81	-54.60	139.92	9.36
0	25	12	0.34	0.89	-0.88	-25.54	86.48	-8.83
0	25	13	0.29	0.86	-0.80	-23.10	62.42	-22.64
0	25	14	0.26	0.89	-0.70	-27.54	31.73	-15.83
0	25	15	0.19	0.85	-0.69	-14.54	1.60	-5.89
0	25	16	0.14	0.77	-0.73	1.27	-20.02	-2.70
0	25	17	0.10	0.69	-0.75	9.40	-39.21	-6.26
0	25	18	0.03	0.60	-0.77	1.96	-50.65	-12.95
0	25	19	-0.03	0.56	-0.85	-3.85	-66.27	-10.76
0	25	20	-0.06	0.52	-0.91	26.96	-74.77	8.67
0	25	21	-0.03	0.44	-0.84	32.52	-79.27	8.49
0	25	22	-0.02	0.47	-0.83	31.15	-85.21	3.55
0	25	23	-0.02	0.48	-0.82	40.59	-92.71	3.49
0	25	24	-0.06	0.45	-0.88	48.02	-106.27	5.55
0	25	25	-0.09	0.37	-0.94	53.59	-119.02	7.42
0	25	26	-0.10	0.27	-0.94	50.02	-125.90	1.61
0	25	27	-0.14	0.22	-0.93	43.21	-128.46	-4.95
0	25	28	-0.21	0.15	-0.93	40.27	-129.83	-3.95
0	25	29	-0.26	0.06	-0.94	38.27	-127.15	-3.26
0	25	30	-0.31	-0.03	-0.99	30.96	-112.96	-2.33
0	25	31	-0.31	-0.02	-0.96	26.46	-100.83	1.05
0	25	32	-0.33	-0.01	-0.97	31.90	-94.02	8.55
0	25	33	-0.26	-0.05	-0.95	42.77	-85.15	6.11
0	25	34	-0.35	-0.08	-0.98	32.40	-66.96	5.92
0	25	35	-0.28	-0.06	-0.93	56.21	-68.71	21.74
0	25	36	-0.31	-0.15	-0.91	16.52	-58.52	2.30
0	25	37	-0.32	-0.09	-0.97	12.09	-53.40	6.36
0	25	38	-0.30	-0.09	-0.97	16.15	-45.15	2.05
0	25	39	-0.31	-0.10	-0.98	11.21	-43.58	3.05
0	25	40	-0.30	-0.10	-0.97	12.84	-41.96	4.17
0	25	41	-0.31	-0.11	-0.98	13.15	-39.40	0.11
0	25	42	-0.31	-0.12	-0.99	9.90	-35.21	4.55
0	25	43	-0.31	-0.12	-0.99	7.84	-28.83	4.11
0	25	44	-0.30	-0.11	-1.00	5.96	-25.02	2.80
0	25	45	-0.30	-0.11	-0.98	5.77	-20.46	1.42
0	25	46	-0.29	-0.10	-0.98	7.34	-15.33	-2.01
0	25	47	-0.29	-0.11	-0.97	6.59	-12.40	-5.20
0	25	48	-0.29	-0.11	-0.97	1.59	-10.46	1.42
0	25	49	-0.28	-0.11	-0.98	0.09	-5.83	3.36
SampleType: 1 / 2
NumSample: 27 / 30
Press return to start next sample
... Start Reading Sample ...
0	26	0	-0.46	-0.45	-1.09	-31.54	74.04	-4.89
0	26	1	-0.46	-0.48	-1.09	-43.60	96.98	-0.70
0	26	2	-0.40	-0.44	-1.07	-52.29	123.67	0.42
0	26	3	-0.33	-0.37	-1.07	-55.29	145.23	-8.01
0	26	4	-0.27	-0.33	-1.04	-57.98	159.67	-18.76
0	26	5	-0.22	-0.26	-1.01	-61.48	177.48	-25.70
0	26	6	-0.09	-0.16	-0.89	-56.04	188.10	-33.39
0	26	7	-0.07	-0.01	-0.68	-37.48	194.29	-30.76
0	26	8	-0.05	0.10	-0.71	-49.29	200.98	-12.89
0	26	9	0.10	0.28	-0.74	-37.91	204.92	1.17
0	26	10	0.22	0.66	-0.70	-33.60	201.48	-10.58
0	26	11	0.29	0.92	-0.81	-31.04	165.10	4.17
0	26	12	0.39	0.96	-0.84	-40.23	109.98	16.42
0	26	13	0.35	0.97	-0.77	-23.29	54.54	-10.83
0	26	14	0.21	0.92	-0.75	-15.48	35.10	-6.70
0	26	15	0.21	0.86	-0.74	-13.85	13.92	1.92
0	26	16	0.16	0.79	-0.76	-9.66	-10.96	1.49
0	26	17	0.10	0.71	-0.80	7.15	-33.40	-6.70
0	26	18	0.02	0.59	-0.83	10.65	-47.71	-11.39
0	26	19	-0.04	0.52	-0.86	18.59	-65.15	-6.14
0	26	20	-0.11	0.43	-0.88	33.77	-71.08	0.11
0	26	21	-0.16	0.29	-0.94	27.46	-72.71	2.42
0	26	22	-0.14	0.31	-0.91	24.52	-74.65	8.05
0	26	23	-0.13	0.36	-0.88	27.90	-65.52	2.30
0	26	24	-0.09	0.41	-0.87	34.71	-68.65	5.99
0	26	25	-0.09	0.38	-0.89	33.15	-79.21	7.49
0	26	26	-0.11	0.35	-0.91	28.52	-88.65	11.99
0	26	27	-0.12	0.32	-0.91	30.84	-94.90	8.30
0	26	28	-0.15	0.27	-0.92	23.59	-100.77	3.05
0	26	29	-0.18	0.23	-0.95	8.77	-107.90	-2.33
0	26	30	-0.22	0.19	-0.98	11.77	-112.83	-1.01
0	26	31	-0.23	0.12	-0.98	21.40	-111.77	4.86
0	26	32	-0.25	0.08	-0.94	19.34	-103.77	9.61
0	26	33	-0.28	0.08	-0.98	23.71	-99.83	11.17
0	26	34	-0.24	0.02	-0.95	21.21	-89.46	1.61
0	26	35	-0.28	0.06	-0.99	28.27	-75.40	12.05
0	26	36	-0.24	0.01	-0.94	32.21	-77.71	11.74
0	26	37	-0.28	-0.01	-0.97	7.21	-70.27	11.92
0	26	38	-0.25	0.01	-0.95	6.77	-69.96	7.86
0	26	39	-0.27	0.00	-0.95	6.15	-71.15	7.11
0	26	40	-0.28	-0.02	-0.95	18.09	-67.58	2.67
0	26	41	-0.28	-0.04	-0.94	20.77	-59.65	6.99
0	26	42	-0.29	-0.03	-0.95	22.46	-54.77	8.05
0	26	43	-0.27	-0.04	-0.97	23.84	-52.08	5.24
0	26	44	-0.29	-0.08	-0.99	19.27	-49.46	7.61
0	26	45	-0.28	-0.09	-1.00	12.40	-49.46	6.17
0	26	46	-0.30	-0.10	-0.99	13.65	-44.65	0.86
0	26	47	-0.30	-0.11	-0.98	16.34	-38.58	-1.45
0	26	48	-0.30	-0.13	-0.97	13.71	-33.90	-0.20
0	26	49	-0.29	-0.13	-0.97	10.09	-28.40	4.80
SampleType: 1 / 2
NumSample: 28 / 30
Press return to start next sample
... Start Reading Sample ...
0	27	0	-0.44	-0.48	-1.07	-14.04	57.73	-6.64
0	27	1	-0.49	-0.58	-1.11	-19.10	79.98	-5.70
0	27	2	-0.44	-0.64	-1.12	-30.60	119.42	-0.58
0	27	3	-0.31	-0.48	-1.00	-43.79	157.23	1.55
0	27	4	-0.22	-0.34	-0.91	-33.79	171.04	5.49
0	27	5	-0.10	-0.23	-0.89	-57.79	199.79	-3.64
0	27	6	0.03	-0.08	-0.84	-54.91	204.10	-14.58
0	27	7	0.01	0.05	-0.82	-55.85	199.54	-14.08
0	27	8	0.10	0.23	-0.82	-56.60	200.42	-11.76
0	27	9	0.13	0.48	-0.76	-42.23	192.10	-16.08
0	27	10	0.18	0.76	-0.77	-50.29	182.54	2.67
0	27	11	0.34	0.94	-0.78	-48.85	154.92	12.80
0	27	12	0.31	1.04	-0.84	-22.91	81.10	0.05
0	27	13	0.24	0.95	-0.86	-15.85	42.67	-4.76
0	27	14	0.21	0.87	-0.84	-20.35	12.98	-3.83
0	27	15	0.12	0.74	-0.80	-6.41	-22.83	-10.70
0	27	16	0.00	0.60	-0.83	6.40	-40.71	-10.26
0	27	17	-0.05	0.47	-0.85	10.15	-50.02	-8.64
0	27	18	-0.08	0.41	-0.84	12.77	-55.27	-7.76
0	27	19	-0.11	0.38	-0.84	21.40	-57.83	-2.95
0	27	20	-0.11	0.38	-0.85	24.34	-61.96	5.99
0	27	21	-0.10	0.39	-0.86	31.21	-64.77	6.92
0	27	22	-0.09	0.36	-0.89	33.09	-68.46	7.17
0	27	23	-0.06	0.37	-0.91	26.77	-73.71	10.86
0	27	24	-0.05	0.40	-0.92	28.02	-82.21	10.36
0	27	25	-0.05	0.40	-0.95	40.02	-93.52	3.36
0	27	26	-0.05	0.33	-0.96	44.40	-105.58	-6.70
0	27	27	-0.08	0.27	-0.94	34.40	-115.71	-6.70
0	27	28	-0.14	0.22	-0.93	28.52	-124.15	-3.95
0	27	29	-0.18	0.14	-0.93	17.15	-131.46	-1.76
0	27	30	-0.22	0.06	-0.96	15.02	-132.40	-2.95
0	27	31	-0.26	-0.01	-0.97	20.15	-126.65	1.80
0	27	32	-0.28	-0.01	-0.99	22.40	-134.15	3.42
0	27	33	-0.27	-0.10	-0.96	38.90	-91.77	-2.01
0	27	34	-0.31	-0.13	-0.93	63.77	-110.58	21.11
0	27	35	-0.27	-0.23	-0.85	33.34	-92.02	4.55
0	27	36	-0.36	-0.24	-0.95	18.84	-75.21	10.99
0	27	37	-0.28	-0.21	-1.01	23.96	-70.77	14.30
0	27	38	-0.28	-0.23	-0.99	21.34	-60.77	0.17
0	27	39	-0.31	-0.24	-0.95	17.90	-59.40	-2.76
0	27	40	-0.33	-0.24	-0.94	19.84	-48.71	-2.58
0	27	41	-0.34	-0.27	-0.95	16.40	-38.15	6.11
0	27	42	-0.32	-0.24	-0.98	11.27	-29.15	12.05
0	27	43	-0.29	-0.20	-1.01	14.90	-21.40	7.80
0	27	44	-0.28	-0.20	-1.02	13.90	-16.21	3.24
0	27	45	-0.27	-0.19	-1.01	6.84	-11.90	3.67
0	27	46	-0.26	-0.17	-1.01	1.52	-7.46	5.42
0	27	47	-0.24	-0.16	-1.01	1.96	-2.46	-0.33
0	27	48	-0.24	-0.15	-1.00	0.71	-1.40	-2.95
0	27	49	-0.24	-0.15	-0.98	-3.79	-1.40	-0.58
SampleType: 1 / 2
NumSample: 29 / 30
Press return to start next sample
... Start Reading Sample ...
0	28	0	-0.37	-0.39	-1.06	-12.16	35.79	-5.39
0	28	1	-0.42	-0.51	-1.08	-14.29	49.79	-10.76
0	28	2	-0.44	-0.58	-1.07	-17.60	71.35	-12.95
0	28	3	-0.41	-0.58	-1.05	-33.04	101.73	-10.51
0	28	4	-0.31	-0.46	-0.96	-48.91	131.42	-3.70
0	28	5	-0.26	-0.36	-0.96	-45.48	144.10	-0.58
0	28	6	-0.19	-0.31	-0.98	-42.29	158.79	-4.58
0	28	7	-0.12	-0.23	-0.92	-44.66	170.35	-13.95
0	28	8	-0.05	-0.08	-0.81	-50.48	181.10	-17.08
0	28	9	-0.07	0.03	-0.76	-42.10	178.67	-22.83
0	28	10	-0.10	0.12	-0.83	-49.66	186.67	-0.51
0	28	11	0.04	0.35	-0.78	-55.85	192.42	7.92
0	28	12	0.11	0.62	-0.76	-65.16	181.54	8.61
0	28	13	0.23	0.80	-0.81	-63.35	156.42	4.61
0	28	14	0.28	0.91	-0.90	-30.29	120.29	9.30
0	28	15	0.27	0.91	-0.84	-17.35	74.60	0.42
0	28	16	0.19	0.89	-0.84	-23.98	40.60	-9.51
0	28	17	0.12	0.82	-0.82	-9.66	12.67	-6.83
0	28	18	0.07	0.68	-0.82	8.65	-12.40	-9.33
0	28	19	-0.02	0.56	-0.85	6.34	-23.83	-9.58
0	28	20	-0.05	0.48	-0.87	0.59	-33.27	-4.20
0	28	21	-0.09	0.45	-0.86	17.34	-40.02	-1.45
0	28	22	-0.11	0.43	-0.87	30.96	-46.15	-1.14
0	28	23	-0.08	0.42	-0.87	37.59	-48.02	1.61
0	28	24	-0.07	0.43	-0.88	35.84	-59.65	-1.14
0	28	25	-0.05	0.44	-0.87	37.15	-69.08	-0.39
0	28	26	-0.05	0.44	-0.89	41.40	-79.65	4.92
0	28	27	-0.02	0.42	-0.92	47.27	-87.96	3.80
0	28	28	-0.02	0.37	-0.92	45.40	-97.65	0.86
0	28	29	-0.06	0.33	-0.92	37.15	-109.77	4.17
0	28	30	-0.09	0.25	-0.95	35.34	-118.40	2.42
0	28	31	-0.14	0.16	-0.99	28.90	-123.46	1.42
0	28	32	-0.15	0.08	-0.97	20.65	-124.33	-2.58
0	28	33	-0.23	0.05	-0.96	15.09	-120.71	-1.95
0	28	34	-0.25	0.01	-0.97	19.52	-117.71	3.42
0	28	35	-0.27	-0.05	-0.98	29.77	-115.40	3.30
0	28	36	-0.25	-0.14	-0.96	36.77	-118.21	-4.58
0	28	37	-0.32	-0.16	-0.93	35.15	-78.71	0.05
0	28	38	-0.30	-0.16	-0.94	44.96	-91.15	19.49
0	28	39	-0.27	-0.24	-0.96	25.71	-71.83	-0.58
0	28	40	-0.29	-0.26	-0.94	22.59	-67.83	-1.39
0	28	41	-0.28	-0.26	-0.92	11.71	-66.33	-6.33
0	28	42	-0.31	-0.24	-0.90	8.71	-56.65	1.55
0	28	43	-0.29	-0.22	-0.90	11.96	-48.90	3.61
0	28	44	-0.29	-0.19	-0.91	19.77	-45.46	4.92
0	28	45	-0.29	-0.19	-0.95	25.02	-37.96	7.74
0	28	46	-0.29	-0.21	-1.01	19.21	-34.15	10.67
0	28	47	-0.28	-0.20	-1.03	13.77	-29.46	12.24
0	28	48	-0.27	-0.20	-1.05	12.27	-24.08	6.42
0	28	49	-0.31	-0.23	-1.12	3.90	-19.02	10.17
SampleType: 1 / 2
NumSample: 30 / 30
Press return to start next sample
... Start Reading Sample ...
0	29	0	-0.46	-0.64	-1.11	-27.10	45.54	5.36
0	29	1	-0.43	-0.69	-1.10	-33.79	71.10	-8.58
0	29	2	-0.36	-0.60	-0.96	-35.35	101.04	-17.33
0	29	3	-0.33	-0.46	-0.86	-20.16	115.29	-7.70
0	29	4	-0.25	-0.48	-0.91	-31.41	134.29	21.17
0	29	5	-0.18	-0.41	-1.01	-65.10	153.42	28.61
0	29	6	-0.08	-0.25	-1.03	-96.66	163.23	24.92
0	29	7	0.03	-0.06	-0.95	-80.60	173.60	-7.83
0	29	8	0.02	0.01	-0.80	-50.98	169.54	-34.14
0	29	9	0.01	0.10	-0.76	-52.35	171.92	-22.51
0	29	10	0.09	0.32	-0.74	-75.16	169.54	-3.45
0	29	11	0.15	0.60	-0.76	-58.41	162.10	-12.45
0	29	12	0.17	0.76	-0.79	-58.73	145.67	6.67
0	29	13	0.26	0.92	-0.86	-29.35	117.10	10.36
0	29	14	0.22	0.89	-0.86	-4.04	78.92	-13.64
0	29	15	0.15	0.88	-0.86	-25.98	53.79	-10.70
0	29	16	0.13	0.86	-0.83	-29.04	28.17	1.61
0	29	17	0.09	0.76	-0.84	-15.79	5.79	-5.14
0	29	18	0.06	0.68	-0.84	5.52	-16.90	-10.76
0	29	19	-0.01	0.58	-0.82	29.21	-31.83	-22.01
0	29	20	-0.06	0.47	-0.85	33.90	-39.02	-14.58
0	29	21	-0.07	0.44	-0.84	32.59	-52.90	-3.14
0	29	22	-0.04	0.44	-0.85	38.09	-56.65	1.55
0	29	23	0.01	0.50	-0.85	50.52	-59.21	-5.08
0	29	24	0.03	0.49	-0.87	50.46	-74.33	-4.89
0	29	25	0.01	0.46	-0.92	35.71	-93.71	6.92
0	29	26	-0.03	0.40	-0.99	32.90	-107.52	12.36
0	29	27	-0.05	0.30	-1.02	29.46	-112.02	4.74
0	29	28	-0.07	0.24	-1.02	15.52	-113.02	-2.33
0	29	29	-0.10	0.21	-0.92	2.65	-114.58	-8.58
0	29	30	-0.17	0.19	-0.88	12.40	-123.40	-10.76
0	29	31	-0.23	0.08	-0.90	31.40	-128.77	-9.58
0	29	32	-0.26	-0.04	-0.90	25.84	-118.58	-4.64
0	29	33	-0.29	-0.06	-0.87	18.27	-110.65	0.49
0	29	34	-0.34	-0.08	-0.97	21.96	-107.33	18.67
0	29	35	-0.26	-0.15	-1.03	26.52	-105.58	19.80
0	29	36	-0.30	-0.22	-1.04	46.40	-55.33	11.55
0	29	37	-0.27	-0.17	-0.90	93.84	-78.77	30.30
0	29	38	-0.25	-0.28	-0.77	38.90	-54.08	7.24
0	29	39	-0.31	-0.22	-0.89	13.96	-47.77	9.17
0	29	40	-0.25	-0.19	-0.93	23.84	-51.02	15.49
0	29	41	-0.26	-0.20	-0.98	24.21	-49.02	10.92
0	29	42	-0.26	-0.21	-1.00	26.52	-32.46	9.86
0	29	43	-0.26	-0.21	-1.02	22.84	-44.40	5.24
0	29	44	-0.26	-0.21	-1.03	22.02	-39.77	2.17
0	29	45	-0.26	-0.24	-1.03	21.46	-33.02	-1.26
0	29	46	-0.25	-0.24	-1.03	15.21	-28.96	1.74
0	29	47	-0.24	-0.23	-1.03	10.84	-22.77	-0.01
0	29	48	-0.26	-0.25	-1.07	2.84	-16.71	3.67
0	29	49	-0.20	-0.27	-1.05	-2.48	-10.83	-2.51
------------------------------------------
SampleType: 2 / 2
NumSample: 1 / 30
Press return to start next sample
... Start Reading Sample ...
1	0	0	-0.29	-0.01	-1.12	21.84	9.04	-19.33
1	0	1	-0.26	0.02	-1.23	14.15	19.98	-29.83
1	0	2	-0.26	0.10	-1.30	-3.91	18.17	-42.45
1	0	3	-0.27	0.10	-1.37	7.21	7.67	-78.39
1	0	4	-0.27	0.06	-1.41	33.09	2.98	-117.95
1	0	5	-0.34	0.03	-1.45	59.52	14.67	-152.39
1	0	6	-0.33	0.00	-1.63	28.46	48.54	-166.83
1	0	7	-0.29	0.20	-1.67	-6.04	49.67	-225.83
1	0	8	-0.35	0.25	-1.35	0.27	9.48	-272.83
1	0	9	-0.40	0.11	-1.16	6.52	-14.46	-307.33
1	0	10	-0.40	0.10	-1.05	25.65	-31.08	-358.83
1	0	11	-0.44	-0.01	-0.70	28.27	-52.15	-399.39
1	0	12	-0.66	-0.06	-0.47	-51.73	-49.77	-357.89
1	0	13	-0.56	-0.13	-0.32	-96.66	-19.46	-352.70
1	0	14	-0.46	0.00	0.24	-70.04	-41.02	-338.58
1	0	15	-0.59	-0.01	0.56	2.02	-55.02	-311.83
1	0	16	-0.54	-0.12	0.65	24.77	-42.08	-243.08
1	0	17	-0.55	-0.26	0.64	5.96	-25.46	-176.39
1	0	18	-0.53	-0.33	0.65	-33.23	0.67	-116.58
1	0	19	-0.54	-0.25	0.67	-24.04	6.23	-101.26
1	0	20	-0.58	-0.26	0.65	-12.16	12.67	-114.76
1	0	21	-0.60	-0.24	0.64	-6.98	23.60	-95.01
1	0	22	-0.58	-0.22	0.62	5.46	23.04	-83.26
1	0	23	-0.60	-0.19	0.71	-9.98	19.17	-34.14
1	0	24	-0.61	-0.20	0.70	1.34	5.35	6.61
1	0	25	-0.68	-0.28	0.58	2.84	4.85	36.42
1	0	26	-0.77	-0.16	0.53	-22.35	25.79	25.92
1	0	27	-0.87	-0.09	0.60	-8.29	58.98	144.99
1	0	28	-0.71	-0.04	0.28	1.34	76.98	139.49
1	0	29	-0.75	-0.03	0.47	39.71	67.04	116.61
1	0	30	-0.68	-0.05	0.32	65.90	59.60	119.67
1	0	31	-0.70	0.01	0.43	61.21	34.67	158.42
1	0	32	-0.66	-0.07	0.26	66.77	19.17	200.17
1	0	33	-0.73	-0.15	0.18	58.52	31.23	216.24
1	0	34	-0.67	0.00	0.02	66.77	40.67	238.74
1	0	35	-0.64	-0.03	-0.10	79.27	30.92	257.67
1	0	36	-0.66	-0.01	-0.42	71.27	47.42	299.86
1	0	37	-0.59	0.11	-0.71	52.71	62.42	264.36
1	0	38	-0.59	0.27	-0.56	87.40	46.85	264.49
1	0	39	-0.48	0.21	-0.83	144.59	0.92	293.67
1	0	40	-0.48	0.13	-1.16	126.84	-31.65	280.61
1	0	41	-0.55	0.01	-1.43	62.84	-20.40	226.74
1	0	42	-0.53	0.08	-1.25	4.02	9.79	169.17
1	0	43	-0.48	0.22	-1.11	49.09	-9.33	129.17
1	0	44	-0.52	0.15	-1.22	97.09	-34.21	105.61
1	0	45	-0.50	0.01	-1.37	61.15	-26.15	91.05
1	0	46	-0.49	0.02	-1.27	39.40	-23.21	54.86
1	0	47	-0.47	-0.06	-1.14	41.71	-24.65	31.74
1	0	48	-0.41	-0.08	-1.04	31.15	-29.52	23.99
1	0	49	-0.43	-0.07	-0.98	17.46	-40.77	26.17
SampleType: 2 / 2
NumSample: 2 / 30
Press return to start next sample
... Start Reading Sample ...
1	1	0	-0.50	-0.13	-1.47	0.71	18.98	-73.70
1	1	1	-0.51	-0.15	-1.41	5.27	16.48	-112.89
1	1	2	-0.50	-0.18	-1.48	22.96	18.29	-144.83
1	1	3	-0.56	-0.23	-1.67	43.09	32.60	-198.76
1	1	4	-0.57	-0.24	-1.71	23.46	66.23	-231.08
1	1	5	-0.58	-0.20	-1.71	-6.79	89.67	-261.20
1	1	6	-0.53	-0.08	-1.43	-14.16	89.42	-319.58
1	1	7	-0.48	-0.09	-1.03	-30.04	76.42	-333.39
1	1	8	-0.49	-0.10	-0.82	-29.73	77.54	-334.01
1	1	9	-0.39	0.08	-0.60	-1.16	64.17	-371.70
1	1	10	-0.36	0.13	-0.19	3.21	44.48	-367.83
1	1	11	-0.34	0.14	0.24	6.02	38.10	-339.01
1	1	12	-0.32	0.12	0.56	-6.91	36.04	-292.64
1	1	13	-0.27	0.11	0.74	-28.29	34.48	-229.45
1	1	14	-0.24	0.12	0.89	-13.04	24.04	-198.95
1	1	15	-0.24	0.10	1.04	-4.54	13.60	-161.51
1	1	16	-0.28	0.11	1.14	-16.35	8.98	-102.64
1	1	17	-0.32	0.11	1.08	-25.23	6.73	-42.51
1	1	18	-0.38	0.12	1.04	-24.04	-1.15	-2.83
1	1	19	-0.45	0.11	0.97	-7.35	-12.15	26.74
1	1	20	-0.51	0.09	0.86	9.77	-25.58	50.55
1	1	21	-0.60	0.05	0.76	13.59	-27.52	76.30
1	1	22	-0.65	0.01	0.65	7.65	-21.90	104.67
1	1	23	-0.66	0.01	0.57	-5.35	-19.65	120.30
1	1	24	-0.66	-0.02	0.58	-18.35	-7.40	146.49
1	1	25	-0.60	0.03	0.56	0.65	-9.58	159.86
1	1	26	-0.61	0.03	0.41	31.52	-21.71	165.17
1	1	27	-0.66	-0.01	0.18	17.71	-19.83	190.67
1	1	28	-0.66	-0.01	0.03	-8.54	-10.46	202.86
1	1	29	-0.65	-0.01	0.03	-30.48	-6.83	216.49
1	1	30	-0.65	-0.07	-0.02	-36.54	-4.15	254.42
1	1	31	-0.67	-0.08	-0.34	-16.35	14.79	301.24
1	1	32	-0.60	0.05	-0.81	25.27	37.17	279.55
1	1	33	-0.61	0.15	-1.05	35.71	36.79	232.67
1	1	34	-0.60	0.22	-1.10	16.27	13.17	192.17
1	1	35	-0.63	0.14	-0.97	-9.35	-21.83	178.61
1	1	36	-0.77	0.06	-0.90	-12.54	-35.27	200.17
1	1	37	-0.77	0.04	-1.03	-8.04	-4.33	262.55
1	1	38	-0.56	0.08	-1.36	6.21	30.48	221.42
1	1	39	-0.52	0.21	-1.31	-5.41	10.79	136.49
1	1	40	-0.52	0.24	-1.15	3.34	-21.52	92.36
1	1	41	-0.56	0.12	-1.07	17.96	-28.15	65.05
1	1	42	-0.52	0.03	-1.06	-1.60	-7.21	77.36
1	1	43	-0.42	0.13	-1.05	-14.54	-11.27	77.80
1	1	44	-0.42	0.20	-1.04	9.65	-26.27	57.67
1	1	45	-0.45	0.10	-1.09	37.52	-42.27	29.86
1	1	46	-0.50	-0.05	-1.09	30.15	-46.40	14.80
1	1	47	-0.50	-0.12	-1.02	15.84	-35.21	14.55
1	1	48	-0.47	-0.12	-0.96	16.90	-22.83	13.99
1	1	49	-0.43	-0.09	-0.97	18.65	-17.71	8.49
SampleType: 2 / 2
NumSample: 3 / 30
Press return to start next sample
... Start Reading Sample ...
1	2	0	-0.56	-0.19	-1.36	-47.98	36.10	-89.26
1	2	1	-0.56	-0.14	-1.37	-69.35	39.60	-98.95
1	2	2	-0.58	-0.08	-1.51	-32.48	38.10	-145.95
1	2	3	-0.55	-0.00	-1.58	2.27	29.35	-217.64
1	2	4	-0.53	-0.03	-1.51	-6.16	21.29	-280.01
1	2	5	-0.53	-0.05	-1.32	-51.29	27.04	-302.95
1	2	6	-0.49	0.04	-1.10	-84.66	36.42	-319.08
1	2	7	-0.41	0.08	-0.79	-99.48	25.10	-334.14
1	2	8	-0.48	0.11	-0.62	-63.91	4.42	-344.76
1	2	9	-0.56	0.03	-0.41	-30.85	9.60	-359.39
1	2	10	-0.59	-0.07	-0.11	-72.16	20.67	-313.26
1	2	11	-0.53	0.01	0.20	-74.79	11.48	-288.08
1	2	12	-0.44	0.12	0.54	-45.98	-3.02	-269.26
1	2	13	-0.39	0.04	0.68	-37.41	-8.15	-222.89
1	2	14	-0.41	0.00	0.76	-39.54	-2.77	-185.45
1	2	15	-0.40	-0.02	0.91	-72.29	6.10	-132.45
1	2	16	-0.39	0.04	1.08	-47.73	-0.83	-95.33
1	2	17	-0.42	0.02	1.02	-19.16	-10.71	-63.64
1	2	18	-0.43	-0.00	0.96	-15.16	-19.21	-32.64
1	2	19	-0.47	-0.01	0.95	-10.48	-25.96	-0.01
1	2	20	-0.54	-0.09	0.86	-13.23	-15.71	40.24
1	2	21	-0.54	-0.06	0.74	-6.29	-0.96	68.99
1	2	22	-0.53	0.02	0.63	2.46	-15.83	83.99
1	2	23	-0.61	-0.06	0.67	6.21	-24.15	120.86
1	2	24	-0.64	-0.16	0.69	13.34	-14.58	166.17
1	2	25	-0.65	-0.19	0.51	23.34	10.04	198.24
1	2	26	-0.64	-0.13	0.37	36.02	29.85	209.92
1	2	27	-0.65	-0.01	0.17	69.96	19.92	219.17
1	2	28	-0.72	0.10	-0.09	88.27	-7.96	234.36
1	2	29	-0.86	0.08	-0.47	110.52	-42.71	213.36
1	2	30	-0.95	-0.09	-0.50	60.21	-59.58	186.99
1	2	31	-1.04	-0.15	-0.35	-2.04	-16.21	208.49
1	2	32	-0.89	-0.02	-0.29	-30.91	41.98	239.49
1	2	33	-0.66	0.20	-0.26	-24.60	66.98	264.30
1	2	34	-0.52	0.30	-0.37	16.96	44.79	278.99
1	2	35	-0.50	0.14	-0.64	67.02	7.48	268.80
1	2	36	-0.58	-0.09	-1.06	84.21	3.79	242.30
1	2	37	-0.67	-0.07	-1.37	58.27	36.79	183.42
1	2	38	-0.57	0.19	-1.29	13.15	28.29	141.17
1	2	39	-0.55	0.22	-1.15	2.84	-16.27	98.92
1	2	40	-0.57	0.07	-1.04	8.15	-51.33	72.86
1	2	41	-0.61	-0.05	-0.97	22.21	-54.90	58.61
1	2	42	-0.58	-0.10	-0.95	30.90	-39.27	52.61
1	2	43	-0.56	-0.09	-0.96	30.21	-23.65	54.30
1	2	44	-0.52	-0.08	-0.97	8.71	-24.27	55.05
1	2	45	-0.49	-0.07	-0.89	2.77	-32.71	54.49
1	2	46	-0.51	-0.12	-0.90	10.21	-34.77	57.55
1	2	47	-0.52	-0.16	-0.98	16.46	-21.08	50.61
1	2	48	-0.45	-0.11	-0.97	20.09	-15.15	44.11
1	2	49	-0.50	-0.11	-1.06	27.90	-19.02	35.92
SampleType: 2 / 2
NumSample: 4 / 30
Press return to start next sample
... Start Reading Sample ...
1	3	0	-0.58	-0.10	-1.31	-22.16	26.17	-196.01
1	3	1	-0.63	-0.15	-1.34	-58.85	38.98	-215.95
1	3	2	-0.66	-0.06	-1.32	-52.35	57.23	-261.70
1	3	3	-0.65	0.07	-1.23	12.27	49.48	-331.08
1	3	4	-0.64	0.14	-1.14	36.21	22.79	-380.58
1	3	5	-0.61	-0.05	-1.00	-46.98	4.42	-367.70
1	3	6	-0.53	-0.04	-0.65	-122.35	-13.27	-349.20
1	3	7	-0.43	-0.05	-0.18	-110.04	-36.21	-333.39
1	3	8	-0.40	-0.18	0.05	-130.16	-39.90	-286.26
1	3	9	-0.39	-0.17	0.32	-139.54	-30.46	-254.64
1	3	10	-0.45	-0.15	0.67	-132.60	-16.21	-206.95
1	3	11	-0.42	-0.08	0.85	-85.29	1.73	-169.95
1	3	12	-0.44	-0.06	0.95	-48.29	1.67	-131.64
1	3	13	-0.46	-0.11	0.92	-24.66	4.17	-92.08
1	3	14	-0.48	-0.09	0.91	-20.79	-3.71	-63.95
1	3	15	-0.54	-0.14	0.91	-23.35	-8.71	-34.70
1	3	16	-0.60	-0.17	0.94	-8.73	-2.65	3.86
1	3	17	-0.61	-0.18	0.80	7.96	7.85	30.92
1	3	18	-0.62	-0.14	0.62	14.46	16.17	51.74
1	3	19	-0.63	-0.12	0.48	7.15	-1.40	63.92
1	3	20	-0.74	-0.23	0.52	4.46	-9.58	88.67
1	3	21	-0.82	-0.30	0.56	10.84	-0.15	118.61
1	3	22	-0.85	-0.28	0.52	24.96	21.60	148.67
1	3	23	-0.82	-0.17	0.31	30.21	46.67	166.24
1	3	24	-0.81	0.03	0.16	45.84	50.23	162.67
1	3	25	-0.81	0.09	0.11	44.71	38.23	173.67
1	3	26	-0.85	0.07	0.06	42.84	18.73	183.61
1	3	27	-0.93	-0.01	0.00	47.71	15.10	202.92
1	3	28	-0.93	-0.04	-0.16	58.46	46.98	207.80
1	3	29	-0.85	0.05	-0.22	50.84	81.79	223.24
1	3	30	-0.68	0.14	-0.24	29.02	109.35	255.17
1	3	31	-0.51	0.29	-0.27	34.59	115.54	284.36
1	3	32	-0.38	0.33	-0.43	73.40	91.92	291.86
1	3	33	-0.34	0.27	-0.70	105.90	49.04	281.49
1	3	34	-0.44	0.14	-1.03	117.40	14.17	240.67
1	3	35	-0.53	0.12	-1.20	100.84	6.29	194.05
1	3	36	-0.55	0.17	-1.25	69.02	3.73	147.61
1	3	37	-0.49	0.22	-1.16	34.84	-20.27	109.24
1	3	38	-0.46	0.20	-1.02	24.71	-49.96	92.49
1	3	39	-0.50	0.06	-0.99	35.52	-60.15	81.61
1	3	40	-0.53	-0.07	-1.01	41.96	-48.21	74.05
1	3	41	-0.48	-0.06	-1.06	39.46	-31.15	68.49
1	3	42	-0.45	-0.04	-1.06	45.90	-34.52	58.24
1	3	43	-0.48	-0.14	-1.11	53.34	-37.58	43.99
1	3	44	-0.49	-0.18	-1.18	44.09	-28.58	28.67
1	3	45	-0.71	-0.40	-1.75	1.90	13.92	19.42
1	3	46	-0.29	-0.20	-0.99	-28.73	-8.96	-29.83
1	3	47	-0.33	-0.07	-0.59	34.09	-6.71	-25.01
1	3	48	-0.35	-0.14	-0.89	17.46	9.10	11.42
1	3	49	-0.38	-0.08	-0.99	-10.91	11.17	20.55
SampleType: 2 / 2
NumSample: 5 / 30
Press return to start next sample
... Start Reading Sample ...
1	4	0	-0.58	-0.12	-1.46	-23.23	33.85	-158.51
1	4	1	-0.61	-0.10	-1.56	-44.54	41.04	-205.89
1	4	2	-0.56	-0.02	-1.47	-73.35	33.29	-253.14
1	4	3	-0.56	-0.00	-1.22	-57.04	17.29	-310.51
1	4	4	-0.53	-0.02	-1.04	-30.23	7.54	-353.01
1	4	5	-0.53	-0.09	-0.91	-58.10	7.85	-363.14
1	4	6	-0.55	-0.04	-0.66	-93.04	9.42	-355.14
1	4	7	-0.53	0.07	-0.24	-82.60	2.23	-337.14
1	4	8	-0.53	-0.02	-0.10	-90.35	-0.71	-296.83
1	4	9	-0.58	0.07	0.09	-100.23	-5.83	-260.76
1	4	10	-0.55	0.10	0.19	-90.48	-9.46	-229.64
1	4	11	-0.56	0.03	0.31	-90.48	-18.46	-207.45
1	4	12	-0.55	-0.04	0.49	-117.23	-24.83	-168.83
1	4	13	-0.53	-0.07	0.75	-104.16	-29.08	-151.70
1	4	14	-0.50	-0.11	0.89	-67.85	-35.90	-126.20
1	4	15	-0.49	-0.14	0.93	-53.66	-35.33	-94.14
1	4	16	-0.48	-0.18	0.96	-41.91	-33.08	-63.58
1	4	17	-0.50	-0.21	0.97	-25.10	-29.46	-30.51
1	4	18	-0.52	-0.22	0.89	-17.66	-20.33	-1.95
1	4	19	-0.55	-0.21	0.81	-10.48	-7.90	21.92
1	4	20	-0.56	-0.21	0.73	-10.10	-2.58	43.24
1	4	21	-0.63	-0.26	0.71	1.96	11.42	72.30
1	4	22	-0.65	-0.26	0.70	10.21	25.79	102.55
1	4	23	-0.66	-0.24	0.66	24.71	41.73	132.55
1	4	24	-0.69	-0.22	0.58	41.21	61.79	161.99
1	4	25	-0.78	-0.09	0.46	51.34	68.17	201.55
1	4	26	-0.71	0.04	0.25	75.52	63.79	233.61
1	4	27	-0.59	0.11	0.08	87.96	41.73	234.17
1	4	28	-0.62	0.04	-0.01	84.71	2.35	223.17
1	4	29	-0.74	-0.01	-0.04	80.59	-7.21	236.05
1	4	30	-0.81	-0.04	-0.17	95.21	2.10	258.11
1	4	31	-0.78	-0.02	-0.28	93.27	47.79	277.55
1	4	32	-0.63	0.08	-0.43	71.52	74.10	315.11
1	4	33	-0.48	0.18	-0.66	60.02	69.60	334.86
1	4	34	-0.39	0.26	-1.03	94.21	41.42	297.11
1	4	35	-0.51	0.15	-1.32	117.59	-2.71	205.92
1	4	36	-0.61	0.10	-1.34	84.21	-15.33	155.42
1	4	37	-0.59	0.09	-1.28	30.09	-25.08	129.30
1	4	38	-0.57	0.07	-1.15	-4.79	-44.15	104.80
1	4	39	-0.57	-0.03	-1.06	-2.41	-54.58	80.55
1	4	40	-0.57	-0.12	-0.98	9.15	-53.46	65.36
1	4	41	-0.58	-0.15	-0.97	24.65	-47.15	57.17
1	4	42	-0.58	-0.24	-1.02	7.02	-17.90	57.24
1	4	43	-0.52	-0.14	-0.98	-19.35	-12.96	56.05
1	4	44	-0.48	-0.09	-0.92	-10.91	-13.02	47.99
1	4	45	-0.46	-0.09	-0.91	11.84	-18.90	39.92
1	4	46	-0.45	-0.08	-0.93	33.71	-21.83	26.11
1	4	47	-0.44	-0.10	-0.96	37.65	-20.65	20.61
1	4	48	-0.71	-0.31	-1.49	2.77	10.04	34.24
1	4	49	-0.37	-0.20	-1.10	-40.85	6.48	-13.58
SampleType: 2 / 2
NumSample: 6 / 30
Press return to start next sample
... Start Reading Sample ...
1	5	0	-0.61	-0.10	-1.49	-0.73	34.35	-234.45
1	5	1	-0.69	-0.12	-1.55	17.96	35.98	-293.51
1	5	2	-0.72	-0.14	-1.60	-9.79	48.35	-333.08
1	5	3	-0.60	-0.12	-1.32	-81.41	56.17	-353.14
1	5	4	-0.41	-0.07	-0.82	-167.91	38.29	-340.51
1	5	5	-0.35	0.00	-0.33	-161.23	6.04	-339.26
1	5	6	-0.42	0.13	0.05	-79.54	-18.08	-332.20
1	5	7	-0.48	0.06	0.02	-43.29	-9.96	-296.14
1	5	8	-0.48	-0.03	0.18	-77.60	-1.77	-256.45
1	5	9	-0.51	-0.04	0.43	-102.48	6.92	-215.51
1	5	10	-0.51	-0.03	0.61	-86.29	0.48	-188.83
1	5	11	-0.49	-0.04	0.70	-75.35	-12.15	-150.01
1	5	12	-0.48	-0.09	0.76	-64.60	-30.21	-129.51
1	5	13	-0.55	-0.15	0.80	-46.85	-42.52	-112.39
1	5	14	-0.60	-0.11	0.85	-33.79	-39.08	-80.26
1	5	15	-0.63	-0.15	0.72	-25.66	-32.15	-52.33
1	5	16	-0.70	-0.16	0.62	-18.98	-27.52	-48.14
1	5	17	-0.70	-0.17	0.59	-36.73	-20.71	-33.51
1	5	18	-0.66	-0.14	0.75	-38.85	-25.33	-10.39
1	5	19	-0.64	-0.16	0.73	-16.54	-25.90	1.74
1	5	20	-0.71	-0.27	0.70	-3.54	-8.46	21.17
1	5	21	-0.72	-0.24	0.61	8.90	19.23	35.05
1	5	22	-0.70	-0.14	0.58	8.21	33.04	49.74
1	5	23	-0.66	-0.07	0.55	16.15	27.85	58.99
1	5	24	-0.68	-0.12	0.55	20.27	19.10	66.99
1	5	25	-0.70	-0.19	0.59	11.34	30.17	93.80
1	5	26	-0.71	-0.13	0.58	16.02	45.35	116.17
1	5	27	-0.71	-0.04	0.48	35.40	48.60	134.49
1	5	28	-0.76	-0.01	0.23	50.71	40.29	138.74
1	5	29	-0.92	0.10	0.18	34.40	7.92	162.80
1	5	30	-0.90	0.05	0.08	42.46	-9.83	173.05
1	5	31	-0.82	-0.03	0.13	40.02	-6.33	165.92
1	5	32	-0.87	-0.09	0.18	34.90	13.98	181.67
1	5	33	-0.87	-0.07	0.12	20.15	42.10	221.61
1	5	34	-0.76	0.04	-0.02	31.77	52.29	243.49
1	5	35	-0.76	0.15	-0.22	66.71	42.17	251.05
1	5	36	-0.86	0.09	-0.73	115.02	34.79	197.11
1	5	37	-0.93	0.07	-0.88	89.46	23.42	153.86
1	5	38	-0.89	0.10	-0.70	38.46	19.85	150.55
1	5	39	-0.77	0.12	-0.49	13.52	24.04	173.99
1	5	40	-0.67	0.12	-0.46	30.84	15.04	191.99
1	5	41	-0.63	0.04	-0.57	67.09	-3.02	191.05
1	5	42	-0.64	-0.09	-0.78	101.27	-10.46	168.17
1	5	43	-0.65	-0.13	-0.91	96.34	-1.65	146.61
1	5	44	-0.57	-0.10	-0.93	58.65	7.23	142.24
1	5	45	-0.51	-0.01	-0.90	13.96	2.85	143.99
1	5	46	-0.49	0.01	-0.83	7.90	-9.52	137.17
1	5	47	-0.47	-0.01	-0.86	28.15	-14.52	125.80
1	5	48	-0.46	-0.05	-0.93	58.65	-21.96	113.74
1	5	49	-0.49	-0.12	-1.17	52.34	-20.08	102.99
SampleType: 2 / 2
NumSample: 7 / 30
Press return to start next sample
... Start Reading Sample ...
1	6	0	-0.58	-0.25	-1.69	49.65	26.17	-92.89
1	6	1	-0.62	-0.28	-1.86	-46.29	32.10	-133.89
1	6	2	-0.62	-0.23	-1.65	-111.79	31.67	-172.83
1	6	3	-0.55	-0.15	-1.46	-94.23	34.23	-229.64
1	6	4	-0.53	-0.12	-1.45	-57.48	33.48	-292.70
1	6	5	-0.50	-0.10	-1.44	-78.73	28.04	-349.26
1	6	6	-0.53	-0.10	-1.21	-77.41	31.42	-398.26
1	6	7	-0.49	0.00	-0.65	-49.54	28.67	-405.83
1	6	8	-0.49	-0.03	-0.30	-5.04	31.54	-372.08
1	6	9	-0.50	-0.09	-0.14	0.59	40.04	-337.39
1	6	10	-0.55	0.05	-0.05	-10.79	49.92	-290.08
1	6	11	-0.45	0.11	-0.08	-75.73	46.79	-240.01
1	6	12	-0.37	0.25	0.35	-87.10	-11.77	-234.39
1	6	13	-0.44	0.18	0.55	-57.54	-51.96	-220.89
1	6	14	-0.50	-0.05	0.60	-68.54	-50.96	-188.51
1	6	15	-0.48	-0.11	0.80	-107.41	-27.58	-141.95
1	6	16	-0.42	-0.02	1.07	-99.10	-28.58	-107.45
1	6	17	-0.42	-0.07	1.17	-49.16	-39.21	-70.08
1	6	18	-0.39	-0.10	1.00	-7.66	-48.46	-45.33
1	6	19	-0.42	-0.21	0.90	-13.73	-43.52	-27.20
1	6	20	-0.47	-0.24	0.98	-30.91	-30.96	10.05
1	6	21	-0.50	-0.23	0.97	-10.10	-15.02	35.11
1	6	22	-0.53	-0.18	0.84	9.40	-4.27	64.49
1	6	23	-0.59	-0.24	0.68	15.02	14.10	97.67
1	6	24	-0.60	-0.25	0.61	2.46	31.92	124.74
1	6	25	-0.58	-0.18	0.57	0.40	46.35	141.99
1	6	26	-0.60	-0.12	0.61	11.90	44.92	178.05
1	6	27	-0.63	-0.11	0.51	30.84	45.48	211.80
1	6	28	-0.65	-0.08	0.41	50.65	51.79	257.30
1	6	29	-0.64	-0.06	0.18	65.65	76.29	298.42
1	6	30	-0.64	-0.06	-0.24	89.84	88.04	285.61
1	6	31	-0.87	0.01	-0.38	90.96	65.85	283.11
1	6	32	-0.90	0.03	-0.56	102.59	51.73	350.24
1	6	33	-0.52	-0.03	-0.74	73.65	92.85	319.17
1	6	34	-0.43	0.18	-0.60	27.34	94.60	308.30
1	6	35	-0.34	0.35	-0.57	20.46	89.73	304.42
1	6	36	-0.32	0.38	-0.73	55.21	54.17	277.49
1	6	37	-0.32	0.31	-1.06	89.40	37.10	245.36
1	6	38	-0.28	0.36	-1.38	78.52	40.48	218.17
1	6	39	-0.25	0.51	-1.52	45.21	7.73	170.74
1	6	40	-0.30	0.51	-1.42	40.59	-65.21	97.05
1	6	41	-0.40	0.22	-1.27	71.90	-111.08	43.67
1	6	42	-0.47	-0.10	-1.18	63.96	-96.58	32.61
1	6	43	-0.44	-0.08	-1.10	22.71	-63.65	47.92
1	6	44	-0.41	-0.08	-1.04	32.65	-48.08	43.55
1	6	45	-0.40	-0.11	-1.08	42.71	-55.27	25.30
1	6	46	-0.45	-0.19	-1.07	43.15	-60.65	12.80
1	6	47	-0.70	-0.52	-1.72	4.02	4.04	30.42
1	6	48	-0.30	-0.39	-1.02	-1.85	-27.71	-31.95
1	6	49	-0.30	-0.12	-0.57	19.96	-10.96	-15.45
SampleType: 2 / 2
NumSample: 8 / 30
Press return to start next sample
... Start Reading Sample ...
1	7	0	-0.52	-0.17	-1.91	-29.41	39.17	-96.33
1	7	1	-0.55	-0.15	-2.08	-4.41	40.42	-196.83
1	7	2	-0.49	-0.09	-1.93	6.27	44.79	-272.89
1	7	3	-0.40	-0.08	-1.71	-45.35	49.85	-311.20
1	7	4	-0.33	-0.08	-1.49	-78.66	55.85	-358.08
1	7	5	-0.25	-0.04	-1.05	-65.29	56.85	-413.26
1	7	6	-0.31	0.00	-0.66	-22.10	58.73	-438.39
1	7	7	-0.36	-0.10	-0.31	-61.85	72.42	-382.14
1	7	8	-0.36	-0.01	-0.18	-101.23	74.73	-325.26
1	7	9	-0.26	0.23	0.26	-82.91	35.23	-316.70
1	7	10	-0.26	0.25	0.54	-91.91	-16.96	-253.39
1	7	11	-0.30	0.10	0.53	-92.23	-55.58	-226.39
1	7	12	-0.45	-0.03	0.73	-109.48	-79.52	-177.39
1	7	13	-0.53	-0.07	0.87	-90.48	-71.15	-131.01
1	7	14	-0.55	-0.11	0.88	-45.29	-54.33	-102.95
1	7	15	-0.58	-0.13	0.81	-41.79	-48.40	-76.76
1	7	16	-0.65	-0.15	0.92	-30.10	-40.96	-32.83
1	7	17	-0.65	-0.15	0.83	-11.91	-25.58	6.86
1	7	18	-0.64	-0.15	0.72	-4.66	-10.27	25.05
1	7	19	-0.64	-0.18	0.62	-22.73	5.79	44.67
1	7	20	-0.64	-0.17	0.66	-40.41	22.42	71.42
1	7	21	-0.64	-0.12	0.68	-32.60	27.92	86.80
1	7	22	-0.68	-0.10	0.66	12.15	36.73	120.55
1	7	23	-0.67	-0.08	0.59	31.71	42.60	170.86
1	7	24	-0.64	-0.06	0.52	38.71	50.85	216.86
1	7	25	-0.59	-0.07	0.41	34.27	71.98	251.80
1	7	26	-0.58	-0.00	0.25	44.46	89.17	294.05
1	7	27	-0.57	0.06	0.02	79.71	98.42	338.24
1	7	28	-0.52	0.07	-0.30	111.90	89.92	362.05
1	7	29	-0.46	0.05	-0.61	108.40	71.73	368.80
1	7	30	-0.38	0.06	-0.91	75.21	65.98	353.24
1	7	31	-0.35	0.18	-1.00	45.15	64.60	299.11
1	7	32	-0.30	0.33	-0.95	43.27	48.35	260.80
1	7	33	-0.32	0.38	-1.10	71.02	12.98	225.36
1	7	34	-0.40	0.25	-1.32	76.77	-6.27	179.55
1	7	35	-0.37	0.22	-1.31	37.71	-15.21	161.11
1	7	36	-0.36	0.26	-1.33	32.52	-25.02	140.92
1	7	37	-0.36	0.22	-1.40	54.90	-39.71	97.74
1	7	38	-0.37	0.15	-1.38	68.27	-59.46	54.74
1	7	39	-0.41	0.03	-1.27	58.96	-60.58	21.42
1	7	40	-0.40	-0.10	-1.14	40.02	-42.40	20.42
1	7	41	-0.69	-0.23	-1.75	14.59	0.10	36.74
1	7	42	-0.31	-0.36	-1.46	-12.16	-18.15	-28.51
1	7	43	-0.29	-0.04	-0.53	21.71	-35.02	-56.51
1	7	44	-0.30	-0.13	-0.72	10.15	-3.52	9.30
1	7	45	-0.39	-0.13	-1.06	-8.35	8.54	29.36
1	7	46	-0.33	-0.07	-1.04	0.84	2.92	0.30
1	7	47	-0.33	-0.04	-0.88	-0.10	-7.46	-7.14
1	7	48	-0.37	-0.05	-0.90	-6.04	-3.58	5.42
1	7	49	-0.38	-0.06	-0.94	-4.29	1.60	6.17
SampleType: 2 / 2
NumSample: 9 / 30
Press return to start next sample
... Start Reading Sample ...
1	8	0	-0.51	-0.20	-1.69	-24.60	30.85	-95.51
1	8	1	-0.52	-0.17	-1.71	-61.98	28.54	-124.51
1	8	2	-0.59	-0.16	-1.80	-34.66	36.85	-201.58
1	8	3	-0.51	-0.04	-1.67	7.90	30.54	-278.39
1	8	4	-0.46	-0.02	-1.47	29.34	18.17	-342.39
1	8	5	-0.47	-0.12	-1.37	-9.91	26.79	-376.08
1	8	6	-0.42	-0.12	-1.07	-82.91	49.67	-381.89
1	8	7	-0.32	-0.06	-0.66	-138.60	29.54	-351.08
1	8	8	-0.31	-0.00	-0.49	-127.54	13.17	-351.14
1	8	9	-0.30	0.00	-0.29	-129.23	-16.96	-356.95
1	8	10	-0.31	0.02	0.02	-152.04	-45.65	-326.45
1	8	11	-0.37	0.01	0.43	-143.66	-65.90	-300.08
1	8	12	-0.41	-0.12	0.68	-126.04	-67.77	-227.33
1	8	13	-0.45	-0.22	0.78	-104.41	-54.77	-201.70
1	8	14	-0.46	-0.25	0.91	-95.85	-38.02	-158.58
1	8	15	-0.43	-0.25	1.03	-73.23	-28.90	-122.45
1	8	16	-0.43	-0.29	1.08	-53.79	-24.65	-79.83
1	8	17	-0.43	-0.26	1.12	-39.23	-17.90	-39.08
1	8	18	-0.44	-0.23	1.04	-6.66	-14.21	-9.26
1	8	19	-0.48	-0.26	0.88	6.02	-6.90	15.92
1	8	20	-0.54	-0.26	0.80	-0.66	7.54	47.86
1	8	21	-0.56	-0.20	0.68	5.59	12.67	62.05
1	8	22	-0.63	-0.24	0.61	6.71	22.67	91.42
1	8	23	-0.69	-0.28	0.61	7.27	47.54	127.61
1	8	24	-0.69	-0.23	0.53	16.90	73.35	153.92
1	8	25	-0.68	-0.14	0.42	28.40	85.17	180.24
1	8	26	-0.77	-0.04	0.27	33.90	73.29	203.42
1	8	27	-0.89	0.03	0.16	56.77	63.10	247.92
1	8	28	-0.75	-0.02	0.09	69.02	78.17	258.92
1	8	29	-0.68	0.02	-0.00	74.02	83.73	262.42
1	8	30	-0.71	0.01	-0.28	84.40	76.73	245.61
1	8	31	-0.71	0.07	-0.34	66.52	82.10	249.92
1	8	32	-0.67	0.18	-0.38	55.65	93.92	267.24
1	8	33	-0.55	0.23	-0.47	68.96	99.48	275.42
1	8	34	-0.49	0.29	-0.58	81.21	79.54	286.92
1	8	35	-0.41	0.26	-0.79	109.59	58.35	269.11
1	8	36	-0.37	0.19	-1.01	118.21	37.85	229.99
1	8	37	-0.38	0.23	-1.15	87.84	24.17	205.11
1	8	38	-0.39	0.28	-1.23	60.46	0.17	176.11
1	8	39	-0.45	0.22	-1.28	62.96	-39.08	124.36
1	8	40	-0.50	0.06	-1.26	67.15	-61.90	74.61
1	8	41	-0.50	-0.07	-1.14	62.09	-64.15	54.24
1	8	42	-0.51	-0.12	-1.15	57.71	-47.02	55.11
1	8	43	-0.51	-0.15	-1.21	43.59	-21.90	57.61
1	8	44	-0.47	-0.11	-1.24	16.96	-16.21	41.49
1	8	45	-0.44	-0.08	-1.20	17.71	-15.02	20.74
1	8	46	-0.55	-0.21	-1.45	7.27	3.67	10.05
1	8	47	-0.30	-0.13	-1.06	-19.85	-6.02	-14.33
1	8	48	-0.33	-0.02	-0.74	27.09	-7.46	-14.76
1	8	49	-0.33	-0.07	-0.91	8.09	2.54	5.11
SampleType: 2 / 2
NumSample: 10 / 30
Press return to start next sample
... Start Reading Sample ...
1	9	0	-0.60	-0.25	-1.75	-13.16	31.17	-87.58
1	9	1	-0.61	-0.24	-1.85	-88.54	52.17	-133.70
1	9	2	-0.52	-0.11	-1.55	-135.91	52.04	-170.64
1	9	3	-0.53	-0.03	-1.44	-126.29	53.17	-220.20
1	9	4	-0.54	0.09	-1.51	-90.41	54.48	-295.14
1	9	5	-0.48	0.20	-1.60	-86.23	40.98	-359.64
1	9	6	-0.40	0.19	-1.27	-138.35	-13.46	-394.14
1	9	7	-0.36	0.17	-0.63	-132.85	-57.40	-386.51
1	9	8	-0.39	0.03	-0.37	-120.04	-54.96	-358.14
1	9	9	-0.37	0.06	-0.18	-118.98	-59.83	-319.08
1	9	10	-0.35	0.08	0.03	-125.79	-64.77	-265.33
1	9	11	-0.33	0.06	0.16	-105.73	-66.90	-260.95
1	9	12	-0.40	-0.05	0.52	-121.10	-77.90	-218.39
1	9	13	-0.48	-0.12	0.92	-96.29	-57.65	-162.70
1	9	14	-0.46	-0.15	1.00	-53.41	-34.40	-117.39
1	9	15	-0.44	-0.15	0.88	-37.48	-17.15	-84.20
1	9	16	-0.44	-0.09	0.94	-42.79	-24.33	-56.26
1	9	17	-0.54	-0.09	0.95	-18.29	-36.77	-19.33
1	9	18	-0.65	-0.11	0.76	7.15	-36.40	1.61
1	9	19	-0.73	-0.18	0.60	1.40	-41.46	21.05
1	9	20	-0.86	-0.24	0.49	-13.23	-35.33	42.86
1	9	21	-0.90	-0.24	0.41	-21.60	-18.21	46.74
1	9	22	-0.95	-0.21	0.40	-18.54	10.79	57.61
1	9	23	-0.93	-0.20	0.44	-5.04	39.10	70.30
1	9	24	-0.85	-0.19	0.54	-0.85	59.79	99.17
1	9	25	-0.76	-0.11	0.50	20.40	81.92	118.80
1	9	26	-0.70	0.02	0.36	37.59	79.17	124.42
1	9	27	-0.75	0.10	0.30	41.02	58.42	154.05
1	9	28	-0.77	0.08	0.27	57.52	41.17	174.80
1	9	29	-0.82	0.04	0.14	89.77	38.04	179.67
1	9	30	-0.89	-0.03	-0.08	101.34	52.92	178.80
1	9	31	-0.89	-0.02	-0.17	71.09	73.79	190.86
1	9	32	-0.79	0.10	-0.17	53.96	99.67	205.80
1	9	33	-0.69	0.26	-0.32	79.90	108.10	193.05
1	9	34	-0.63	0.32	-0.39	84.40	81.92	196.05
1	9	35	-0.61	0.26	-0.42	94.96	63.73	205.61
1	9	36	-0.59	0.17	-0.55	102.27	59.98	213.42
1	9	37	-0.54	0.18	-0.66	83.59	61.29	226.92
1	9	38	-0.46	0.28	-0.77	76.84	43.23	226.92
1	9	39	-0.46	0.26	-0.86	99.40	11.92	203.30
1	9	40	-0.50	0.15	-1.00	126.09	-11.40	167.30
1	9	41	-0.54	0.04	-1.11	132.27	-19.65	128.61
1	9	42	-0.54	0.00	-1.17	113.84	-22.15	108.92
1	9	43	-0.53	0.00	-1.20	78.27	-17.65	97.74
1	9	44	-0.48	0.03	-1.17	54.65	-19.71	86.24
1	9	45	-0.47	-0.02	-1.19	66.09	-26.27	59.86
1	9	46	-0.46	-0.07	-1.18	69.84	-25.77	38.55
1	9	47	-0.76	-0.27	-1.76	31.71	23.29	43.99
1	9	48	-0.23	-0.14	-1.26	-44.66	17.29	-10.20
1	9	49	-0.28	0.12	-0.66	35.21	-13.77	-31.70
SampleType: 2 / 2
NumSample: 11 / 30
Press return to start next sample
... Start Reading Sample ...
1	10	0	-0.54	-0.17	-1.55	1.02	13.48	-70.58
1	10	1	-0.55	-0.18	-1.55	-11.23	12.23	-105.14
1	10	2	-0.56	-0.18	-1.59	8.84	18.35	-145.76
1	10	3	-0.54	-0.17	-1.58	31.40	25.10	-199.83
1	10	4	-0.52	-0.16	-1.49	9.02	37.67	-244.58
1	10	5	-0.49	-0.19	-1.36	-39.66	43.35	-254.08
1	10	6	-0.48	-0.11	-1.18	-50.66	46.35	-283.08
1	10	7	-0.39	-0.04	-0.87	-43.60	26.79	-306.76
1	10	8	-0.43	-0.06	-0.72	-36.10	15.23	-320.64
1	10	9	-0.47	-0.01	-0.50	-21.04	7.17	-328.14
1	10	10	-0.44	0.07	-0.34	9.84	-2.71	-356.95
1	10	11	-0.41	-0.01	-0.01	-67.98	-23.71	-321.58
1	10	12	-0.42	0.03	0.32	-111.66	-41.77	-280.89
1	10	13	-0.47	-0.02	0.64	-99.48	-56.71	-244.33
1	10	14	-0.55	-0.11	0.78	-47.54	-49.40	-206.58
1	10	15	-0.54	-0.14	0.72	-35.73	-46.21	-168.26
1	10	16	-0.57	-0.23	0.62	-58.54	-44.21	-138.20
1	10	17	-0.61	-0.30	0.71	-85.23	-32.02	-116.26
1	10	18	-0.65	-0.26	0.92	-69.48	-16.65	-82.39
1	10	19	-0.69	-0.23	0.90	-20.04	-12.52	-59.64
1	10	20	-0.72	-0.24	0.72	-6.35	-1.46	-35.95
1	10	21	-0.69	-0.24	0.69	-28.48	12.60	-6.64
1	10	22	-0.65	-0.24	0.70	-44.48	20.79	8.36
1	10	23	-0.64	-0.23	0.80	-37.79	33.92	27.05
1	10	24	-0.61	-0.20	0.81	-7.79	38.73	44.99
1	10	25	-0.63	-0.17	0.67	11.27	36.54	63.17
1	10	26	-0.65	-0.16	0.62	5.90	40.60	80.80
1	10	27	-0.65	-0.15	0.63	-9.73	53.23	106.80
1	10	28	-0.61	-0.11	0.70	-17.04	68.85	143.05
1	10	29	-0.54	-0.07	0.70	-1.10	71.73	173.49
1	10	30	-0.50	-0.07	0.62	14.90	64.23	202.49
1	10	31	-0.52	-0.08	0.46	24.52	63.79	235.05
1	10	32	-0.50	-0.05	0.23	31.59	70.98	267.55
1	10	33	-0.49	-0.01	0.04	48.84	67.85	280.86
1	10	34	-0.50	-0.00	-0.13	66.59	56.23	290.36
1	10	35	-0.47	0.01	-0.35	86.02	47.73	335.42
1	10	36	-0.41	-0.02	-0.64	123.52	41.98	351.61
1	10	37	-0.38	-0.02	-1.09	154.52	44.60	316.74
1	10	38	-0.44	0.02	-1.40	172.27	30.48	211.99
1	10	39	-0.48	0.00	-1.30	94.71	-9.40	145.36
1	10	40	-0.51	0.11	-1.13	18.90	-38.08	164.11
1	10	41	-0.64	0.08	-1.24	26.34	-73.21	186.17
1	10	42	-0.75	-0.21	-1.65	62.02	-65.21	141.92
1	10	43	-0.74	-0.32	-1.58	20.09	-45.02	51.86
1	10	44	-0.61	-0.18	-1.09	-16.79	-31.08	17.42
1	10	45	-0.52	-0.11	-0.81	-9.79	-23.08	33.30
1	10	46	-0.49	-0.12	-0.84	-1.48	-2.52	60.55
1	10	47	-0.48	-0.08	-1.01	3.15	-7.27	62.61
1	10	48	-0.50	-0.07	-1.05	9.09	-9.27	41.74
1	10	49	-0.46	-0.08	-0.99	14.71	-17.71	23.61
SampleType: 2 / 2
NumSample: 12 / 30
Press return to start next sample
... Start Reading Sample ...
1	11	0	-0.59	-0.24	-1.19	18.15	21.17	-47.95
1	11	1	-0.63	-0.28	-1.30	-19.10	32.54	-65.08
1	11	2	-0.63	-0.27	-1.28	-43.91	37.23	-82.45
1	11	3	-0.67	-0.24	-1.41	-28.48	40.54	-120.70
1	11	4	-0.70	-0.22	-1.56	-1.41	34.48	-179.26
1	11	5	-0.71	-0.23	-1.61	16.15	32.04	-246.33
1	11	6	-0.68	-0.25	-1.48	-36.10	36.92	-287.89
1	11	7	-0.60	-0.17	-1.24	-88.98	35.60	-297.20
1	11	8	-0.50	-0.12	-1.00	-86.98	25.67	-326.76
1	11	9	-0.43	-0.08	-0.66	-76.16	5.17	-346.58
1	11	10	-0.49	-0.08	-0.35	-82.98	-1.83	-328.51
1	11	11	-0.44	-0.04	-0.20	-115.98	0.23	-283.51
1	11	12	-0.40	-0.01	-0.07	-124.85	-23.65	-275.33
1	11	13	-0.41	-0.07	0.24	-144.66	-55.46	-254.51
1	11	14	-0.43	-0.06	0.49	-141.48	-64.40	-227.20
1	11	15	-0.47	-0.09	0.59	-116.23	-65.02	-207.39
1	11	16	-0.51	-0.21	0.63	-106.54	-63.15	-178.70
1	11	17	-0.51	-0.26	0.70	-106.54	-55.08	-154.39
1	11	18	-0.51	-0.29	0.77	-106.79	-52.46	-128.51
1	11	19	-0.59	-0.33	0.79	-93.73	-47.65	-105.70
1	11	20	-0.65	-0.40	0.82	-79.48	-30.08	-77.39
1	11	21	-0.65	-0.39	0.82	-69.85	-17.52	-50.26
1	11	22	-0.62	-0.41	0.79	-48.29	-6.40	-31.70
1	11	23	-0.58	-0.41	0.67	-31.23	-5.58	-27.89
1	11	24	-0.58	-0.48	0.69	-29.23	3.23	-3.70
1	11	25	-0.63	-0.50	0.72	-17.16	14.42	16.42
1	11	26	-0.64	-0.49	0.72	-3.73	30.23	37.30
1	11	27	-0.65	-0.44	0.64	2.02	49.60	57.86
1	11	28	-0.62	-0.38	0.62	0.40	67.85	75.55
1	11	29	-0.57	-0.33	0.67	0.65	79.98	98.05
1	11	30	-0.57	-0.32	0.67	17.84	84.92	122.36
1	11	31	-0.64	-0.31	0.58	43.65	93.60	148.05
1	11	32	-0.62	-0.24	0.47	70.46	102.60	164.11
1	11	33	-0.61	-0.18	0.30	96.77	98.54	163.74
1	11	34	-0.65	-0.12	0.25	82.59	97.67	189.92
1	11	35	-0.77	-0.01	0.25	66.65	95.17	239.99
1	11	36	-0.91	0.07	0.10	99.59	91.67	293.05
1	11	37	-0.69	0.01	-0.21	159.96	109.98	288.30
1	11	38	-0.58	-0.05	-0.45	151.02	102.92	269.55
1	11	39	-0.62	-0.02	-0.56	108.27	106.92	263.49
1	11	40	-0.56	0.09	-0.65	59.40	110.73	260.05
1	11	41	-0.53	0.24	-0.68	64.40	98.54	251.86
1	11	42	-0.52	0.26	-0.80	111.21	74.04	228.30
1	11	43	-0.55	0.20	-1.10	146.02	48.17	201.05
1	11	44	-0.61	0.11	-1.30	138.84	26.17	154.55
1	11	45	-0.63	0.10	-1.27	74.59	16.35	111.17
1	11	46	-0.55	0.16	-1.05	23.52	13.29	87.80
1	11	47	-0.47	0.18	-0.86	15.21	-6.27	83.99
1	11	48	-0.46	0.12	-0.80	52.02	-30.90	83.80
1	11	49	-0.47	0.01	-0.88	76.90	-36.08	86.86
SampleType: 2 / 2
NumSample: 13 / 30
Press return to start next sample
... Start Reading Sample ...
1	12	0	-0.58	-0.19	-1.67	21.90	9.23	-143.89
1	12	1	-0.59	-0.22	-1.65	26.21	11.98	-202.76
1	12	2	-0.55	-0.19	-1.57	19.27	11.54	-247.39
1	12	3	-0.53	-0.24	-1.44	-29.16	20.79	-283.58
1	12	4	-0.44	-0.26	-1.24	-95.73	30.79	-293.51
1	12	5	-0.38	-0.22	-0.95	-133.35	30.29	-309.14
1	12	6	-0.37	-0.13	-0.66	-145.23	29.04	-318.01
1	12	7	-0.32	-0.02	-0.39	-137.85	2.60	-321.51
1	12	8	-0.38	0.04	-0.11	-134.41	-23.77	-304.95
1	12	9	-0.45	-0.00	0.03	-130.98	-33.21	-289.20
1	12	10	-0.50	-0.02	0.35	-134.66	-37.46	-257.45
1	12	11	-0.47	-0.04	0.36	-125.79	-50.46	-239.70
1	12	12	-0.52	-0.08	0.45	-125.16	-69.33	-209.83
1	12	13	-0.55	-0.12	0.53	-121.79	-76.52	-178.33
1	12	14	-0.55	-0.16	0.57	-108.91	-79.96	-159.89
1	12	15	-0.57	-0.20	0.69	-100.10	-87.21	-137.64
1	12	16	-0.64	-0.33	0.77	-92.85	-79.40	-107.14
1	12	17	-0.67	-0.41	0.80	-87.66	-55.96	-72.95
1	12	18	-0.68	-0.44	0.78	-69.35	-35.33	-51.33
1	12	19	-0.68	-0.45	0.73	-52.79	-20.15	-30.70
1	12	20	-0.68	-0.39	0.66	-31.85	-9.77	-26.64
1	12	21	-0.70	-0.41	0.65	-22.10	1.60	-10.08
1	12	22	-0.72	-0.49	0.65	-18.41	21.54	17.17
1	12	23	-0.71	-0.47	0.60	-4.91	39.98	25.24
1	12	24	-0.69	-0.41	0.54	0.46	55.54	37.80
1	12	25	-0.69	-0.37	0.53	7.21	63.54	49.36
1	12	26	-0.69	-0.33	0.56	14.90	70.60	66.05
1	12	27	-0.69	-0.32	0.58	27.27	85.29	79.74
1	12	28	-0.66	-0.32	0.58	28.40	104.42	103.67
1	12	29	-0.62	-0.23	0.58	30.52	110.42	135.24
1	12	30	-0.64	-0.14	0.52	55.96	101.29	165.99
1	12	31	-0.76	-0.06	0.42	70.52	88.42	212.17
1	12	32	-0.80	0.01	0.26	82.59	103.98	253.49
1	12	33	-0.63	0.05	0.11	108.71	121.23	265.05
1	12	34	-0.55	0.03	-0.03	118.59	109.79	275.42
1	12	35	-0.57	0.01	-0.22	114.71	101.29	294.61
1	12	36	-0.53	0.06	-0.38	101.34	101.54	310.24
1	12	37	-0.46	0.13	-0.56	112.02	96.67	319.36
1	12	38	-0.44	0.19	-0.76	145.34	78.42	295.67
1	12	39	-0.44	0.14	-1.07	182.02	35.10	246.42
1	12	40	-0.58	0.02	-1.29	192.52	-6.52	163.92
1	12	41	-0.66	-0.09	-1.30	126.96	-2.83	113.74
1	12	42	-0.58	-0.02	-1.11	22.46	8.48	117.11
1	12	43	-0.52	0.05	-0.92	10.84	10.92	109.74
1	12	44	-0.46	0.06	-0.89	38.46	13.42	108.80
1	12	45	-0.43	0.03	-1.01	67.96	9.04	110.55
1	12	46	-0.44	-0.02	-1.23	80.52	7.23	100.55
1	12	47	-0.44	-0.00	-1.33	60.02	9.10	79.74
1	12	48	-0.39	0.05	-1.33	36.59	3.29	59.30
1	12	49	-0.38	0.03	-1.26	32.77	-19.65	28.92
SampleType: 2 / 2
NumSample: 14 / 30
Press return to start next sample
... Start Reading Sample ...
1	13	0	-0.50	-0.15	-1.32	20.02	11.85	-41.76
1	13	1	-0.57	-0.24	-1.64	1.96	22.73	-67.39
1	13	2	-0.63	-0.28	-1.85	-6.04	28.48	-111.89
1	13	3	-0.62	-0.26	-1.93	-8.66	32.42	-170.58
1	13	4	-0.53	-0.23	-1.79	-29.10	27.42	-227.14
1	13	5	-0.46	-0.19	-1.57	-68.79	31.48	-252.01
1	13	6	-0.38	-0.13	-1.36	-102.85	27.92	-269.33
1	13	7	-0.33	-0.04	-1.07	-90.04	14.73	-299.01
1	13	8	-0.37	-0.05	-1.01	-66.23	5.98	-319.95
1	13	9	-0.40	-0.10	-0.86	-97.98	10.10	-329.58
1	13	10	-0.34	-0.04	-0.50	-154.04	4.48	-307.64
1	13	11	-0.31	0.04	-0.15	-151.35	-23.33	-300.26
1	13	12	-0.28	0.12	0.15	-102.79	-67.52	-307.89
1	13	13	-0.28	0.10	0.29	-65.79	-103.33	-311.26
1	13	14	-0.33	-0.10	0.43	-92.85	-112.08	-282.89
1	13	15	-0.39	-0.20	0.70	-114.60	-99.15	-244.95
1	13	16	-0.38	-0.30	0.92	-87.66	-91.83	-214.01
1	13	17	-0.41	-0.36	1.08	-52.66	-89.52	-174.33
1	13	18	-0.45	-0.43	1.04	-29.73	-68.40	-119.58
1	13	19	-0.49	-0.47	0.92	-31.10	-40.40	-82.26
1	13	20	-0.49	-0.47	0.94	-34.29	-17.33	-52.14
1	13	21	-0.51	-0.44	0.94	-26.35	-1.90	-19.33
1	13	22	-0.54	-0.44	0.89	-21.29	13.29	11.61
1	13	23	-0.54	-0.38	0.82	-8.66	18.04	24.92
1	13	24	-0.62	-0.39	0.79	-2.04	33.85	44.42
1	13	25	-0.65	-0.38	0.77	7.52	54.35	72.36
1	13	26	-0.62	-0.32	0.75	18.96	68.85	88.55
1	13	27	-0.59	-0.26	0.73	18.90	80.29	110.30
1	13	28	-0.56	-0.20	0.67	21.77	89.04	131.74
1	13	29	-0.54	-0.16	0.63	24.59	93.42	152.49
1	13	30	-0.54	-0.12	0.57	32.34	93.35	174.55
1	13	31	-0.53	-0.08	0.48	43.34	89.92	193.92
1	13	32	-0.52	-0.05	0.36	47.90	89.54	219.17
1	13	33	-0.50	-0.02	0.25	64.77	86.54	235.99
1	13	34	-0.54	-0.03	0.11	74.21	90.85	261.49
1	13	35	-0.51	0.05	-0.15	64.52	107.73	304.36
1	13	36	-0.43	0.21	-0.44	87.09	102.79	307.55
1	13	37	-0.40	0.24	-0.73	124.65	63.10	266.74
1	13	38	-0.51	0.15	-0.83	114.77	27.85	265.80
1	13	39	-0.52	0.16	-1.07	97.71	31.35	271.11
1	13	40	-0.51	0.13	-1.18	81.65	23.85	251.99
1	13	41	-0.53	0.15	-1.24	72.34	10.79	226.42
1	13	42	-0.56	0.13	-1.32	66.59	-8.83	193.42
1	13	43	-0.66	0.04	-1.48	69.21	-28.15	157.42
1	13	44	-0.72	-0.13	-1.57	74.84	-30.52	88.67
1	13	45	-0.61	-0.24	-1.31	35.02	-20.58	44.61
1	13	46	-0.54	-0.16	-0.99	-1.98	-5.65	60.05
1	13	47	-0.44	-0.06	-0.92	10.15	18.10	65.61
1	13	48	-0.37	0.09	-0.90	22.27	31.48	69.55
1	13	49	-0.32	0.19	-0.99	29.46	18.98	61.36
SampleType: 2 / 2
NumSample: 15 / 30
Press return to start next sample
... Start Reading Sample ...
1	14	0	-0.47	-0.12	-1.47	-21.66	22.29	-47.95
1	14	1	-0.49	-0.08	-1.53	-30.66	16.73	-85.39
1	14	2	-0.51	-0.07	-1.53	-28.60	9.04	-128.64
1	14	3	-0.55	-0.10	-1.55	-18.85	5.04	-185.14
1	14	4	-0.56	-0.10	-1.58	-18.54	7.04	-241.95
1	14	5	-0.52	-0.09	-1.47	-39.48	1.79	-282.89
1	14	6	-0.46	-0.09	-1.20	-60.79	-9.02	-314.95
1	14	7	-0.44	-0.14	-0.98	-100.91	-6.65	-322.39
1	14	8	-0.45	-0.16	-0.69	-144.35	-4.52	-308.14
1	14	9	-0.50	-0.05	-0.43	-105.41	-14.33	-304.76
1	14	10	-0.53	0.00	-0.26	-32.48	-17.90	-322.39
1	14	11	-0.57	-0.00	-0.23	-41.35	-21.52	-294.58
1	14	12	-0.63	-0.06	-0.21	-59.23	-17.90	-283.58
1	14	13	-0.61	-0.04	0.08	-89.60	-21.40	-255.70
1	14	14	-0.56	0.01	0.28	-91.85	-36.90	-232.39
1	14	15	-0.55	-0.04	0.42	-83.98	-52.52	-212.45
1	14	16	-0.54	-0.04	0.53	-72.48	-65.96	-192.58
1	14	17	-0.53	-0.09	0.52	-72.35	-69.15	-183.26
1	14	18	-0.51	-0.17	0.71	-91.41	-66.71	-159.51
1	14	19	-0.49	-0.25	0.93	-81.98	-64.77	-134.51
1	14	20	-0.46	-0.28	0.98	-51.35	-64.46	-103.64
1	14	21	-0.43	-0.34	0.97	-35.41	-61.27	-80.08
1	14	22	-0.45	-0.42	0.99	-35.60	-40.58	-50.26
1	14	23	-0.42	-0.43	0.96	-38.16	-18.33	-23.95
1	14	24	-0.39	-0.43	1.00	-31.98	7.04	11.11
1	14	25	-0.39	-0.43	0.98	-6.98	17.79	35.80
1	14	26	-0.42	-0.41	0.91	14.59	28.17	61.74
1	14	27	-0.45	-0.38	0.85	24.84	37.79	97.55
1	14	28	-0.51	-0.35	0.81	28.09	55.04	133.42
1	14	29	-0.53	-0.29	0.75	35.52	77.85	166.42
1	14	30	-0.50	-0.20	0.61	59.21	86.48	191.17
1	14	31	-0.52	-0.16	0.37	80.71	77.48	201.55
1	14	32	-0.61	-0.17	0.26	60.71	82.67	224.30
1	14	33	-0.59	-0.10	0.20	43.77	86.92	252.80
1	14	34	-0.64	-0.05	0.12	71.02	70.42	261.30
1	14	35	-0.68	-0.03	-0.01	96.84	65.42	283.67
1	14	36	-0.68	0.00	-0.27	105.09	67.67	315.11
1	14	37	-0.62	0.06	-0.63	114.52	58.17	312.80
1	14	38	-0.64	0.03	-0.80	99.71	29.67	283.74
1	14	39	-0.63	0.01	-0.82	62.40	25.98	261.49
1	14	40	-0.60	0.07	-0.79	27.46	15.92	243.11
1	14	41	-0.59	0.04	-0.79	47.40	-18.27	220.55
1	14	42	-0.64	-0.11	-0.94	90.96	-32.58	195.24
1	14	43	-0.70	-0.20	-1.17	107.90	-26.40	159.05
1	14	44	-0.76	-0.28	-1.30	90.21	-13.90	111.30
1	14	45	-0.69	-0.27	-1.15	41.52	2.42	76.05
1	14	46	-0.56	-0.18	-0.92	12.21	10.10	81.80
1	14	47	-0.48	-0.09	-0.83	14.27	18.42	90.74
1	14	48	-0.40	0.02	-0.89	22.34	17.60	101.05
1	14	49	-0.40	0.02	-1.00	43.09	-8.21	86.61
SampleType: 2 / 2
NumSample: 16 / 30
Press return to start next sample
... Start Reading Sample ...
1	15	0	-0.51	-0.26	-1.54	-23.48	40.98	-75.58
1	15	1	-0.54	-0.29	-1.59	-11.16	43.23	-115.70
1	15	2	-0.60	-0.31	-1.69	12.40	59.67	-168.33
1	15	3	-0.57	-0.25	-1.68	13.71	68.85	-216.45
1	15	4	-0.56	-0.24	-1.59	-19.35	68.48	-253.58
1	15	5	-0.53	-0.19	-1.39	-59.41	70.42	-282.08
1	15	6	-0.45	-0.09	-1.11	-61.35	65.48	-315.26
1	15	7	-0.36	-0.06	-0.86	-54.79	44.35	-336.33
1	15	8	-0.40	-0.11	-0.66	-86.41	28.48	-325.64
1	15	9	-0.45	-0.07	-0.39	-103.04	32.48	-318.51
1	15	10	-0.43	0.01	-0.17	-101.60	28.29	-296.45
1	15	11	-0.47	0.04	0.03	-74.54	13.98	-300.51
1	15	12	-0.48	0.05	0.22	-85.66	7.48	-271.08
1	15	13	-0.47	0.00	0.31	-120.23	-0.71	-237.26
1	15	14	-0.46	-0.04	0.52	-134.10	-14.46	-213.20
1	15	15	-0.48	-0.08	0.79	-124.85	-30.02	-183.51
1	15	16	-0.50	-0.11	0.86	-84.98	-41.83	-152.20
1	15	17	-0.52	-0.18	0.76	-61.85	-42.46	-138.08
1	15	18	-0.54	-0.22	0.85	-77.60	-28.52	-101.33
1	15	19	-0.52	-0.21	0.95	-75.98	-17.21	-66.08
1	15	20	-0.51	-0.21	0.99	-52.16	-12.71	-36.14
1	15	21	-0.52	-0.22	0.94	-31.35	-9.90	0.17
1	15	22	-0.53	-0.24	0.89	-8.10	-1.40	24.80
1	15	23	-0.55	-0.24	0.75	1.27	10.23	38.49
1	15	24	-0.59	-0.26	0.72	-3.98	29.42	74.30
1	15	25	-0.62	-0.22	0.66	4.84	42.67	87.99
1	15	26	-0.65	-0.18	0.58	15.02	47.73	99.49
1	15	27	-0.69	-0.16	0.50	20.09	53.60	112.99
1	15	28	-0.72	-0.13	0.49	6.65	65.29	141.42
1	15	29	-0.72	-0.06	0.47	2.65	76.04	172.67
1	15	30	-0.68	0.00	0.43	17.77	74.29	192.86
1	15	31	-0.66	0.04	0.31	37.02	60.23	216.36
1	15	32	-0.71	0.06	0.06	67.84	54.60	208.24
1	15	33	-0.75	0.11	-0.03	76.15	48.67	213.99
1	15	34	-0.74	0.12	-0.09	76.46	32.04	234.30
1	15	35	-0.75	0.09	-0.18	80.52	14.92	260.74
1	15	36	-0.73	0.05	-0.32	85.40	14.92	282.61
1	15	37	-0.72	0.02	-0.55	89.27	31.73	288.80
1	15	38	-0.67	0.12	-0.85	91.09	51.60	262.42
1	15	39	-0.61	0.23	-1.08	100.84	29.17	194.92
1	15	40	-0.63	0.15	-1.07	77.84	-13.96	155.67
1	15	41	-0.64	0.05	-0.98	52.34	-31.40	139.36
1	15	42	-0.63	-0.04	-0.92	15.77	-14.08	154.42
1	15	43	-0.59	0.01	-0.91	2.34	8.98	158.55
1	15	44	-0.56	0.03	-1.02	30.71	6.60	135.24
1	15	45	-0.59	-0.04	-1.10	57.27	-8.27	82.11
1	15	46	-0.56	-0.12	-0.99	53.34	-5.46	56.55
1	15	47	-0.49	-0.11	-0.86	13.59	7.54	82.30
1	15	48	-0.44	-0.01	-0.87	-1.98	21.10	102.74
1	15	49	-0.40	0.05	-0.96	24.59	7.54	90.55
SampleType: 2 / 2
NumSample: 17 / 30
Press return to start next sample
... Start Reading Sample ...
1	16	0	-0.46	-0.14	-1.56	-34.04	42.10	-68.45
1	16	1	-0.47	-0.12	-1.57	-30.73	35.98	-114.08
1	16	2	-0.49	-0.11	-1.53	-40.04	31.10	-152.20
1	16	3	-0.50	-0.08	-1.49	-40.16	27.10	-192.58
1	16	4	-0.49	-0.09	-1.48	-39.85	14.17	-241.14
1	16	5	-0.51	-0.11	-1.42	-59.73	4.60	-288.58
1	16	6	-0.48	-0.14	-1.20	-114.66	1.54	-296.83
1	16	7	-0.48	-0.12	-0.94	-127.29	-5.58	-310.39
1	16	8	-0.49	-0.05	-0.72	-102.91	-11.40	-323.64
1	16	9	-0.50	-0.02	-0.60	-90.60	-6.90	-328.58
1	16	10	-0.47	0.01	-0.40	-102.16	-12.96	-319.76
1	16	11	-0.51	0.02	-0.14	-97.35	-17.90	-303.01
1	16	12	-0.52	0.05	0.06	-93.73	-16.96	-276.33
1	16	13	-0.51	0.04	0.24	-107.29	-19.77	-246.20
1	16	14	-0.51	0.02	0.42	-115.04	-31.58	-207.20
1	16	15	-0.53	0.03	0.51	-90.23	-43.77	-184.33
1	16	16	-0.60	-0.06	0.53	-77.60	-49.90	-165.83
1	16	17	-0.58	-0.12	0.64	-90.41	-45.08	-142.14
1	16	18	-0.54	-0.17	0.79	-91.73	-43.02	-121.14
1	16	19	-0.51	-0.26	0.91	-74.91	-40.46	-97.14
1	16	20	-0.51	-0.35	1.02	-57.73	-32.08	-64.64
1	16	21	-0.51	-0.39	1.04	-39.48	-18.65	-28.64
1	16	22	-0.51	-0.43	0.99	-20.98	1.23	5.42
1	16	23	-0.54	-0.39	0.89	-8.73	19.67	35.80
1	16	24	-0.57	-0.41	0.82	5.27	46.29	67.30
1	16	25	-0.61	-0.36	0.74	16.15	66.98	92.24
1	16	26	-0.61	-0.29	0.71	19.40	83.29	128.05
1	16	27	-0.59	-0.24	0.66	28.84	92.10	160.74
1	16	28	-0.56	-0.19	0.53	45.09	96.04	184.05
1	16	29	-0.59	-0.10	0.45	55.71	95.92	208.24
1	16	30	-0.60	-0.00	0.34	69.52	94.48	237.74
1	16	31	-0.57	0.05	0.21	94.09	83.04	255.55
1	16	32	-0.56	0.06	0.05	109.40	64.48	278.24
1	16	33	-0.56	0.08	-0.10	121.77	58.42	291.86
1	16	34	-0.55	0.09	-0.29	138.34	62.85	303.42
1	16	35	-0.50	0.18	-0.57	158.09	63.85	311.99
1	16	36	-0.51	0.28	-0.99	200.71	42.35	268.05
1	16	37	-0.58	0.29	-1.35	197.59	-12.27	175.42
1	16	38	-0.67	0.20	-1.30	128.59	-56.21	113.42
1	16	39	-0.69	0.06	-1.16	56.40	-66.46	101.24
1	16	40	-0.73	-0.02	-1.04	20.96	-52.52	94.17
1	16	41	-0.69	-0.04	-0.92	26.59	-35.77	88.92
1	16	42	-0.62	-0.04	-0.85	38.09	-37.77	90.24
1	16	43	-0.56	-0.08	-0.77	49.90	-46.46	92.80
1	16	44	-0.56	-0.17	-0.80	42.71	-39.15	107.42
1	16	45	-0.55	-0.19	-0.92	22.96	-26.02	123.99
1	16	46	-0.54	-0.17	-1.04	12.52	-16.40	116.80
1	16	47	-0.50	-0.18	-1.05	13.15	-13.77	100.67
1	16	48	-0.47	-0.20	-1.08	18.40	-20.21	85.74
1	16	49	-0.46	-0.22	-1.08	20.34	-20.77	73.49
SampleType: 2 / 2
NumSample: 18 / 30
Press return to start next sample
... Start Reading Sample ...
1	17	0	-0.50	-0.23	-1.62	5.34	27.79	-132.14
1	17	1	-0.52	-0.24	-1.58	-9.35	36.35	-165.20
1	17	2	-0.52	-0.17	-1.52	-28.16	46.48	-191.70
1	17	3	-0.53	-0.14	-1.54	-35.79	45.10	-231.39
1	17	4	-0.54	-0.13	-1.44	-70.04	40.98	-263.58
1	17	5	-0.50	-0.07	-1.34	-101.35	38.98	-282.33
1	17	6	-0.44	-0.04	-1.24	-127.35	21.35	-306.39
1	17	7	-0.37	-0.07	-0.89	-167.98	1.79	-311.64
1	17	8	-0.35	-0.02	-0.56	-185.16	-16.90	-296.70
1	17	9	-0.39	-0.00	-0.35	-143.66	-32.27	-311.70
1	17	10	-0.38	-0.03	-0.13	-141.91	-35.65	-298.33
1	17	11	-0.41	-0.05	0.01	-172.85	-31.83	-261.76
1	17	12	-0.41	-0.06	0.24	-184.48	-26.21	-249.58
1	17	13	-0.43	-0.12	0.46	-182.54	-29.77	-223.83
1	17	14	-0.49	-0.17	0.70	-166.16	-40.27	-189.51
1	17	15	-0.52	-0.19	0.81	-124.23	-46.46	-153.51
1	17	16	-0.56	-0.24	0.72	-85.16	-58.08	-130.20
1	17	17	-0.62	-0.28	0.69	-81.41	-60.71	-104.01
1	17	18	-0.66	-0.28	0.67	-78.85	-57.33	-78.20
1	17	19	-0.71	-0.34	0.71	-73.98	-57.52	-52.51
1	17	20	-0.71	-0.38	0.73	-56.41	-56.40	-27.76
1	17	21	-0.73	-0.39	0.72	-38.54	-43.33	-4.01
1	17	22	-0.71	-0.44	0.69	-15.73	-25.65	12.80
1	17	23	-0.68	-0.43	0.61	-0.04	-10.96	21.67
1	17	24	-0.68	-0.45	0.60	4.15	2.54	49.80
1	17	25	-0.71	-0.39	0.56	20.21	12.67	56.11
1	17	26	-0.74	-0.37	0.48	33.15	29.85	66.80
1	17	27	-0.78	-0.33	0.47	35.27	43.23	86.99
1	17	28	-0.78	-0.28	0.44	43.52	49.85	101.11
1	17	29	-0.75	-0.26	0.41	55.96	52.54	112.30
1	17	30	-0.75	-0.23	0.32	61.21	49.98	122.11
1	17	31	-0.78	-0.22	0.31	53.59	52.79	136.36
1	17	32	-0.82	-0.20	0.32	57.02	60.92	153.61
1	17	33	-0.81	-0.17	0.25	78.09	70.60	163.74
1	17	34	-0.79	-0.12	0.16	99.65	72.23	172.30
1	17	35	-0.77	-0.10	0.05	103.59	78.04	186.92
1	17	36	-0.78	-0.06	-0.06	99.09	88.92	198.11
1	17	37	-0.78	-0.03	-0.17	103.09	99.29	218.74
1	17	38	-0.73	0.03	-0.32	116.65	110.42	215.11
1	17	39	-0.65	0.12	-0.45	122.84	113.60	211.86
1	17	40	-0.58	0.20	-0.55	112.71	111.67	221.49
1	17	41	-0.52	0.30	-0.76	113.52	81.92	226.24
1	17	42	-0.51	0.28	-0.88	123.52	38.29	203.42
1	17	43	-0.57	0.16	-0.91	127.21	17.35	178.11
1	17	44	-0.57	0.10	-0.94	99.46	22.10	182.42
1	17	45	-0.56	0.07	-0.99	94.27	23.73	175.42
1	17	46	-0.54	0.03	-1.08	101.71	29.35	155.55
1	17	47	-0.46	0.07	-1.14	95.59	30.92	140.99
1	17	48	-0.40	0.16	-1.18	83.96	15.73	117.05
1	17	49	-0.39	0.15	-1.22	74.09	-14.58	92.05
SampleType: 2 / 2
NumSample: 19 / 30
Press return to start next sample
... Start Reading Sample ...
1	18	0	-0.57	-0.18	-1.61	1.59	26.42	-86.64
1	18	1	-0.58	-0.18	-1.71	-0.85	34.60	-125.45
1	18	2	-0.58	-0.17	-1.71	-9.10	28.85	-172.95
1	18	3	-0.52	-0.12	-1.52	-10.79	11.67	-216.01
1	18	4	-0.51	-0.10	-1.47	13.09	-4.77	-261.51
1	18	5	-0.53	-0.16	-1.50	0.27	-5.96	-292.89
1	18	6	-0.49	-0.21	-1.34	-52.04	1.98	-313.33
1	18	7	-0.39	-0.21	-0.92	-107.29	3.60	-316.83
1	18	8	-0.40	-0.20	-0.51	-138.79	10.29	-287.26
1	18	9	-0.43	-0.11	-0.37	-118.41	27.73	-284.51
1	18	10	-0.41	0.01	-0.26	-83.04	22.60	-302.01
1	18	11	-0.47	0.05	-0.10	-104.60	9.04	-285.08
1	18	12	-0.44	0.09	0.07	-137.79	-6.90	-261.08
1	18	13	-0.45	0.08	0.26	-112.54	-41.40	-264.58
1	18	14	-0.52	-0.03	0.44	-74.23	-66.15	-265.08
1	18	15	-0.53	-0.15	0.55	-72.85	-64.33	-237.20
1	18	16	-0.47	-0.24	0.68	-91.98	-54.08	-203.01
1	18	17	-0.47	-0.28	0.82	-90.73	-45.21	-177.45
1	18	18	-0.44	-0.31	0.92	-74.85	-37.52	-139.83
1	18	19	-0.41	-0.32	0.96	-50.66	-39.08	-114.89
1	18	20	-0.42	-0.34	0.99	-28.04	-34.46	-90.95
1	18	21	-0.40	-0.40	0.99	-19.48	-22.65	-59.33
1	18	22	-0.40	-0.48	1.05	-14.16	-9.02	-16.76
1	18	23	-0.42	-0.54	1.03	-0.98	8.60	16.05
1	18	24	-0.45	-0.57	0.96	10.90	39.23	50.61
1	18	25	-0.45	-0.49	0.89	20.46	63.60	81.05
1	18	26	-0.46	-0.34	0.82	30.40	68.67	102.42
1	18	27	-0.50	-0.23	0.79	38.71	67.67	129.49
1	18	28	-0.52	-0.19	0.77	42.21	71.60	163.36
1	18	29	-0.51	-0.14	0.64	63.15	76.35	185.61
1	18	30	-0.54	-0.09	0.50	71.46	74.10	201.61
1	18	31	-0.58	-0.04	0.33	65.34	71.10	223.17
1	18	32	-0.57	0.00	0.20	58.46	62.35	231.74
1	18	33	-0.59	0.04	0.17	72.21	45.48	236.99
1	18	34	-0.67	-0.02	0.05	79.90	40.98	260.74
1	18	35	-0.70	0.01	-0.15	62.52	67.92	312.92
1	18	36	-0.59	0.18	-0.46	98.71	80.04	309.74
1	18	37	-0.51	0.31	-0.71	125.90	50.85	274.36
1	18	38	-0.52	0.28	-0.83	132.27	0.48	223.92
1	18	39	-0.63	0.05	-0.85	71.27	-23.96	221.17
1	18	40	-0.68	0.02	-0.87	17.34	-3.52	241.67
1	18	41	-0.64	0.09	-0.99	27.27	18.35	241.36
1	18	42	-0.60	0.18	-1.20	69.27	22.67	205.67
1	18	43	-0.60	0.12	-1.38	89.46	-10.27	131.30
1	18	44	-0.64	-0.04	-1.34	69.90	-37.52	80.05
1	18	45	-0.66	-0.18	-1.15	41.96	-40.96	54.55
1	18	46	-0.63	-0.19	-0.96	22.21	-13.52	57.36
1	18	47	-0.52	-0.10	-0.89	7.96	3.10	72.49
1	18	48	-0.46	-0.03	-0.88	15.21	1.79	72.05
1	18	49	-0.46	-0.03	-0.92	22.77	-2.83	64.30
SampleType: 2 / 2
NumSample: 20 / 30
Press return to start next sample
... Start Reading Sample ...
1	19	0	-0.54	-0.17	-1.52	-12.04	39.42	-69.45
1	19	1	-0.55	-0.19	-1.65	-4.04	35.23	-120.76
1	19	2	-0.59	-0.21	-1.71	0.96	33.29	-159.01
1	19	3	-0.57	-0.14	-1.75	-20.66	34.23	-198.14
1	19	4	-0.48	-0.07	-1.58	-46.98	23.73	-238.20
1	19	5	-0.42	-0.05	-1.35	-58.04	11.04	-273.51
1	19	6	-0.40	-0.06	-1.11	-70.35	-2.02	-286.20
1	19	7	-0.42	-0.03	-0.89	-52.16	-8.77	-302.01
1	19	8	-0.45	-0.09	-0.74	-59.16	-2.77	-305.83
1	19	9	-0.49	-0.10	-0.58	-109.60	13.23	-287.45
1	19	10	-0.47	-0.02	-0.38	-130.85	17.60	-276.33
1	19	11	-0.48	0.02	-0.09	-109.35	-0.52	-276.89
1	19	12	-0.49	-0.01	0.13	-93.98	-16.52	-261.33
1	19	13	-0.48	-0.02	0.25	-81.41	-33.46	-253.64
1	19	14	-0.53	-0.11	0.41	-84.98	-43.33	-228.58
1	19	15	-0.52	-0.17	0.58	-91.98	-40.08	-198.01
1	19	16	-0.51	-0.23	0.78	-83.23	-41.33	-172.64
1	19	17	-0.53	-0.27	0.86	-64.73	-30.52	-138.83
1	19	18	-0.53	-0.28	0.91	-47.41	-17.15	-107.45
1	19	19	-0.52	-0.33	0.88	-33.10	-8.02	-73.58
1	19	20	-0.50	-0.36	0.89	-23.48	-6.40	-46.08
1	19	21	-0.52	-0.36	0.93	-12.73	-0.96	-14.95
1	19	22	-0.54	-0.36	0.87	-1.35	11.48	12.86
1	19	23	-0.55	-0.33	0.77	-1.48	21.10	33.61
1	19	24	-0.59	-0.29	0.71	1.52	33.35	57.42
1	19	25	-0.63	-0.25	0.68	8.02	33.10	79.11
1	19	26	-0.64	-0.20	0.60	18.21	32.35	93.42
1	19	27	-0.66	-0.18	0.54	18.59	35.92	110.49
1	19	28	-0.67	-0.16	0.47	18.15	43.48	130.17
1	19	29	-0.66	-0.12	0.41	24.15	45.29	144.86
1	19	30	-0.63	-0.05	0.38	31.40	41.54	162.11
1	19	31	-0.61	-0.04	0.35	46.21	31.48	178.61
1	19	32	-0.66	-0.09	0.27	53.40	33.29	207.55
1	19	33	-0.78	-0.11	0.14	42.02	61.42	265.86
1	19	34	-0.73	0.02	-0.05	61.77	97.35	311.49
1	19	35	-0.60	0.20	-0.40	148.71	91.92	291.36
1	19	36	-0.57	0.18	-0.74	198.84	43.29	244.80
1	19	37	-0.66	0.09	-0.97	165.21	13.23	217.24
1	19	38	-0.75	0.08	-1.07	68.96	13.54	217.42
1	19	39	-0.75	0.16	-1.01	8.15	22.92	204.49
1	19	40	-0.67	0.20	-0.91	20.96	18.79	179.30
1	19	41	-0.58	0.15	-0.87	45.40	-0.40	160.86
1	19	42	-0.53	0.05	-0.88	49.59	-20.90	156.74
1	19	43	-0.56	-0.03	-0.97	41.09	-13.96	159.61
1	19	44	-0.54	-0.01	-1.08	20.71	6.85	163.11
1	19	45	-0.48	0.02	-1.12	20.71	4.73	140.99
1	19	46	-0.46	0.00	-1.12	26.71	-7.90	117.11
1	19	47	-0.45	-0.04	-1.11	37.84	-20.65	94.61
1	19	48	-0.48	-0.11	-1.15	46.09	-23.58	73.49
1	19	49	-0.48	-0.14	-1.22	18.27	2.48	70.30
SampleType: 2 / 2
NumSample: 21 / 30
Press return to start next sample
... Start Reading Sample ...
1	20	0	-0.47	-0.10	-1.53	-1.91	25.54	-93.83
1	20	1	-0.49	-0.09	-1.57	7.40	30.42	-139.83
1	20	2	-0.50	-0.07	-1.58	18.34	31.73	-173.58
1	20	3	-0.53	-0.10	-1.70	10.65	35.60	-208.58
1	20	4	-0.53	-0.10	-1.70	-37.16	38.35	-248.33
1	20	5	-0.47	-0.05	-1.58	-60.04	32.92	-296.08
1	20	6	-0.39	-0.07	-1.33	-85.54	14.17	-326.51
1	20	7	-0.35	-0.14	-0.99	-129.41	2.10	-325.08
1	20	8	-0.34	-0.07	-0.69	-155.10	-7.27	-311.76
1	20	9	-0.36	-0.03	-0.57	-121.10	-5.96	-337.39
1	20	10	-0.36	0.01	-0.31	-126.35	-9.83	-329.39
1	20	11	-0.38	0.06	0.00	-131.16	-14.65	-300.76
1	20	12	-0.38	0.08	0.18	-117.23	-22.02	-292.26
1	20	13	-0.37	0.05	0.36	-113.29	-39.58	-276.45
1	20	14	-0.37	-0.05	0.65	-118.98	-67.15	-235.95
1	20	15	-0.43	-0.21	0.86	-79.29	-77.52	-199.58
1	20	16	-0.49	-0.32	0.92	-55.41	-63.52	-167.20
1	20	17	-0.46	-0.34	0.93	-59.98	-39.15	-129.89
1	20	18	-0.42	-0.36	0.98	-68.79	-19.58	-95.51
1	20	19	-0.41	-0.36	1.10	-60.60	-14.33	-59.70
1	20	20	-0.44	-0.39	1.15	-24.04	-7.15	-20.08
1	20	21	-0.45	-0.43	1.04	11.34	0.92	12.36
1	20	22	-0.48	-0.41	0.94	36.71	8.04	39.55
1	20	23	-0.53	-0.43	0.82	43.52	23.29	68.24
1	20	24	-0.55	-0.35	0.78	38.84	40.98	93.80
1	20	25	-0.52	-0.24	0.77	50.90	43.42	121.92
1	20	26	-0.50	-0.16	0.72	69.40	32.35	140.86
1	20	27	-0.51	-0.12	0.64	73.52	25.48	165.36
1	20	28	-0.51	-0.09	0.54	77.59	20.79	194.92
1	20	29	-0.51	-0.09	0.37	86.34	14.04	216.11
1	20	30	-0.54	-0.11	0.24	78.21	15.73	229.61
1	20	31	-0.58	-0.12	0.15	69.90	26.54	254.17
1	20	32	-0.59	-0.15	-0.04	94.09	42.23	276.49
1	20	33	-0.55	-0.12	-0.23	104.15	57.79	297.24
1	20	34	-0.55	-0.02	-0.46	110.59	70.60	324.99
1	20	35	-0.52	0.17	-0.79	135.40	69.29	351.24
1	20	36	-0.47	0.24	-1.31	188.90	29.54	277.11
1	20	37	-0.62	0.08	-1.39	164.46	-24.27	183.30
1	20	38	-0.71	0.01	-1.17	52.46	-31.58	166.11
1	20	39	-0.63	0.06	-0.91	-27.48	-15.90	179.67
1	20	40	-0.58	0.07	-0.90	10.40	-10.46	180.67
1	20	41	-0.56	-0.02	-1.11	70.71	-7.46	154.36
1	20	42	-0.54	-0.06	-1.27	73.77	-10.46	127.36
1	20	43	-0.54	-0.07	-1.31	43.59	-22.02	93.80
1	20	44	-0.51	-0.13	-1.25	8.59	-35.71	80.36
1	20	45	-0.54	-0.19	-1.22	-7.54	-37.27	76.67
1	20	46	-0.54	-0.25	-1.22	-7.10	-17.77	53.30
1	20	47	-0.49	-0.19	-1.13	-2.91	-4.58	32.17
1	20	48	-0.44	-0.15	-1.04	-5.48	-7.46	26.36
1	20	49	-0.44	-0.16	-1.00	-1.91	-9.27	19.30
SampleType: 2 / 2
NumSample: 22 / 30
Press return to start next sample
... Start Reading Sample ...
1	21	0	-0.53	-0.17	-1.42	-30.35	26.17	-59.95
1	21	1	-0.56	-0.16	-1.49	-25.04	34.54	-95.01
1	21	2	-0.56	-0.15	-1.61	-16.85	35.23	-130.39
1	21	3	-0.59	-0.11	-1.75	-24.98	30.73	-170.58
1	21	4	-0.57	-0.08	-1.74	-30.41	26.23	-219.83
1	21	5	-0.50	-0.08	-1.61	-58.23	25.73	-265.58
1	21	6	-0.38	-0.09	-1.33	-119.48	15.67	-282.14
1	21	7	-0.38	-0.04	-1.07	-112.79	8.67	-312.14
1	21	8	-0.36	0.02	-0.83	-79.16	1.54	-335.08
1	21	9	-0.37	0.04	-0.58	-69.48	-2.02	-339.64
1	21	10	-0.38	-0.03	-0.42	-72.91	5.73	-357.26
1	21	11	-0.37	-0.00	-0.05	-108.66	3.29	-333.58
1	21	12	-0.38	0.06	0.23	-122.54	-9.40	-285.14
1	21	13	-0.38	0.11	0.33	-90.85	-36.33	-271.08
1	21	14	-0.38	0.06	0.47	-83.79	-68.58	-247.51
1	21	15	-0.43	-0.04	0.57	-104.85	-77.71	-208.64
1	21	16	-0.44	-0.11	0.71	-109.23	-78.52	-186.89
1	21	17	-0.45	-0.16	0.92	-87.54	-87.15	-156.26
1	21	18	-0.45	-0.27	0.99	-49.60	-82.96	-137.14
1	21	19	-0.42	-0.36	1.03	-36.66	-75.46	-102.39
1	21	20	-0.43	-0.43	1.04	-32.48	-55.15	-69.14
1	21	21	-0.41	-0.49	1.08	-36.48	-25.96	-30.33
1	21	22	-0.39	-0.49	1.14	-41.54	-0.52	15.17
1	21	23	-0.38	-0.44	1.07	-28.41	17.29	46.80
1	21	24	-0.38	-0.45	1.01	6.40	38.98	79.67
1	21	25	-0.39	-0.42	0.90	38.96	41.10	108.92
1	21	26	-0.41	-0.32	0.80	65.52	39.29	129.80
1	21	27	-0.42	-0.25	0.71	72.21	34.29	156.30
1	21	28	-0.46	-0.22	0.58	65.96	31.04	193.05
1	21	29	-0.49	-0.21	0.44	50.40	41.04	215.92
1	21	30	-0.51	-0.16	0.32	39.52	51.48	231.92
1	21	31	-0.53	-0.09	0.21	57.52	51.42	235.55
1	21	32	-0.60	-0.10	0.09	58.02	54.92	256.80
1	21	33	-0.62	-0.12	-0.06	25.09	79.54	300.99
1	21	34	-0.60	-0.05	-0.19	15.52	105.54	335.67
1	21	35	-0.48	0.16	-0.52	75.84	113.67	332.80
1	21	36	-0.41	0.22	-0.88	147.34	70.54	301.11
1	21	37	-0.50	0.11	-1.08	151.77	21.67	269.61
1	21	38	-0.59	0.04	-1.25	81.15	15.92	261.99
1	21	39	-0.62	0.12	-1.25	21.34	18.23	234.55
1	21	40	-0.57	0.15	-1.17	9.09	4.54	196.24
1	21	41	-0.48	0.09	-1.06	15.96	-25.52	158.24
1	21	42	-0.49	-0.05	-1.03	33.96	-40.52	142.11
1	21	43	-0.51	-0.09	-1.13	28.27	-22.77	147.11
1	21	44	-0.49	-0.01	-1.24	33.21	-11.96	139.17
1	21	45	-0.49	0.06	-1.39	51.15	-27.33	86.05
1	21	46	-0.49	-0.02	-1.32	45.27	-37.40	48.42
1	21	47	-0.50	-0.12	-1.26	27.46	-37.90	39.80
1	21	48	-0.78	-0.31	-1.84	-0.73	0.17	41.05
1	21	49	-0.35	-0.19	-1.26	-49.10	-4.21	-17.39
SampleType: 2 / 2
NumSample: 23 / 30
Press return to start next sample
... Start Reading Sample ...
1	22	0	-0.59	-0.16	-1.59	9.21	46.35	-134.76
1	22	1	-0.58	-0.11	-1.67	15.21	51.10	-179.64
1	22	2	-0.55	-0.12	-1.66	19.46	51.17	-226.45
1	22	3	-0.51	-0.13	-1.52	-4.29	50.17	-256.14
1	22	4	-0.45	-0.09	-1.29	-39.48	53.85	-284.33
1	22	5	-0.40	-0.03	-0.99	-62.48	44.98	-294.58
1	22	6	-0.44	-0.03	-0.77	-78.29	40.60	-292.51
1	22	7	-0.44	0.05	-0.56	-64.10	31.29	-297.33
1	22	8	-0.45	0.11	-0.40	-40.16	12.92	-301.20
1	22	9	-0.50	0.13	-0.36	-38.91	-0.33	-302.01
1	22	10	-0.54	0.13	-0.28	-65.66	-19.71	-292.95
1	22	11	-0.50	0.15	-0.03	-101.66	-38.15	-275.33
1	22	12	-0.47	0.12	0.25	-104.29	-56.15	-260.76
1	22	13	-0.48	0.08	0.34	-60.35	-72.21	-264.45
1	22	14	-0.39	0.07	0.50	-69.66	-85.33	-241.83
1	22	15	-0.34	0.00	0.60	-71.41	-97.40	-220.58
1	22	16	-0.30	-0.14	0.76	-72.04	-103.90	-203.95
1	22	17	-0.29	-0.27	0.95	-72.73	-91.15	-168.64
1	22	18	-0.25	-0.38	1.10	-65.16	-73.83	-134.20
1	22	19	-0.23	-0.47	1.18	-45.79	-59.08	-96.64
1	22	20	-0.22	-0.55	1.18	-35.66	-36.08	-51.39
1	22	21	-0.24	-0.56	1.15	-32.04	-13.46	-12.26
1	22	22	-0.28	-0.54	1.10	-16.54	-0.02	10.99
1	22	23	-0.36	-0.55	1.08	-1.48	13.10	40.42
1	22	24	-0.44	-0.50	1.01	22.52	26.17	65.17
1	22	25	-0.48	-0.47	0.91	28.90	42.98	91.30
1	22	26	-0.46	-0.40	0.85	22.02	61.54	108.42
1	22	27	-0.41	-0.32	0.88	11.59	73.85	132.24
1	22	28	-0.35	-0.25	0.88	4.84	74.42	163.49
1	22	29	-0.32	-0.22	0.81	6.77	68.85	190.74
1	22	30	-0.30	-0.19	0.72	22.09	61.85	212.05
1	22	31	-0.29	-0.17	0.60	43.15	52.48	234.86
1	22	32	-0.30	-0.15	0.45	64.46	42.23	255.61
1	22	33	-0.38	-0.19	0.22	70.77	41.92	277.55
1	22	34	-0.48	-0.22	-0.10	41.09	74.73	315.05
1	22	35	-0.48	-0.09	-0.35	23.34	108.98	338.61
1	22	36	-0.38	0.14	-0.60	70.27	105.04	312.17
1	22	37	-0.40	0.18	-0.78	106.65	58.67	279.61
1	22	38	-0.51	0.05	-0.93	72.77	44.73	318.74
1	22	39	-0.51	0.06	-1.15	38.40	64.42	340.42
1	22	40	-0.47	0.15	-1.23	40.09	66.92	327.30
1	22	41	-0.50	0.28	-1.33	79.84	30.04	309.74
1	22	42	-0.55	0.14	-1.73	135.27	-1.40	238.11
1	22	43	-0.55	-0.11	-1.76	128.09	-33.15	93.05
1	22	44	-0.53	-0.20	-1.32	51.59	-34.02	62.92
1	22	45	-0.46	-0.11	-1.11	-27.29	-7.02	120.17
1	22	46	-0.40	0.05	-1.17	-15.16	8.10	122.42
1	22	47	-0.38	0.07	-1.32	29.65	-5.33	90.49
1	22	48	-0.41	-0.01	-1.31	37.71	-21.33	32.55
1	22	49	-0.66	-0.18	-1.81	-2.48	8.67	35.30
SampleType: 2 / 2
NumSample: 24 / 30
Press return to start next sample
... Start Reading Sample ...
1	23	0	-0.50	-0.15	-1.62	13.40	19.73	-75.08
1	23	1	-0.52	-0.21	-1.78	13.15	35.73	-113.64
1	23	2	-0.51	-0.20	-1.86	-11.79	43.98	-150.95
1	23	3	-0.52	-0.21	-1.82	-17.85	51.79	-201.20
1	23	4	-0.44	-0.15	-1.62	-35.79	58.79	-234.83
1	23	5	-0.41	-0.09	-1.41	-50.79	61.60	-255.26
1	23	6	-0.38	0.00	-1.27	-26.16	61.67	-291.01
1	23	7	-0.38	-0.04	-1.10	-44.91	51.92	-305.01
1	23	8	-0.40	-0.05	-0.85	-132.79	50.35	-274.08
1	23	9	-0.38	0.09	-0.63	-146.41	32.85	-272.76
1	23	10	-0.41	0.13	-0.42	-107.91	6.85	-303.70
1	23	11	-0.42	0.11	-0.18	-102.35	-13.08	-299.51
1	23	12	-0.43	0.13	0.04	-97.85	-31.71	-291.76
1	23	13	-0.39	0.13	0.22	-82.98	-51.58	-284.51
1	23	14	-0.39	0.11	0.32	-76.54	-70.65	-261.01
1	23	15	-0.42	0.03	0.42	-69.85	-80.27	-240.64
1	23	16	-0.42	-0.03	0.53	-71.98	-74.02	-218.26
1	23	17	-0.39	-0.05	0.71	-64.23	-75.27	-195.26
1	23	18	-0.39	-0.13	0.83	-20.91	-80.52	-179.70
1	23	19	-0.38	-0.23	0.88	2.34	-79.08	-166.64
1	23	20	-0.40	-0.33	0.96	0.84	-68.83	-137.20
1	23	21	-0.41	-0.39	1.06	-21.10	-37.90	-99.51
1	23	22	-0.38	-0.35	1.22	-21.10	-13.65	-52.33
1	23	23	-0.33	-0.32	1.26	-6.10	-1.02	12.92
1	23	24	-0.32	-0.30	1.20	8.15	6.79	38.17
1	23	25	-0.33	-0.28	1.13	14.34	19.10	75.11
1	23	26	-0.32	-0.21	1.04	23.46	25.67	96.05
1	23	27	-0.31	-0.14	1.00	21.90	23.98	123.17
1	23	28	-0.31	-0.10	0.94	15.65	18.10	156.17
1	23	29	-0.33	-0.10	0.87	16.52	12.54	188.36
1	23	30	-0.35	-0.13	0.74	17.96	14.79	219.74
1	23	31	-0.36	-0.14	0.55	14.96	20.48	252.17
1	23	32	-0.39	-0.13	0.38	17.59	21.73	275.17
1	23	33	-0.42	-0.15	0.17	31.77	23.67	278.61
1	23	34	-0.49	-0.22	-0.00	34.15	32.98	280.99
1	23	35	-0.53	-0.18	-0.21	25.96	54.48	303.80
1	23	36	-0.51	-0.07	-0.53	30.34	73.17	319.92
1	23	37	-0.48	0.04	-0.72	35.59	76.92	316.67
1	23	38	-0.44	0.16	-0.90	54.59	64.92	282.49
1	23	39	-0.46	0.12	-1.02	64.59	40.48	274.61
1	23	40	-0.49	0.12	-1.24	61.90	38.04	299.17
1	23	41	-0.55	0.25	-1.61	85.59	32.79	274.30
1	23	42	-0.63	0.34	-1.86	104.34	1.35	201.11
1	23	43	-0.56	0.23	-1.72	72.34	-55.77	106.55
1	23	44	-0.51	-0.04	-1.18	33.27	-105.15	50.61
1	23	45	-0.60	-0.26	-0.98	-20.48	-68.15	91.49
1	23	46	-0.57	-0.17	-1.04	-22.73	-14.08	111.49
1	23	47	-0.49	0.02	-1.11	24.84	-2.33	88.99
1	23	48	-0.47	-0.04	-1.25	36.21	-7.58	53.86
1	23	49	-0.46	-0.08	-1.19	20.40	-29.40	32.74
SampleType: 2 / 2
NumSample: 25 / 30
Press return to start next sample
... Start Reading Sample ...
1	24	0	-0.53	-0.20	-1.64	-10.48	27.79	-87.58
1	24	1	-0.55	-0.20	-1.61	-42.16	38.29	-110.95
1	24	2	-0.55	-0.14	-1.64	-48.54	40.54	-147.76
1	24	3	-0.56	-0.10	-1.62	-39.79	34.42	-196.95
1	24	4	-0.54	-0.10	-1.61	-45.98	28.54	-245.51
1	24	5	-0.54	-0.09	-1.50	-80.16	35.48	-286.33
1	24	6	-0.43	-0.02	-1.22	-104.16	30.79	-307.14
1	24	7	-0.39	-0.04	-1.08	-112.35	20.79	-331.95
1	24	8	-0.33	-0.03	-0.91	-149.29	12.23	-358.39
1	24	9	-0.27	0.01	-0.49	-175.85	-9.21	-354.45
1	24	10	-0.28	0.06	-0.14	-173.66	-38.52	-327.89
1	24	11	-0.31	0.02	0.16	-159.23	-60.71	-304.45
1	24	12	-0.36	-0.01	0.20	-138.41	-74.21	-280.39
1	24	13	-0.35	-0.04	0.27	-141.10	-94.71	-265.20
1	24	14	-0.39	-0.19	0.55	-163.29	-100.33	-228.83
1	24	15	-0.45	-0.37	0.79	-141.29	-91.65	-187.08
1	24	16	-0.50	-0.42	0.86	-95.23	-77.58	-161.33
1	24	17	-0.49	-0.41	0.86	-71.23	-69.21	-127.70
1	24	18	-0.51	-0.42	0.86	-46.85	-56.08	-103.01
1	24	19	-0.50	-0.49	0.89	-43.79	-36.33	-72.83
1	24	20	-0.47	-0.51	0.96	-34.48	-23.15	-39.95
1	24	21	-0.45	-0.57	1.02	-16.79	-8.27	-3.70
1	24	22	-0.44	-0.56	0.95	15.65	10.60	36.05
1	24	23	-0.43	-0.48	0.78	42.21	19.67	45.80
1	24	24	-0.46	-0.45	0.70	43.46	29.79	67.42
1	24	25	-0.51	-0.38	0.66	40.52	29.73	89.61
1	24	26	-0.55	-0.34	0.68	47.02	32.17	112.05
1	24	27	-0.56	-0.35	0.67	49.02	42.35	142.30
1	24	28	-0.56	-0.35	0.65	59.71	55.23	172.17
1	24	29	-0.59	-0.38	0.53	73.77	79.10	203.80
1	24	30	-0.57	-0.32	0.43	77.52	106.92	233.30
1	24	31	-0.53	-0.19	0.33	89.40	117.23	266.61
1	24	32	-0.50	-0.06	0.17	118.46	108.48	303.86
1	24	33	-0.51	-0.04	-0.05	139.71	103.60	328.17
1	24	34	-0.48	0.01	-0.29	142.96	108.54	352.86
1	24	35	-0.44	0.09	-0.65	146.15	119.35	350.49
1	24	36	-0.38	0.24	-1.02	159.71	90.29	297.55
1	24	37	-0.45	0.22	-1.12	132.84	42.04	262.49
1	24	38	-0.48	0.22	-1.18	90.46	28.60	250.67
1	24	39	-0.49	0.25	-1.32	56.96	16.85	240.17
1	24	40	-0.55	0.23	-1.48	51.77	-0.40	191.11
1	24	41	-0.55	0.15	-1.41	62.71	-16.65	110.05
1	24	42	-0.52	0.06	-1.16	67.71	-25.33	64.80
1	24	43	-0.48	-0.03	-1.05	47.71	-16.58	70.74
1	24	44	-0.46	-0.01	-1.16	20.21	1.92	94.36
1	24	45	-0.41	0.10	-1.26	11.15	-1.90	92.74
1	24	46	-0.44	0.08	-1.26	21.02	-18.83	53.86
1	24	47	-0.45	-0.01	-1.21	17.96	-35.83	28.42
1	24	48	-0.49	-0.14	-1.13	12.65	-38.02	13.67
1	24	49	-0.47	-0.16	-1.01	3.71	-27.15	12.55
SampleType: 2 / 2
NumSample: 26 / 30
Press return to start next sample
... Start Reading Sample ...
1	25	0	-0.48	-0.09	-1.69	0.84	24.92	-64.58
1	25	1	-0.53	-0.13	-1.83	-11.23	32.29	-120.76
1	25	2	-0.53	-0.11	-1.80	-18.91	41.79	-165.01
1	25	3	-0.51	-0.07	-1.74	-24.04	43.79	-220.45
1	25	4	-0.48	-0.02	-1.67	-42.04	37.23	-267.33
1	25	5	-0.44	-0.02	-1.56	-70.85	26.92	-307.26
1	25	6	-0.40	0.02	-1.35	-84.29	12.98	-346.64
1	25	7	-0.36	-0.08	-1.04	-95.73	5.92	-367.39
1	25	8	-0.33	-0.09	-0.75	-99.16	12.98	-379.45
1	25	9	-0.31	-0.08	-0.52	-115.29	9.98	-373.01
1	25	10	-0.35	0.01	-0.26	-137.85	-0.08	-345.64
1	25	11	-0.34	0.07	-0.09	-133.79	-14.21	-329.95
1	25	12	-0.30	0.03	0.20	-138.79	-40.71	-312.58
1	25	13	-0.34	-0.10	0.47	-144.16	-48.40	-281.51
1	25	14	-0.33	-0.16	0.68	-146.98	-47.65	-232.26
1	25	15	-0.34	-0.22	0.85	-122.79	-50.27	-194.70
1	25	16	-0.38	-0.33	0.90	-88.10	-43.46	-169.76
1	25	17	-0.38	-0.37	0.99	-73.41	-28.96	-133.39
1	25	18	-0.39	-0.39	1.05	-67.23	-14.33	-91.33
1	25	19	-0.42	-0.38	1.10	-46.41	-1.96	-52.70
1	25	20	-0.45	-0.34	1.01	-10.04	8.67	-24.89
1	25	21	-0.45	-0.29	0.90	2.27	5.60	5.05
1	25	22	-0.55	-0.32	0.84	16.71	8.79	33.55
1	25	23	-0.58	-0.32	0.75	9.96	25.73	45.05
1	25	24	-0.58	-0.32	0.80	10.15	43.79	72.05
1	25	25	-0.56	-0.30	0.81	28.84	46.29	88.80
1	25	26	-0.55	-0.31	0.80	44.21	56.35	107.61
1	25	27	-0.53	-0.29	0.76	42.09	75.54	140.99
1	25	28	-0.48	-0.20	0.70	48.84	91.73	173.24
1	25	29	-0.45	-0.09	0.66	63.40	96.29	199.80
1	25	30	-0.45	0.00	0.56	103.34	84.17	228.86
1	25	31	-0.48	0.07	0.32	157.59	57.67	253.86
1	25	32	-0.54	0.05	0.05	179.27	43.10	276.61
1	25	33	-0.58	0.06	-0.21	154.46	53.10	306.36
1	25	34	-0.60	0.16	-0.36	116.90	72.85	334.55
1	25	35	-0.48	0.33	-0.67	141.21	71.23	297.17
1	25	36	-0.49	0.35	-0.90	175.21	21.23	230.99
1	25	37	-0.58	0.25	-0.93	150.40	-26.40	214.24
1	25	38	-0.65	0.09	-1.01	112.59	-42.90	225.55
1	25	39	-0.72	-0.05	-1.08	87.65	-23.21	213.61
1	25	40	-0.67	-0.02	-1.09	66.77	7.35	184.92
1	25	41	-0.49	0.08	-0.94	63.21	7.35	166.61
1	25	42	-0.48	-0.00	-1.01	96.15	-8.21	137.74
1	25	43	-0.52	-0.11	-1.16	72.59	5.67	130.42
1	25	44	-0.47	-0.01	-1.20	33.27	20.04	142.05
1	25	45	-0.38	0.16	-1.22	41.21	7.10	113.61
1	25	46	-0.40	0.15	-1.25	67.71	-36.02	73.49
1	25	47	-0.49	-0.11	-1.36	49.02	-41.77	54.11
1	25	48	-0.73	-0.23	-1.73	-1.73	-8.96	64.99
1	25	49	-0.45	-0.26	-1.76	-60.91	16.60	13.11
SampleType: 2 / 2
NumSample: 27 / 30
Press return to start next sample
... Start Reading Sample ...
1	26	0	-0.56	-0.22	-1.80	9.59	41.17	-100.51
1	26	1	-0.53	-0.24	-1.74	-37.54	49.29	-133.83
1	26	2	-0.47	-0.14	-1.66	-66.16	50.29	-156.58
1	26	3	-0.43	-0.02	-1.64	-56.16	43.42	-195.20
1	26	4	-0.38	0.10	-1.62	-54.73	22.79	-242.70
1	26	5	-0.31	0.11	-1.33	-58.16	-11.77	-282.76
1	26	6	-0.34	0.03	-1.17	-65.35	-23.40	-304.95
1	26	7	-0.37	-0.07	-1.12	-109.23	-12.52	-312.51
1	26	8	-0.38	-0.09	-1.00	-143.79	4.54	-350.01
1	26	9	-0.30	-0.07	-0.61	-173.23	3.29	-364.83
1	26	10	-0.27	-0.04	-0.36	-200.16	-8.40	-354.89
1	26	11	-0.28	0.01	-0.15	-187.91	-32.08	-365.14
1	26	12	-0.23	-0.00	0.26	-177.41	-62.40	-351.83
1	26	13	-0.19	-0.08	0.61	-172.66	-93.58	-309.01
1	26	14	-0.25	-0.22	0.82	-135.29	-111.27	-271.95
1	26	15	-0.32	-0.38	0.94	-104.16	-97.33	-226.20
1	26	16	-0.33	-0.44	1.11	-86.41	-82.58	-179.14
1	26	17	-0.30	-0.50	1.16	-59.73	-64.08	-134.33
1	26	18	-0.27	-0.53	1.10	-49.48	-45.02	-88.08
1	26	19	-0.26	-0.57	1.12	-39.60	-27.77	-45.64
1	26	20	-0.27	-0.59	1.13	-17.60	-10.77	-8.89
1	26	21	-0.29	-0.55	1.10	13.34	0.92	21.92
1	26	22	-0.34	-0.53	0.98	41.77	10.10	61.74
1	26	23	-0.41	-0.47	0.86	42.90	21.60	90.11
1	26	24	-0.47	-0.44	0.80	45.40	41.17	121.55
1	26	25	-0.48	-0.37	0.73	52.84	56.79	139.49
1	26	26	-0.46	-0.32	0.66	49.15	70.60	157.92
1	26	27	-0.47	-0.28	0.62	42.84	77.60	180.86
1	26	28	-0.51	-0.23	0.56	41.27	86.92	209.11
1	26	29	-0.52	-0.12	0.46	52.02	94.42	242.11
1	26	30	-0.50	-0.02	0.32	85.27	86.48	257.42
1	26	31	-0.60	-0.00	0.15	113.65	82.48	281.49
1	26	32	-0.62	-0.00	-0.10	113.77	108.23	324.61
1	26	33	-0.46	0.15	-0.49	127.84	124.73	328.99
1	26	34	-0.43	0.23	-0.63	143.71	94.60	299.86
1	26	35	-0.45	0.23	-0.72	128.77	78.42	313.55
1	26	36	-0.40	0.21	-0.91	110.27	79.23	314.30
1	26	37	-0.35	0.27	-1.09	111.09	64.23	277.05
1	26	38	-0.41	0.26	-1.24	113.27	20.85	223.80
1	26	39	-0.47	0.21	-1.26	93.96	-5.83	184.30
1	26	40	-0.52	0.14	-1.28	75.77	-22.46	154.17
1	26	41	-0.55	0.08	-1.32	74.46	-29.71	127.92
1	26	42	-0.52	0.04	-1.31	74.77	-30.83	99.05
1	26	43	-0.48	0.06	-1.32	53.52	-27.15	84.99
1	26	44	-0.45	0.09	-1.25	48.90	-34.21	65.36
1	26	45	-0.45	0.03	-1.27	48.40	-54.15	48.05
1	26	46	-0.50	-0.13	-1.23	31.21	-45.46	35.24
1	26	47	-0.50	-0.18	-1.18	10.52	-25.96	31.05
1	26	48	-0.63	-0.32	-1.69	-8.54	7.92	21.49
1	26	49	-0.32	-0.10	-0.95	0.84	-9.83	-29.83
SampleType: 2 / 2
NumSample: 28 / 30
Press return to start next sample
... Start Reading Sample ...
1	27	0	-0.50	-0.16	-1.70	-24.85	29.17	-37.70
1	27	1	-0.54	-0.19	-2.03	-15.35	37.98	-92.08
1	27	2	-0.52	-0.15	-2.17	-31.41	49.10	-162.58
1	27	3	-0.43	-0.08	-2.00	-66.79	45.42	-217.08
1	27	4	-0.35	-0.04	-1.71	-92.04	37.67	-268.64
1	27	5	-0.28	-0.04	-1.40	-111.48	30.67	-305.45
1	27	6	-0.26	-0.01	-1.21	-123.04	36.92	-337.20
1	27	7	-0.17	0.09	-0.95	-137.60	28.42	-350.08
1	27	8	-0.17	0.09	-0.67	-156.04	1.23	-346.45
1	27	9	-0.23	0.09	-0.38	-144.04	-23.58	-349.39
1	27	10	-0.27	0.07	-0.13	-110.23	-45.52	-348.64
1	27	11	-0.28	0.09	0.12	-90.91	-66.21	-339.58
1	27	12	-0.31	0.04	0.36	-85.10	-84.08	-306.20
1	27	13	-0.32	0.00	0.55	-82.41	-90.71	-261.83
1	27	14	-0.34	-0.08	0.74	-82.85	-94.27	-225.83
1	27	15	-0.45	-0.20	0.82	-72.54	-81.15	-185.14
1	27	16	-0.49	-0.20	0.84	-75.29	-57.40	-143.95
1	27	17	-0.45	-0.18	0.91	-52.91	-49.65	-126.33
1	27	18	-0.43	-0.27	0.98	-40.73	-48.02	-100.33
1	27	19	-0.44	-0.39	1.05	-28.41	-40.15	-71.20
1	27	20	-0.47	-0.47	1.08	-19.54	-18.77	-31.26
1	27	21	-0.48	-0.47	1.06	-0.10	1.04	2.17
1	27	22	-0.49	-0.42	0.98	14.46	10.60	32.30
1	27	23	-0.53	-0.38	0.87	17.09	26.17	62.55
1	27	24	-0.55	-0.32	0.82	26.65	34.35	82.17
1	27	25	-0.56	-0.25	0.76	44.40	31.04	93.86
1	27	26	-0.59	-0.24	0.70	45.40	34.98	105.80
1	27	27	-0.60	-0.18	0.70	43.27	44.98	130.61
1	27	28	-0.59	-0.11	0.66	60.71	45.54	149.42
1	27	29	-0.58	-0.11	0.55	74.40	43.54	167.30
1	27	30	-0.58	-0.15	0.43	63.27	53.79	188.17
1	27	31	-0.59	-0.14	0.37	32.71	73.79	222.74
1	27	32	-0.57	-0.05	0.32	26.34	91.85	261.86
1	27	33	-0.53	0.02	0.19	58.27	105.23	278.11
1	27	34	-0.48	0.04	-0.05	101.27	104.42	286.36
1	27	35	-0.45	0.04	-0.28	104.96	111.29	313.80
1	27	36	-0.36	0.16	-0.56	114.84	114.67	331.42
1	27	37	-0.33	0.21	-0.88	161.09	98.35	294.55
1	27	38	-0.33	0.25	-1.13	162.84	87.29	254.80
1	27	39	-0.36	0.38	-1.25	131.15	51.42	203.86
1	27	40	-0.44	0.43	-1.28	117.71	1.35	184.67
1	27	41	-0.50	0.28	-1.45	109.65	-49.52	150.49
1	27	42	-0.63	0.05	-1.48	96.02	-78.02	97.67
1	27	43	-0.68	-0.10	-1.26	64.46	-71.77	61.86
1	27	44	-0.63	-0.08	-1.00	36.21	-46.15	67.49
1	27	45	-0.53	-0.03	-0.88	31.15	-16.33	80.67
1	27	46	-0.42	0.06	-0.98	13.09	8.73	112.30
1	27	47	-0.36	0.24	-1.15	16.09	-14.40	115.67
1	27	48	-0.44	0.11	-1.27	35.96	-33.21	57.42
1	27	49	-0.44	0.02	-1.15	35.96	-49.21	30.74
SampleType: 2 / 2
NumSample: 29 / 30
Press return to start next sample
... Start Reading Sample ...
1	28	0	-0.55	-0.16	-1.66	11.84	22.35	-65.26
1	28	1	-0.58	-0.16	-1.90	-14.79	44.23	-108.33
1	28	2	-0.55	-0.11	-1.92	-55.35	50.23	-144.45
1	28	3	-0.52	-0.10	-1.81	-76.41	51.10	-203.70
1	28	4	-0.44	-0.04	-1.53	-82.10	36.98	-243.95
1	28	5	-0.41	-0.01	-1.24	-71.91	12.60	-273.01
1	28	6	-0.41	-0.01	-1.11	-52.85	-1.33	-291.70
1	28	7	-0.45	-0.03	-0.94	-64.35	-5.77	-298.58
1	28	8	-0.44	-0.01	-0.80	-76.73	-6.33	-303.76
1	28	9	-0.46	0.02	-0.56	-88.60	-20.15	-293.76
1	28	10	-0.49	0.04	-0.40	-79.16	-34.71	-289.95
1	28	11	-0.52	0.05	-0.33	-43.98	-48.08	-313.76
1	28	12	-0.55	-0.02	-0.15	-65.54	-41.77	-306.70
1	28	13	-0.50	0.01	0.02	-113.79	-34.27	-276.26
1	28	14	-0.41	0.06	0.32	-115.98	-49.27	-265.83
1	28	15	-0.41	0.00	0.58	-79.23	-73.52	-237.95
1	28	16	-0.39	-0.10	0.70	-48.41	-80.96	-212.70
1	28	17	-0.38	-0.16	0.79	-43.48	-70.65	-183.26
1	28	18	-0.36	-0.24	0.84	-64.98	-55.33	-142.51
1	28	19	-0.38	-0.27	0.97	-68.79	-27.71	-99.83
1	28	20	-0.35	-0.26	1.02	-53.85	-14.83	-65.45
1	28	21	-0.35	-0.29	1.07	-29.73	-16.96	-36.26
1	28	22	-0.39	-0.37	1.07	14.65	-16.77	-3.58
1	28	23	-0.45	-0.48	1.01	23.02	-3.46	19.49
1	28	24	-0.51	-0.53	0.96	31.65	16.92	40.17
1	28	25	-0.54	-0.51	0.96	33.71	36.10	68.86
1	28	26	-0.54	-0.42	0.91	30.96	47.29	106.92
1	28	27	-0.53	-0.31	0.84	31.96	48.54	133.36
1	28	28	-0.52	-0.26	0.77	36.84	49.48	150.17
1	28	29	-0.53	-0.25	0.68	32.46	57.23	168.05
1	28	30	-0.51	-0.23	0.60	11.77	70.17	193.80
1	28	31	-0.48	-0.17	0.55	-1.29	77.79	225.99
1	28	32	-0.45	-0.11	0.50	29.71	69.73	235.86
1	28	33	-0.44	-0.05	0.41	98.34	51.54	239.92
1	28	34	-0.42	-0.04	0.18	145.34	40.35	255.67
1	28	35	-0.40	-0.03	-0.18	159.96	36.48	278.11
1	28	36	-0.41	0.03	-0.55	107.52	35.92	295.86
1	28	37	-0.44	0.16	-0.79	53.77	38.42	296.36
1	28	38	-0.45	0.21	-1.02	69.02	15.23	251.80
1	28	39	-0.51	0.12	-1.10	96.46	-10.40	211.24
1	28	40	-0.57	0.03	-1.18	63.09	-13.52	213.42
1	28	41	-0.67	0.01	-1.29	31.09	3.73	196.24
1	28	42	-0.65	0.07	-1.20	10.46	10.73	166.86
1	28	43	-0.65	0.12	-1.05	18.09	-8.40	149.80
1	28	44	-0.72	-0.00	-1.12	54.84	-27.90	115.42
1	28	45	-0.75	-0.14	-1.17	66.34	-35.77	97.80
1	28	46	-0.65	-0.22	-1.28	14.40	-0.40	116.49
1	28	47	-0.47	-0.00	-1.05	-17.79	9.29	105.86
1	28	48	-0.40	0.07	-0.89	20.40	-6.02	93.24
1	28	49	-0.40	-0.04	-0.94	45.59	-20.83	76.30
SampleType: 2 / 2
NumSample: 30 / 30
Press return to start next sample
... Start Reading Sample ...
1	29	0	-0.33	-0.20	-1.84	13.02	37.23	-131.08
1	29	1	-0.29	-0.21	-1.77	23.65	44.92	-185.89
1	29	2	-0.26	-0.14	-1.74	25.09	55.17	-211.83
1	29	3	-0.27	-0.07	-1.74	27.71	57.73	-244.83
1	29	4	-0.25	-0.09	-1.81	-20.35	66.23	-261.76
1	29	5	-0.21	-0.15	-1.66	-21.04	66.60	-334.33
1	29	6	-0.19	-0.09	-1.24	-1.60	67.67	-385.64
1	29	7	-0.17	-0.08	-0.77	-40.04	62.98	-375.70
1	29	8	-0.23	-0.04	-0.45	-27.35	47.79	-366.58
1	29	9	-0.27	0.05	-0.19	5.46	41.54	-367.26
1	29	10	-0.33	0.12	0.03	40.21	33.10	-355.83
1	29	11	-0.39	0.10	0.18	77.52	32.98	-352.95
1	29	12	-0.42	0.04	0.22	29.15	51.23	-291.76
1	29	13	-0.38	0.10	0.39	11.52	57.98	-279.58
1	29	14	-0.30	0.24	0.68	56.96	41.85	-282.08
1	29	15	-0.24	0.37	0.78	108.96	3.42	-268.64
1	29	16	-0.27	0.35	0.84	118.84	-4.52	-244.64
1	29	17	-0.25	0.19	0.93	21.46	25.48	-152.20
1	29	18	-0.19	0.26	1.17	-56.23	33.60	-68.20
1	29	19	-0.13	0.38	1.25	-21.79	1.67	-37.89
1	29	20	-0.18	0.39	1.20	34.02	-41.40	-24.83
1	29	21	-0.30	0.23	1.05	37.65	-59.33	8.42
1	29	22	-0.37	0.12	0.98	6.90	-44.08	58.17
1	29	23	-0.41	0.13	0.92	-21.98	-27.58	87.67
1	29	24	-0.43	0.14	0.95	-39.60	-13.52	131.05
1	29	25	-0.42	0.16	0.96	-32.29	-12.83	165.99
1	29	26	-0.42	0.12	0.83	-21.98	-17.58	205.99
1	29	27	-0.41	0.12	0.65	-13.04	-25.33	231.24
1	29	28	-0.44	0.13	0.46	12.02	-43.27	224.99
1	29	29	-0.50	0.08	0.26	25.96	-52.65	214.67
1	29	30	-0.55	0.00	0.13	-4.98	-56.58	224.55
1	29	31	-0.58	-0.08	0.07	-62.79	-52.08	270.30
1	29	32	-0.59	-0.10	0.01	-92.29	-43.02	324.86
1	29	33	-0.55	-0.02	-0.26	-2.54	-33.58	310.86
1	29	34	-0.53	-0.09	-0.57	57.90	-39.71	280.99
1	29	35	-0.55	-0.16	-0.78	25.34	-37.46	302.49
1	29	36	-0.54	-0.21	-0.84	-37.85	-8.90	349.42
1	29	37	-0.36	-0.06	-0.90	-46.48	10.29	340.92
1	29	38	-0.24	0.10	-1.11	11.84	3.54	306.11
1	29	39	-0.28	0.06	-1.32	130.02	-26.58	227.86
1	29	40	-0.32	-0.10	-1.66	121.46	-47.52	232.36
1	29	41	-0.25	-0.17	-1.78	2.65	-61.08	227.11
1	29	42	-0.37	-0.11	-1.60	-66.79	-105.71	161.49
1	29	43	-0.47	-0.16	-1.42	-57.10	-112.90	104.74
1	29	44	-0.41	-0.24	-1.32	3.84	-70.90	65.30
1	29	45	-0.39	-0.27	-1.27	47.77	-38.52	34.49
1	29	46	-0.34	-0.29	-1.27	20.02	-11.71	38.99
1	29	47	-0.25	-0.18	-1.20	-32.10	-21.02	45.80
1	29	48	-0.28	-0.17	-1.13	-32.91	-29.27	22.61
1	29	49	-0.30	-0.19	-1.04	-21.79	-26.15	-10.64
------------------------------------------
------------------------------------------
------------------------------------------
All data has been collected
Press Return to send data using serial port.
SampleType	NumSample	numItem	accelX	accelY	accelZ	gyroX	gyroY	gyroZ
0	0	0	-0.28	-0.50	-1.17	-28.10	57.85	-35.08
0	0	1	-0.27	-0.38	-1.08	-21.85	91.79	-45.95
0	0	2	-0.22	-0.28	-0.97	-31.23	110.73	-41.20
0	0	3	-0.19	-0.14	-0.94	-54.73	118.67	-35.83
0	0	4	-0.18	-0.08	-0.97	-51.85	120.98	-28.70
0	0	5	-0.13	-0.02	-0.93	-52.35	130.85	-36.14
0	0	6	-0.12	0.09	-0.86	-64.73	142.10	-36.33
0	0	7	-0.06	0.22	-0.80	-72.16	140.23	-24.26
0	0	8	-0.02	0.38	-0.72	-63.35	129.35	-15.83
0	0	9	-0.07	0.46	-0.78	-50.60	111.79	-1.20
0	0	10	-0.01	0.47	-0.84	-46.04	102.10	4.49
0	0	11	-0.01	0.54	-0.81	-48.10	88.29	4.24
0	0	12	-0.02	0.62	-0.78	-41.16	75.29	9.42
0	0	13	0.01	0.68	-0.80	-29.29	56.42	10.99
0	0	14	0.03	0.72	-0.84	-19.10	28.92	12.92
0	0	15	0.05	0.70	-0.85	-8.54	6.23	8.36
0	0	16	0.03	0.68	-0.84	-4.98	-9.52	6.05
0	0	17	0.02	0.67	-0.81	5.71	-21.52	7.74
0	0	18	0.03	0.64	-0.80	18.71	-36.96	6.30
0	0	19	0.03	0.62	-0.83	27.27	-55.71	8.61
0	0	20	0.02	0.55	-0.86	28.71	-70.96	7.11
0	0	21	-0.00	0.51	-0.86	22.34	-84.21	12.74
0	0	22	-0.03	0.46	-0.88	29.27	-95.33	15.67
0	0	23	-0.06	0.40	-0.90	33.40	-100.52	17.11
0	0	24	-0.06	0.34	-0.91	35.52	-104.21	16.99
0	0	25	-0.07	0.29	-0.91	33.27	-107.08	20.05
0	0	26	-0.08	0.24	-0.91	35.34	-108.77	16.55
0	0	27	-0.12	0.16	-0.93	49.09	-111.52	13.42
0	0	28	-0.15	0.07	-0.98	52.09	-112.96	23.67
0	0	29	-0.13	-0.01	-0.94	49.40	-105.52	12.99
0	0	30	-0.19	-0.07	-0.94	43.59	-100.27	15.17
0	0	31	-0.19	-0.09	-0.95	37.84	-87.40	19.49
0	0	32	-0.19	-0.12	-0.95	32.27	-59.65	3.17
0	0	33	-0.23	-0.15	-0.98	33.71	-64.52	16.05
0	0	34	-0.22	-0.19	-1.03	30.02	-53.90	12.61
0	0	35	-0.22	-0.17	-1.03	28.15	-45.46	5.67
0	0	36	-0.19	-0.15	-1.02	25.02	-35.65	2.92
0	0	37	-0.22	-0.13	-1.03	26.59	-19.77	-7.70
0	0	38	-0.23	-0.13	-1.03	30.71	-23.77	-5.08
0	0	39	-0.20	-0.17	-1.08	21.09	-17.77	-3.01
0	0	40	-0.18	-0.25	-1.10	6.65	30.29	-7.51
0	0	41	-0.39	-0.07	-1.07	9.15	17.35	-5.70
0	0	42	-0.19	-0.11	-1.01	-1.29	-5.90	3.86
0	0	43	-0.21	-0.09	-1.01	-6.60	7.98	-0.08
0	0	44	-0.20	-0.07	-1.01	-6.60	8.29	3.49
0	0	45	-0.19	-0.05	-1.03	-6.79	12.98	2.49
0	0	46	-0.16	-0.04	-1.01	-5.54	14.04	-6.83
0	0	47	-0.17	-0.02	-0.99	-6.98	13.04	-3.20
0	0	48	-0.16	-0.00	-0.97	-6.41	11.79	0.17
0	0	49	-0.16	0.01	-0.97	-5.48	9.10	3.99
0	1	0	-0.35	-0.47	-1.27	-18.48	1.60	-13.70
0	1	1	-0.40	-0.63	-1.27	-24.29	33.67	-26.64
0	1	2	-0.43	-0.70	-1.15	-14.29	91.29	-30.26
0	1	3	-0.28	-0.53	-0.92	-44.54	159.42	-30.70
0	1	4	-0.14	-0.31	-0.94	-92.04	178.04	-20.08
0	1	5	-0.04	-0.13	-0.89	-110.16	190.98	-13.70
0	1	6	0.06	0.10	-0.84	-124.35	204.85	-13.14
0	1	7	0.12	0.34	-0.82	-123.29	199.92	-19.26
0	1	8	0.14	0.61	-0.77	-99.73	166.92	-23.26
0	1	9	0.10	0.72	-0.74	-59.23	125.85	-30.76
0	1	10	0.09	0.70	-0.75	-38.79	100.98	-31.39
0	1	11	0.09	0.77	-0.67	-35.73	86.79	-32.95
0	1	12	0.07	0.87	-0.61	-31.35	69.48	-31.33
0	1	13	0.10	0.93	-0.57	-7.41	49.54	-20.64
0	1	14	0.09	0.91	-0.62	16.02	22.17	-8.08
0	1	15	0.13	0.85	-0.74	19.40	-6.02	12.11
0	1	16	0.13	0.77	-0.80	19.09	-28.96	13.67
0	1	17	0.09	0.70	-0.84	21.21	-47.52	12.92
0	1	18	0.04	0.62	-0.85	28.27	-59.46	11.24
0	1	19	-0.00	0.54	-0.86	30.15	-66.96	11.61
0	1	20	-0.03	0.50	-0.85	36.65	-73.21	8.42
0	1	21	-0.06	0.44	-0.84	45.40	-75.02	6.42
0	1	22	-0.06	0.40	-0.84	39.84	-75.71	12.86
0	1	23	-0.07	0.40	-0.86	41.15	-79.40	15.99
0	1	24	-0.09	0.36	-0.90	43.34	-84.46	21.11
0	1	25	-0.10	0.31	-0.95	36.15	-91.40	24.92
0	1	26	-0.12	0.27	-0.98	36.02	-94.58	18.86
0	1	27	-0.13	0.23	-0.96	36.46	-94.02	12.17
0	1	28	-0.16	0.20	-0.94	37.46	-95.71	11.92
0	1	29	-0.17	0.15	-0.95	38.02	-88.52	6.55
0	1	30	-0.23	0.07	-0.94	41.02	-78.96	19.49
0	1	31	-0.22	0.04	-0.97	44.21	-87.52	21.11
0	1	32	-0.21	-0.01	-1.02	49.59	-78.40	17.17
0	1	33	-0.21	-0.11	-0.94	57.52	-55.77	8.74
0	1	34	-0.23	-0.13	-0.97	28.84	-55.96	-5.64
0	1	35	-0.25	-0.10	-0.99	34.34	-57.27	5.42
0	1	36	-0.23	-0.14	-0.99	27.59	-46.33	8.67
0	1	37	-0.23	-0.13	-0.99	18.34	-39.77	13.42
0	1	38	-0.23	-0.11	-1.02	16.71	-32.71	13.61
0	1	39	-0.22	-0.11	-1.03	18.02	-21.58	7.05
0	1	40	-0.22	-0.07	-1.02	17.84	-16.77	3.42
0	1	41	-0.21	-0.07	-1.03	12.46	-13.58	7.17
0	1	42	-0.19	-0.07	-1.04	-0.85	-11.40	11.67
0	1	43	-0.19	-0.04	-1.06	-8.23	-6.15	6.17
0	1	44	-0.18	-0.01	-1.04	-1.10	-7.40	6.86
0	1	45	-0.17	-0.01	-1.03	-2.16	-6.15	-0.26
0	1	46	-0.17	-0.02	-1.01	1.52	-4.46	-3.83
0	1	47	-0.17	-0.02	-0.99	-4.54	-2.58	-2.39
0	1	48	-0.17	-0.00	-0.98	-7.04	-0.77	-0.20
0	1	49	-0.17	0.01	-0.99	-3.79	1.42	2.86
0	2	0	-0.26	-0.33	-1.17	-37.16	38.67	-8.89
0	2	1	-0.24	-0.27	-1.11	-50.66	60.60	-15.08
0	2	2	-0.22	-0.22	-1.06	-56.23	75.48	-18.14
0	2	3	-0.19	-0.19	-1.03	-64.48	91.54	-17.58
0	2	4	-0.15	-0.07	-0.96	-70.35	106.17	-20.45
0	2	5	-0.15	-0.00	-0.96	-67.54	114.23	-26.89
0	2	6	-0.13	0.04	-0.96	-66.41	123.17	-32.39
0	2	7	-0.08	0.13	-0.91	-72.29	130.10	-35.14
0	2	8	-0.05	0.28	-0.82	-75.91	124.92	-32.45
0	2	9	-0.06	0.39	-0.81	-69.23	112.67	-23.76
0	2	10	-0.03	0.45	-0.80	-57.79	101.85	-21.89
0	2	11	-0.05	0.47	-0.76	-35.48	92.42	-31.08
0	2	12	-0.02	0.55	-0.74	-35.04	93.04	-23.76
0	2	13	-0.04	0.62	-0.75	-25.98	83.04	-20.83
0	2	14	-0.06	0.63	-0.82	-14.16	76.04	-12.89
0	2	15	-0.01	0.61	-0.82	-11.48	71.10	-14.39
0	2	16	0.02	0.67	-0.82	-18.98	60.35	-8.70
0	2	17	0.06	0.68	-0.85	-16.66	43.17	-1.83
0	2	18	0.07	0.65	-0.86	-10.54	20.92	-9.58
0	2	19	0.04	0.63	-0.84	-8.29	9.60	-11.45
0	2	20	0.03	0.62	-0.79	-5.29	1.85	-11.83
0	2	21	0.00	0.63	-0.74	-1.16	-4.40	-8.26
0	2	22	-0.02	0.64	-0.74	5.46	-11.71	-0.33
0	2	23	-0.03	0.65	-0.76	10.71	-20.08	5.17
0	2	24	-0.03	0.65	-0.79	16.09	-32.71	8.67
0	2	25	-0.04	0.60	-0.80	22.34	-45.21	9.74
0	2	26	-0.04	0.57	-0.79	28.34	-53.33	11.05
0	2	27	-0.04	0.55	-0.80	33.71	-59.08	14.05
0	2	28	-0.02	0.53	-0.82	37.59	-66.33	17.05
0	2	29	-0.02	0.51	-0.83	39.96	-74.52	19.49
0	2	30	-0.04	0.47	-0.85	40.27	-81.21	25.61
0	2	31	-0.04	0.42	-0.88	44.27	-85.71	26.80
0	2	32	-0.06	0.36	-0.92	47.96	-89.40	23.24
0	2	33	-0.09	0.31	-0.94	49.59	-92.83	21.99
0	2	34	-0.11	0.26	-0.96	53.15	-95.65	19.86
0	2	35	-0.13	0.19	-0.97	56.40	-95.71	16.92
0	2	36	-0.14	0.12	-0.96	42.90	-86.08	12.36
0	2	37	-0.19	0.10	-0.95	38.46	-84.46	27.05
0	2	38	-0.15	0.11	-0.96	41.15	-84.33	29.49
0	2	39	-0.17	0.06	-0.97	40.40	-78.33	18.99
0	2	40	-0.17	0.00	-1.05	33.21	-68.71	14.61
0	2	41	-0.16	-0.03	-1.00	32.90	-70.90	0.30
0	2	42	-0.23	-0.05	-1.04	37.34	-69.15	1.99
0	2	43	-0.22	-0.13	-1.00	31.90	-60.77	4.74
0	2	44	-0.22	-0.14	-0.99	23.34	-52.33	8.11
0	2	45	-0.23	-0.11	-0.99	23.27	-41.27	7.74
0	2	46	-0.23	-0.11	-1.01	23.90	-32.15	8.24
0	2	47	-0.22	-0.11	-1.03	21.84	-25.21	7.24
0	2	48	-0.21	-0.11	-1.06	17.90	-16.46	3.92
0	2	49	-0.20	-0.09	-1.07	7.84	-11.33	5.42
0	3	0	-0.25	-0.22	-1.11	-31.73	47.10	-6.33
0	3	1	-0.23	-0.20	-1.07	-41.91	64.92	-14.58
0	3	2	-0.21	-0.12	-1.03	-48.54	76.98	-13.33
0	3	3	-0.19	-0.10	-1.04	-45.41	85.42	-17.58
0	3	4	-0.17	-0.07	-1.01	-50.66	96.17	-20.70
0	3	5	-0.14	0.01	-0.96	-57.73	106.17	-19.39
0	3	6	-0.13	0.10	-0.95	-63.04	111.60	-16.26
0	3	7	-0.10	0.16	-0.95	-66.41	116.04	-14.95
0	3	8	-0.08	0.21	-0.94	-58.79	114.85	-25.45
0	3	9	-0.08	0.25	-0.93	-51.10	119.54	-31.83
0	3	10	-0.02	0.32	-0.85	-58.48	120.35	-32.70
0	3	11	-0.02	0.43	-0.75	-54.60	116.23	-35.64
0	3	12	-0.01	0.52	-0.72	-49.91	109.54	-19.89
0	3	13	0.02	0.60	-0.75	-43.48	100.48	-13.58
0	3	14	0.04	0.69	-0.76	-43.91	92.17	-3.14
0	3	15	0.09	0.78	-0.76	-35.98	71.35	0.86
0	3	16	0.12	0.81	-0.79	-13.04	44.79	-5.08
0	3	17	0.12	0.76	-0.79	-2.91	24.35	-8.39
0	3	18	0.11	0.73	-0.78	-0.54	7.48	-8.26
0	3	19	0.12	0.72	-0.77	1.52	-8.65	-5.58
0	3	20	0.09	0.69	-0.78	6.09	-27.77	-0.26
0	3	21	0.03	0.62	-0.80	12.71	-39.58	2.55
0	3	22	-0.02	0.57	-0.81	20.46	-44.33	2.11
0	3	23	-0.05	0.52	-0.84	26.15	-48.52	2.24
0	3	24	-0.06	0.48	-0.86	27.65	-50.65	4.36
0	3	25	-0.06	0.46	-0.85	24.52	-51.65	6.17
0	3	26	-0.06	0.48	-0.82	25.21	-55.90	8.30
0	3	27	-0.06	0.47	-0.84	31.02	-61.08	11.92
0	3	28	-0.06	0.43	-0.86	29.84	-64.58	17.05
0	3	29	-0.06	0.43	-0.88	30.27	-66.27	17.36
0	3	30	-0.06	0.42	-0.89	33.65	-69.33	16.92
0	3	31	-0.07	0.39	-0.91	36.34	-73.52	16.49
0	3	32	-0.08	0.36	-0.92	34.40	-79.08	18.55
0	3	33	-0.10	0.34	-0.92	39.15	-84.40	16.24
0	3	34	-0.11	0.28	-0.91	42.21	-86.08	10.92
0	3	35	-0.16	0.22	-0.93	44.02	-80.21	19.61
0	3	36	-0.15	0.19	-0.93	53.02	-89.08	27.49
0	3	37	-0.15	0.11	-0.99	53.96	-84.90	17.86
0	3	38	-0.15	0.03	-0.97	44.65	-80.21	6.24
0	3	39	-0.20	0.02	-0.97	41.21	-76.33	1.05
0	3	40	-0.20	-0.04	-0.98	38.15	-67.46	10.67
0	3	41	-0.20	-0.04	-0.97	35.59	-63.52	8.24
0	3	42	-0.21	-0.06	-0.99	35.71	-56.15	6.92
0	3	43	-0.21	-0.07	-1.01	32.34	-45.77	10.80
0	3	44	-0.20	-0.08	-1.02	24.84	-39.52	13.05
0	3	45	-0.20	-0.06	-1.05	25.46	-34.58	8.67
0	3	46	-0.21	-0.08	-1.06	24.90	-27.71	3.30
0	3	47	-0.21	-0.08	-1.05	12.52	-21.83	5.86
0	3	48	-0.20	-0.05	-1.04	8.84	-18.08	5.30
0	3	49	-0.19	-0.05	-1.04	10.15	-13.02	2.42
0	4	0	-0.24	-0.20	-1.06	-45.60	55.60	-6.89
0	4	1	-0.22	-0.18	-1.08	-50.04	69.10	-5.39
0	4	2	-0.19	-0.16	-1.08	-58.91	82.04	-8.58
0	4	3	-0.17	-0.12	-1.09	-69.23	90.73	-9.58
0	4	4	-0.15	-0.08	-1.09	-74.29	103.73	-16.01
0	4	5	-0.09	-0.04	-1.05	-80.48	122.54	-29.70
0	4	6	-0.03	0.10	-0.94	-95.04	135.42	-37.58
0	4	7	0.01	0.28	-0.83	-94.85	138.67	-42.89
0	4	8	0.03	0.41	-0.78	-74.54	133.54	-46.95
0	4	9	0.03	0.47	-0.77	-58.29	129.17	-46.89
0	4	10	0.07	0.58	-0.75	-57.73	116.98	-38.51
0	4	11	0.07	0.67	-0.67	-47.91	94.29	-42.64
0	4	12	-0.00	0.74	-0.67	-33.54	72.73	-28.14
0	4	13	0.01	0.73	-0.70	-21.73	55.67	-16.64
0	4	14	-0.00	0.75	-0.72	-19.16	46.92	-12.26
0	4	15	0.02	0.74	-0.75	-9.98	37.54	-10.89
0	4	16	0.04	0.71	-0.76	-4.04	27.92	-10.14
0	4	17	0.05	0.70	-0.78	0.34	15.54	-6.26
0	4	18	0.04	0.66	-0.82	2.65	1.35	-2.89
0	4	19	0.02	0.60	-0.85	1.21	-9.21	-0.70
0	4	20	-0.01	0.58	-0.82	3.34	-15.52	-2.95
0	4	21	-0.05	0.57	-0.80	9.40	-20.33	-2.51
0	4	22	-0.06	0.56	-0.80	12.34	-23.71	-0.20
0	4	23	-0.05	0.59	-0.78	14.21	-27.40	1.74
0	4	24	-0.02	0.64	-0.76	26.15	-34.65	1.86
0	4	25	0.01	0.67	-0.77	37.46	-45.65	1.92
0	4	26	0.02	0.65	-0.77	40.71	-60.46	4.55
0	4	27	0.01	0.61	-0.77	37.90	-78.15	15.36
0	4	28	-0.01	0.57	-0.78	43.77	-88.33	16.80
0	4	29	-0.04	0.51	-0.81	54.02	-98.33	17.86
0	4	30	-0.07	0.42	-0.87	61.21	-104.58	20.17
0	4	31	-0.09	0.32	-0.92	55.27	-105.46	18.80
0	4	32	-0.14	0.26	-0.93	48.77	-107.77	19.74
0	4	33	-0.19	0.18	-0.96	48.27	-108.52	29.30
0	4	34	-0.18	0.09	-1.00	50.34	-96.15	18.67
0	4	35	-0.25	-0.01	-1.02	48.27	-80.77	12.05
0	4	36	-0.25	-0.02	-1.04	44.46	-79.65	28.17
0	4	37	-0.20	-0.02	-0.96	33.52	-70.08	21.74
0	4	38	-0.25	-0.03	-1.00	30.52	-58.90	13.86
0	4	39	-0.22	-0.06	-1.01	33.27	-50.46	-0.45
0	4	40	-0.25	-0.06	-1.00	32.21	-51.96	2.92
0	4	41	-0.24	-0.08	-0.98	22.21	-43.15	10.86
0	4	42	-0.24	-0.05	-0.98	21.96	-33.08	11.11
0	4	43	-0.22	-0.03	-1.00	22.21	-25.02	10.86
0	4	44	-0.21	-0.01	-1.03	20.77	-19.40	11.17
0	4	45	-0.19	0.02	-1.04	17.84	-16.33	8.42
0	4	46	-0.19	0.03	-1.03	13.40	-14.90	5.05
0	4	47	-0.19	0.04	-1.02	11.02	-12.15	5.36
0	4	48	-0.18	0.05	-1.01	8.77	-10.27	5.05
0	4	49	-0.17	0.05	-1.02	5.65	-10.83	6.67
0	5	0	-0.28	-0.30	-1.12	-41.41	74.29	-16.33
0	5	1	-0.25	-0.29	-1.10	-45.73	93.10	-23.08
0	5	2	-0.22	-0.27	-1.07	-58.23	113.29	-25.89
0	5	3	-0.16	-0.18	-1.02	-75.54	131.54	-23.95
0	5	4	-0.09	-0.04	-0.94	-87.48	147.04	-26.14
0	5	5	-0.05	0.12	-0.89	-90.66	153.98	-28.08
0	5	6	-0.01	0.25	-0.86	-84.04	158.48	-32.51
0	5	7	0.05	0.38	-0.78	-83.04	152.85	-32.89
0	5	8	0.04	0.52	-0.76	-76.91	141.48	-28.01
0	5	9	0.09	0.63	-0.76	-70.73	124.92	-25.01
0	5	10	0.08	0.70	-0.70	-50.85	80.79	-31.83
0	5	11	0.02	0.73	-0.71	-30.48	76.42	-25.14
0	5	12	0.01	0.73	-0.73	-30.60	60.67	-13.33
0	5	13	0.03	0.76	-0.73	-30.35	43.85	-6.83
0	5	14	0.04	0.72	-0.76	-18.35	24.73	-3.76
0	5	15	0.04	0.67	-0.80	-9.54	16.98	-5.45
0	5	16	0.03	0.64	-0.82	-5.10	8.98	-8.26
0	5	17	0.01	0.59	-0.82	-5.60	0.10	-7.01
0	5	18	-0.02	0.55	-0.82	-3.73	-4.77	-5.58
0	5	19	-0.05	0.55	-0.80	0.59	-5.77	-6.70
0	5	20	-0.07	0.56	-0.78	4.40	-7.83	-4.20
0	5	21	-0.07	0.59	-0.78	3.40	-13.40	3.99
0	5	22	-0.05	0.63	-0.77	7.59	-19.71	6.24
0	5	23	-0.02	0.66	-0.77	15.90	-29.71	7.55
0	5	24	-0.00	0.67	-0.76	22.96	-40.90	7.74
0	5	25	0.00	0.66	-0.75	34.46	-54.40	7.49
0	5	26	0.00	0.62	-0.78	43.02	-64.58	8.49
0	5	27	0.02	0.60	-0.81	49.40	-73.71	7.92
0	5	28	0.03	0.56	-0.80	52.34	-88.33	3.24
0	5	29	-0.01	0.51	-0.79	39.59	-101.77	0.11
0	5	30	-0.03	0.47	-0.85	40.02	-114.08	8.24
0	5	31	-0.08	0.40	-0.87	68.90	-122.40	15.11
0	5	32	-0.14	0.27	-0.94	85.77	-127.40	10.36
0	5	33	-0.17	0.16	-0.95	97.34	-123.15	2.55
0	5	34	-0.20	0.03	-0.93	63.21	-118.33	8.61
0	5	35	-0.29	-0.05	-0.96	45.21	-91.65	1.74
0	5	36	-0.32	-0.07	-0.98	40.71	-92.96	32.74
0	5	37	-0.27	-0.04	-0.97	28.96	-78.02	25.74
0	5	38	-0.27	-0.07	-1.04	26.52	-65.40	23.17
0	5	39	-0.26	-0.09	-1.03	26.59	-55.65	4.92
0	5	40	-0.27	-0.09	-1.08	28.52	-55.83	6.99
0	5	41	-0.24	-0.11	-1.02	26.84	-53.52	-4.64
0	5	42	-0.30	-0.15	-0.96	25.96	-47.15	-5.45
0	5	43	-0.29	-0.14	-0.93	24.46	-36.40	-1.83
0	5	44	-0.30	-0.12	-0.94	21.27	-29.65	5.92
0	5	45	-0.29	-0.11	-0.97	17.90	-24.33	14.30
0	5	46	-0.28	-0.10	-1.00	13.65	-15.21	14.92
0	5	47	-0.26	-0.06	-1.01	8.71	-9.40	14.80
0	5	48	-0.24	-0.04	-1.02	8.40	-5.21	13.49
0	5	49	-0.21	-0.02	-1.03	7.77	-3.40	10.61
0	6	0	-0.28	-0.27	-1.10	-40.23	58.54	-8.39
0	6	1	-0.27	-0.26	-1.07	-46.73	77.54	-13.76
0	6	2	-0.25	-0.23	-1.05	-53.54	97.79	-18.26
0	6	3	-0.21	-0.18	-1.02	-64.04	111.23	-17.20
0	6	4	-0.18	-0.08	-0.99	-71.60	122.48	-14.08
0	6	5	-0.13	0.02	-0.97	-77.54	135.35	-17.20
0	6	6	-0.07	0.14	-0.94	-81.41	140.23	-19.95
0	6	7	-0.04	0.24	-0.88	-78.85	137.54	-25.45
0	6	8	-0.01	0.34	-0.87	-75.60	133.48	-25.33
0	6	9	0.03	0.43	-0.77	-65.35	124.92	-33.95
0	6	10	-0.02	0.52	-0.77	-54.60	120.42	-35.89
0	6	11	0.01	0.60	-0.75	-54.66	117.42	-30.51
0	6	12	0.07	0.73	-0.70	-50.54	104.48	-25.26
0	6	13	0.12	0.80	-0.66	-39.98	85.67	-17.95
0	6	14	0.13	0.85	-0.68	-30.98	61.92	-9.45
0	6	15	0.12	0.83	-0.72	-15.41	41.54	-7.83
0	6	16	0.10	0.76	-0.74	-5.66	21.60	-8.01
0	6	17	0.08	0.71	-0.76	-0.73	6.10	-8.70
0	6	18	0.05	0.68	-0.75	1.27	-6.08	-6.89
0	6	19	0.02	0.67	-0.74	7.02	-17.71	-3.01
0	6	20	-0.01	0.65	-0.75	12.65	-25.46	-1.64
0	6	21	-0.01	0.66	-0.75	14.59	-33.15	1.92
0	6	22	-0.00	0.66	-0.76	20.71	-45.27	6.17
0	6	23	0.01	0.65	-0.76	29.09	-54.83	10.36
0	6	24	0.04	0.66	-0.73	38.40	-62.08	12.67
0	6	25	0.06	0.66	-0.75	49.90	-76.58	13.80
0	6	26	0.05	0.62	-0.76	56.52	-92.65	16.80
0	6	27	0.03	0.55	-0.80	63.15	-106.96	19.05
0	6	28	0.00	0.45	-0.86	59.09	-116.15	13.61
0	6	29	-0.04	0.37	-0.91	52.40	-125.08	8.61
0	6	30	-0.12	0.27	-0.96	64.15	-131.71	12.36
0	6	31	-0.16	0.16	-0.95	74.34	-129.90	13.11
0	6	32	-0.21	0.06	-0.96	81.96	-122.52	15.74
0	6	33	-0.24	0.00	-0.97	97.02	-114.08	23.11
0	6	34	-0.26	-0.11	-0.90	74.21	-80.83	17.42
0	6	35	-0.30	-0.11	-1.02	47.34	-92.08	35.42
0	6	36	-0.21	-0.15	-1.05	56.52	-78.27	21.67
0	6	37	-0.27	-0.21	-1.01	35.59	-60.65	-2.83
0	6	38	-0.26	-0.19	-1.04	28.40	-60.83	2.99
0	6	39	-0.25	-0.17	-0.99	25.65	-52.83	0.49
0	6	40	-0.26	-0.17	-0.99	29.59	-42.33	-1.51
0	6	41	-0.27	-0.18	-0.99	22.77	-34.90	2.17
0	6	42	-0.27	-0.16	-1.00	12.90	-31.08	11.42
0	6	43	-0.25	-0.13	-1.01	10.52	-22.21	9.30
0	6	44	-0.24	-0.11	-1.03	14.59	-16.15	6.24
0	6	45	-0.23	-0.10	-1.02	11.46	-10.08	3.80
0	6	46	-0.22	-0.08	-1.02	6.27	-6.33	5.42
0	6	47	-0.20	-0.05	-1.03	4.90	-3.65	4.49
0	6	48	-0.19	-0.05	-1.03	3.52	-3.58	1.99
0	6	49	-0.18	-0.05	-1.03	1.59	-4.08	0.92
0	7	0	-0.34	-0.42	-1.15	-47.23	32.23	5.49
0	7	1	-0.33	-0.46	-1.13	-57.10	54.23	-2.08
0	7	2	-0.31	-0.45	-1.09	-67.10	82.48	-17.51
0	7	3	-0.25	-0.38	-1.10	-77.73	115.35	-27.58
0	7	4	-0.21	-0.31	-1.08	-90.41	139.67	-27.83
0	7	5	-0.13	-0.17	-1.07	-114.79	162.17	-20.83
0	7	6	0.03	0.03	-0.97	-122.41	178.67	-32.45
0	7	7	0.08	0.25	-0.84	-111.66	171.29	-51.08
0	7	8	0.11	0.42	-0.79	-90.79	160.79	-53.58
0	7	9	0.13	0.56	-0.67	-58.79	141.04	-65.26
0	7	10	0.08	0.70	-0.63	-43.91	125.48	-63.14
0	7	11	0.07	0.84	-0.61	-39.79	110.92	-45.76
0	7	12	0.11	0.91	-0.57	-31.16	90.67	-29.45
0	7	13	0.11	0.98	-0.59	-17.10	66.92	-19.39
0	7	14	0.10	0.93	-0.65	2.15	41.73	-7.89
0	7	15	0.11	0.85	-0.73	4.27	19.48	-3.01
0	7	16	0.08	0.77	-0.74	7.65	-2.02	-3.08
0	7	17	0.04	0.69	-0.74	12.52	-20.02	-0.26
0	7	18	-0.01	0.62	-0.77	19.09	-30.71	0.55
0	7	19	-0.04	0.58	-0.79	24.59	-35.65	2.86
0	7	20	-0.06	0.57	-0.82	26.34	-40.27	6.92
0	7	21	-0.04	0.58	-0.82	28.65	-49.90	12.61
0	7	22	-0.02	0.61	-0.79	27.27	-60.08	15.11
0	7	23	-0.01	0.60	-0.77	38.59	-74.33	13.17
0	7	24	-0.01	0.57	-0.78	48.27	-85.96	13.99
0	7	25	-0.03	0.52	-0.82	55.09	-96.08	17.36
0	7	26	-0.05	0.44	-0.88	55.27	-107.52	21.36
0	7	27	-0.05	0.36	-0.91	48.96	-118.58	22.49
0	7	28	-0.09	0.29	-0.91	44.02	-124.33	21.74
0	7	29	-0.14	0.21	-0.92	47.34	-126.15	22.49
0	7	30	-0.18	0.12	-0.96	55.65	-123.33	21.42
0	7	31	-0.18	0.06	-0.96	59.46	-119.77	5.99
0	7	32	-0.28	-0.06	-0.99	65.27	-95.33	6.42
0	7	33	-0.31	-0.10	-1.00	82.71	-106.77	34.86
0	7	34	-0.27	-0.19	-1.05	102.40	-96.71	23.74
0	7	35	-0.29	-0.32	-0.88	63.40	-69.27	-8.26
0	7	36	-0.31	-0.24	-0.95	43.96	-69.65	-16.51
0	7	37	-0.29	-0.26	-0.94	50.71	-59.27	-8.76
0	7	38	-0.29	-0.29	-0.96	34.84	-47.71	1.67
0	7	39	-0.28	-0.24	-0.95	22.02	-39.40	11.49
0	7	40	-0.27	-0.21	-0.98	19.09	-27.58	8.92
0	7	41	-0.26	-0.18	-1.04	27.84	-12.33	0.67
0	7	42	-0.27	-0.18	-1.04	41.90	-3.96	0.11
0	7	43	-0.26	-0.18	-1.04	34.71	4.17	-5.14
0	7	44	-0.26	-0.16	-1.03	19.15	0.54	5.36
0	7	45	-0.24	-0.15	-1.01	10.40	2.92	4.80
0	7	46	-0.23	-0.12	-1.00	17.21	4.17	-2.08
0	7	47	-0.23	-0.15	-1.01	24.15	11.79	-12.89
0	7	48	-0.22	-0.14	-0.99	19.96	8.67	-15.64
0	7	49	-0.24	-0.16	-0.97	8.65	-0.65	-8.76
0	8	0	-0.37	-0.59	-1.18	-66.41	75.54	-40.39
0	8	1	-0.35	-0.46	-1.03	-93.48	106.23	-42.58
0	8	2	-0.29	-0.35	-0.90	-111.54	124.67	-30.01
0	8	3	-0.24	-0.22	-0.82	-116.29	144.04	-29.01
0	8	4	-0.19	-0.08	-0.79	-108.16	163.54	-25.89
0	8	5	-0.12	0.04	-0.79	-106.16	177.98	-21.26
0	8	6	-0.07	0.23	-0.77	-103.48	181.79	-20.89
0	8	7	-0.02	0.38	-0.75	-83.04	174.85	-23.83
0	8	8	0.02	0.48	-0.71	-62.29	162.23	-30.95
0	8	9	0.01	0.61	-0.72	-47.29	147.17	-25.39
0	8	10	0.06	0.67	-0.73	-34.41	124.85	-22.51
0	8	11	0.06	0.74	-0.75	-26.54	100.42	-25.08
0	8	12	0.05	0.79	-0.74	-18.16	83.48	-25.26
0	8	13	0.06	0.84	-0.71	-16.10	64.29	-19.51
0	8	14	0.05	0.82	-0.68	-9.98	43.79	-12.64
0	8	15	0.06	0.76	-0.74	-9.73	29.67	-0.20
0	8	16	0.08	0.72	-0.76	-12.16	16.29	2.36
0	8	17	0.06	0.71	-0.75	-2.66	2.29	2.61
0	8	18	0.03	0.65	-0.77	12.27	-14.27	0.17
0	8	19	-0.02	0.60	-0.77	18.77	-22.58	-1.14
0	8	20	-0.06	0.60	-0.76	21.34	-29.65	5.49
0	8	21	-0.06	0.60	-0.78	24.34	-38.21	9.92
0	8	22	-0.06	0.61	-0.78	30.21	-47.15	9.61
0	8	23	-0.06	0.59	-0.78	35.15	-54.90	12.99
0	8	24	-0.06	0.56	-0.82	38.40	-64.58	16.24
0	8	25	-0.07	0.51	-0.86	41.65	-72.46	16.05
0	8	26	-0.09	0.47	-0.89	46.15	-78.96	12.99
0	8	27	-0.10	0.42	-0.90	50.59	-87.27	8.05
0	8	28	-0.13	0.36	-0.91	51.09	-94.65	8.86
0	8	29	-0.15	0.30	-0.92	45.96	-100.46	11.92
0	8	30	-0.18	0.27	-0.93	47.40	-100.71	11.49
0	8	31	-0.19	0.22	-0.94	51.59	-98.02	7.92
0	8	32	-0.20	0.18	-0.94	47.90	-95.52	4.86
0	8	33	-0.24	0.14	-0.97	46.52	-84.21	-2.01
0	8	34	-0.26	0.11	-0.96	53.27	-86.52	6.49
0	8	35	-0.21	0.06	-0.91	55.59	-87.27	-5.95
0	8	36	-0.28	0.04	-0.92	54.59	-83.52	-11.83
0	8	37	-0.29	-0.01	-0.95	56.90	-79.40	-8.95
0	8	38	-0.30	-0.06	-0.96	57.09	-75.71	-14.83
0	8	39	-0.34	-0.12	-0.94	63.21	-60.65	-21.64
0	8	40	-0.36	-0.13	-0.92	65.96	-42.90	-24.89
0	8	41	-0.35	-0.13	-0.93	63.65	-33.90	-19.01
0	8	42	-0.36	-0.17	-0.95	59.46	-25.21	-17.83
0	8	43	-0.36	-0.17	-0.96	45.96	-16.21	-12.95
0	8	44	-0.35	-0.14	-0.97	42.40	-13.58	-8.58
0	8	45	-0.34	-0.16	-0.98	41.84	-13.77	-11.08
0	8	46	-0.36	-0.20	-0.99	34.59	-11.77	-12.95
0	8	47	-0.36	-0.19	-0.99	22.84	-11.83	-10.95
0	8	48	-0.35	-0.18	-0.96	11.40	-13.96	-6.01
0	8	49	-0.35	-0.17	-0.95	8.15	-17.27	-2.58
0	9	0	-0.42	-0.33	-1.07	-64.48	8.67	34.86
0	9	1	-0.45	-0.44	-1.14	-107.79	20.17	54.17
0	9	2	-0.41	-0.41	-1.12	-145.35	35.98	65.05
0	9	3	-0.37	-0.36	-1.11	-160.79	58.92	62.61
0	9	4	-0.27	-0.27	-1.10	-156.54	83.54	45.42
0	9	5	-0.19	-0.18	-1.09	-140.91	108.29	16.30
0	9	6	-0.15	-0.11	-1.10	-123.48	126.42	-9.89
0	9	7	-0.07	-0.08	-1.09	-121.54	143.42	-32.08
0	9	8	-0.00	0.06	-0.97	-129.66	157.60	-53.14
0	9	9	0.07	0.25	-0.87	-119.54	164.42	-63.08
0	9	10	0.15	0.43	-0.77	-92.73	166.29	-81.58
0	9	11	0.16	0.57	-0.65	-59.60	150.73	-96.20
0	9	12	0.14	0.69	-0.60	-48.66	130.17	-72.64
0	9	13	0.16	0.76	-0.53	-34.29	101.60	-62.70
0	9	14	0.09	0.82	-0.52	-23.91	89.98	-50.58
0	9	15	0.11	0.91	-0.53	-19.23	80.85	-32.20
0	9	16	0.12	0.95	-0.54	-11.79	65.85	-24.08
0	9	17	0.13	0.96	-0.59	-2.79	52.54	-17.83
0	9	18	0.14	0.89	-0.67	7.77	33.42	-14.58
0	9	19	0.11	0.78	-0.77	5.27	16.85	-8.39
0	9	20	0.08	0.68	-0.80	-6.04	3.48	-3.45
0	9	21	0.04	0.62	-0.76	-11.04	-3.83	-3.70
0	9	22	-0.01	0.60	-0.70	-7.41	-4.83	-3.14
0	9	23	-0.01	0.65	-0.67	1.34	-5.02	-0.26
0	9	24	0.01	0.71	-0.67	18.71	-10.33	0.80
0	9	25	0.03	0.74	-0.69	30.09	-17.71	1.67
0	9	26	0.06	0.79	-0.68	41.40	-27.02	-3.89
0	9	27	0.06	0.81	-0.67	48.46	-41.40	0.61
0	9	28	0.08	0.79	-0.69	55.15	-60.33	9.17
0	9	29	0.08	0.72	-0.73	65.02	-84.90	11.42
0	9	30	0.05	0.65	-0.77	75.52	-99.71	9.42
0	9	31	0.02	0.54	-0.84	84.65	-110.21	7.99
0	9	32	-0.03	0.43	-0.89	76.71	-122.33	9.55
0	9	33	-0.07	0.36	-0.91	71.27	-130.58	9.55
0	9	34	-0.10	0.28	-0.90	68.90	-133.90	10.99
0	9	35	-0.15	0.22	-0.90	69.21	-131.08	10.17
0	9	36	-0.20	0.15	-0.94	68.84	-124.83	9.36
0	9	37	-0.22	0.09	-0.96	72.34	-123.33	6.42
0	9	38	-0.24	0.01	-0.95	64.84	-102.83	-9.08
0	9	39	-0.31	-0.01	-0.96	58.40	-88.46	8.30
0	9	40	-0.24	-0.03	-0.92	46.84	-88.96	14.24
0	9	41	-0.30	-0.05	-0.99	41.02	-85.02	13.55
0	9	42	-0.26	-0.10	-1.01	40.46	-76.52	7.92
0	9	43	-0.29	-0.10	-0.95	46.09	-72.27	-12.95
0	9	44	-0.32	-0.13	-0.93	53.46	-67.21	-10.95
0	9	45	-0.34	-0.18	-0.94	48.21	-59.77	-4.83
0	9	46	-0.34	-0.19	-0.97	34.84	-45.77	5.05
0	9	47	-0.33	-0.17	-0.98	25.84	-40.71	11.61
0	9	48	-0.32	-0.16	-1.00	22.90	-33.27	11.92
0	9	49	-0.31	-0.15	-1.02	24.21	-26.15	7.80
0	10	0	-0.39	-0.37	-1.12	-33.73	59.98	-12.08
0	10	1	-0.37	-0.35	-1.07	-43.10	77.85	-13.51
0	10	2	-0.35	-0.34	-1.05	-51.54	94.73	-11.26
0	10	3	-0.30	-0.32	-1.04	-66.16	114.85	-10.26
0	10	4	-0.24	-0.23	-0.98	-81.66	130.85	-9.76
0	10	5	-0.19	-0.12	-0.92	-92.16	142.92	-9.14
0	10	6	-0.13	0.02	-0.88	-93.85	151.54	-9.26
0	10	7	-0.08	0.16	-0.85	-86.91	155.35	-14.33
0	10	8	-0.05	0.28	-0.85	-75.10	153.79	-20.39
0	10	9	-0.05	0.36	-0.86	-67.66	144.92	-21.01
0	10	10	-0.03	0.43	-0.86	-63.29	132.79	-24.20
0	10	11	-0.03	0.48	-0.79	-54.79	124.42	-35.45
0	10	12	-0.01	0.57	-0.73	-47.35	117.98	-33.51
0	10	13	0.01	0.64	-0.67	-30.79	96.35	-34.33
0	10	14	-0.05	0.68	-0.72	-15.85	82.79	-19.39
0	10	15	-0.00	0.67	-0.76	-11.73	73.42	-12.14
0	10	16	0.00	0.68	-0.78	-16.98	60.73	-7.01
0	10	17	0.02	0.67	-0.80	-20.23	45.23	-0.76
0	10	18	0.04	0.69	-0.80	-17.35	36.60	-2.64
0	10	19	0.05	0.68	-0.80	-6.10	24.73	-7.01
0	10	20	0.04	0.64	-0.83	-1.35	15.04	-6.76
0	10	21	0.06	0.64	-0.80	-6.85	4.23	-3.89
0	10	22	0.05	0.67	-0.76	-2.54	-9.27	-2.45
0	10	23	0.03	0.67	-0.75	9.09	-18.77	-1.20
0	10	24	0.00	0.68	-0.75	15.71	-30.27	1.74
0	10	25	-0.01	0.68	-0.75	19.34	-42.08	6.36
0	10	26	-0.02	0.65	-0.78	27.27	-54.58	7.11
0	10	27	-0.03	0.59	-0.80	33.52	-64.46	4.55
0	10	28	-0.03	0.57	-0.79	36.46	-71.77	3.55
0	10	29	-0.04	0.53	-0.80	40.27	-80.46	6.24
0	10	30	-0.05	0.49	-0.80	41.34	-88.15	10.67
0	10	31	-0.06	0.47	-0.84	41.59	-94.96	18.86
0	10	32	-0.07	0.43	-0.88	45.84	-104.83	20.92
0	10	33	-0.11	0.37	-0.92	49.40	-114.46	21.86
0	10	34	-0.14	0.30	-0.94	57.02	-119.65	13.86
0	10	35	-0.17	0.22	-0.94	60.40	-119.77	3.17
0	10	36	-0.21	0.16	-0.94	58.27	-119.27	1.86
0	10	37	-0.22	0.12	-0.91	57.15	-121.96	3.80
0	10	38	-0.26	0.07	-0.89	63.77	-112.33	-3.95
0	10	39	-0.31	-0.04	-0.91	73.65	-108.27	17.24
0	10	40	-0.26	-0.14	-0.94	64.96	-93.15	14.24
0	10	41	-0.33	-0.15	-0.99	36.02	-71.27	10.61
0	10	42	-0.31	-0.13	-1.02	22.59	-64.46	18.80
0	10	43	-0.32	-0.13	-1.00	22.77	-60.02	3.55
0	10	44	-0.34	-0.16	-0.98	29.90	-55.83	3.55
0	10	45	-0.34	-0.17	-0.99	27.02	-46.96	2.49
0	10	46	-0.34	-0.18	-1.00	18.59	-36.02	6.99
0	10	47	-0.32	-0.15	-1.01	6.65	-30.46	12.86
0	10	48	-0.30	-0.11	-1.01	8.84	-22.27	11.49
0	10	49	-0.29	-0.11	-1.03	9.84	-14.40	5.36
0	11	0	-0.36	-0.29	-1.05	-42.10	76.79	-19.08
0	11	1	-0.33	-0.25	-1.00	-51.29	95.29	-18.76
0	11	2	-0.29	-0.17	-0.97	-63.48	112.42	-11.51
0	11	3	-0.25	-0.10	-0.99	-70.04	123.10	-5.70
0	11	4	-0.20	-0.05	-1.02	-70.35	132.92	-12.39
0	11	5	-0.17	0.02	-1.01	-67.79	137.67	-22.89
0	11	6	-0.15	0.05	-0.96	-61.23	143.23	-36.83
0	11	7	-0.12	0.09	-0.93	-63.10	156.29	-38.45
0	11	8	-0.03	0.21	-0.79	-69.29	161.29	-43.89
0	11	9	0.00	0.37	-0.71	-65.60	162.29	-38.70
0	11	10	0.06	0.53	-0.69	-57.41	156.98	-26.08
0	11	11	0.11	0.71	-0.73	-38.79	149.23	-22.51
0	11	12	0.20	0.82	-0.71	-28.48	130.17	-27.39
0	11	13	0.21	0.93	-0.67	-25.29	95.85	-20.70
0	11	14	0.21	0.94	-0.70	-16.73	57.92	-6.01
0	11	15	0.19	0.87	-0.72	-9.48	25.98	-7.83
0	11	16	0.14	0.82	-0.74	-3.54	10.35	-9.26
0	11	17	0.12	0.77	-0.74	-0.10	-6.52	-4.08
0	11	18	0.08	0.70	-0.75	5.52	-26.15	0.24
0	11	19	0.04	0.66	-0.76	14.09	-36.46	1.55
0	11	20	0.02	0.64	-0.77	19.46	-46.65	5.86
0	11	21	0.02	0.62	-0.77	23.90	-57.40	9.05
0	11	22	0.04	0.63	-0.75	28.34	-66.90	10.49
0	11	23	0.05	0.65	-0.73	35.27	-75.77	14.24
0	11	24	0.06	0.63	-0.75	39.34	-89.77	21.24
0	11	25	0.07	0.60	-0.79	45.02	-106.21	24.86
0	11	26	0.05	0.53	-0.83	48.96	-121.08	27.30
0	11	27	0.02	0.45	-0.89	50.52	-136.90	29.36
0	11	28	-0.03	0.35	-0.93	54.09	-146.21	22.67
0	11	29	-0.09	0.24	-0.95	55.15	-148.27	16.17
0	11	30	-0.15	0.15	-0.93	55.27	-148.46	12.80
0	11	31	-0.22	0.06	-0.94	57.46	-143.65	11.30
0	11	32	-0.26	-0.02	-0.93	57.90	-134.52	9.49
0	11	33	-0.32	-0.08	-0.97	55.96	-134.83	18.42
0	11	34	-0.31	-0.19	-1.00	41.77	-100.71	5.11
0	11	35	-0.39	-0.18	-1.04	42.34	-84.71	25.42
0	11	36	-0.28	-0.21	-1.02	42.34	-75.40	-1.95
0	11	37	-0.36	-0.24	-0.98	33.09	-68.08	-6.01
0	11	38	-0.34	-0.23	-0.94	21.65	-53.21	3.11
0	11	39	-0.32	-0.17	-0.94	17.02	-43.33	9.74
0	11	40	-0.30	-0.14	-0.98	17.52	-32.02	13.30
0	11	41	-0.28	-0.11	-1.01	15.65	-25.08	14.11
0	11	42	-0.28	-0.08	-1.02	14.15	-21.40	12.49
0	11	43	-0.28	-0.08	-1.03	8.34	-15.33	10.55
0	11	44	-0.28	-0.07	-1.04	5.09	-10.58	10.49
0	11	45	-0.26	-0.06	-1.04	1.27	-7.33	8.80
0	11	46	-0.25	-0.05	-1.02	-4.54	-5.33	8.80
0	11	47	-0.23	-0.04	-1.01	-4.54	-3.46	8.55
0	11	48	-0.21	-0.02	-1.01	-5.66	-1.71	7.30
0	11	49	-0.20	-0.00	-1.01	-0.73	-0.02	1.30
0	12	0	-0.36	-0.28	-1.08	-35.10	55.60	-10.20
0	12	1	-0.35	-0.30	-1.09	-41.41	68.60	-10.39
0	12	2	-0.33	-0.30	-1.09	-47.29	90.67	-15.51
0	12	3	-0.30	-0.27	-1.06	-52.60	108.85	-19.83
0	12	4	-0.25	-0.21	-1.03	-63.35	129.73	-21.20
0	12	5	-0.17	-0.09	-0.98	-71.41	146.23	-21.76
0	12	6	-0.12	0.01	-0.95	-69.04	150.73	-27.83
0	12	7	-0.10	0.08	-0.91	-64.35	156.54	-36.26
0	12	8	-0.05	0.19	-0.86	-57.66	156.98	-36.83
0	12	9	-0.05	0.24	-0.85	-49.29	151.48	-39.20
0	12	10	-0.01	0.32	-0.82	-61.29	154.35	-31.58
0	12	11	0.02	0.49	-0.77	-64.04	154.54	-29.20
0	12	12	0.10	0.63	-0.70	-53.29	144.29	-29.33
0	12	13	0.12	0.76	-0.70	-39.16	124.73	-21.08
0	12	14	0.16	0.80	-0.76	-35.16	102.29	-9.83
0	12	15	0.22	0.86	-0.75	-40.91	81.98	-8.33
0	12	16	0.21	0.88	-0.70	-28.04	47.98	-14.33
0	12	17	0.18	0.84	-0.68	-12.29	24.23	-16.89
0	12	18	0.13	0.79	-0.67	-7.16	5.79	-10.39
0	12	19	0.10	0.76	-0.67	-5.48	-11.77	-0.70
0	12	20	0.05	0.72	-0.70	8.40	-23.21	2.55
0	12	21	0.03	0.69	-0.74	13.90	-33.96	9.05
0	12	22	0.02	0.68	-0.77	15.27	-48.02	14.55
0	12	23	0.02	0.66	-0.79	24.15	-61.40	14.24
0	12	24	0.02	0.63	-0.81	35.40	-72.27	10.67
0	12	25	0.01	0.60	-0.83	38.77	-82.52	7.67
0	12	26	-0.01	0.56	-0.83	37.15	-94.71	11.30
0	12	27	-0.02	0.51	-0.85	37.77	-106.65	12.24
0	12	28	-0.03	0.46	-0.84	41.34	-112.71	7.05
0	12	29	-0.09	0.41	-0.84	46.71	-117.15	5.92
0	12	30	-0.15	0.32	-0.89	48.27	-119.15	13.42
0	12	31	-0.18	0.24	-0.92	45.34	-115.77	13.30
0	12	32	-0.21	0.20	-0.92	48.15	-110.08	9.30
0	12	33	-0.23	0.15	-0.92	52.90	-102.71	5.24
0	12	34	-0.26	0.12	-0.92	48.46	-94.83	6.55
0	12	35	-0.27	0.10	-0.92	43.27	-94.40	11.67
0	12	36	-0.30	0.04	-0.95	41.02	-87.02	3.86
0	12	37	-0.37	-0.04	-0.99	49.34	-80.02	25.74
0	12	38	-0.28	-0.09	-0.95	48.77	-75.08	9.05
0	12	39	-0.35	-0.09	-0.95	41.84	-67.40	2.11
0	12	40	-0.33	-0.10	-0.96	39.77	-60.52	7.74
0	12	41	-0.33	-0.10	-0.97	33.34	-53.27	4.80
0	12	42	-0.32	-0.11	-0.96	24.90	-41.96	11.05
0	12	43	-0.30	-0.05	-0.94	21.65	-37.33	12.80
0	12	44	-0.28	-0.04	-0.97	23.09	-36.65	20.80
0	12	45	-0.26	-0.03	-0.99	23.27	-37.90	20.61
0	12	46	-0.26	-0.04	-1.03	24.34	-31.71	14.17
0	12	47	-0.25	-0.05	-1.06	20.21	-25.77	9.30
0	12	48	-0.25	-0.05	-1.05	11.77	-21.02	3.55
0	12	49	-0.25	-0.04	-1.02	8.21	-20.46	1.92
0	13	0	-0.35	-0.30	-1.06	-38.98	77.60	-9.95
0	13	1	-0.31	-0.26	-1.01	-46.91	93.54	-7.89
0	13	2	-0.28	-0.18	-0.98	-53.16	110.04	-5.83
0	13	3	-0.23	-0.10	-0.98	-54.98	125.48	-5.51
0	13	4	-0.18	-0.04	-0.97	-51.98	136.73	-19.58
0	13	5	-0.16	0.02	-0.97	-48.73	146.23	-23.01
0	13	6	-0.09	0.09	-0.93	-52.85	152.48	-30.58
0	13	7	-0.07	0.20	-0.84	-61.54	151.85	-30.33
0	13	8	-0.06	0.29	-0.83	-62.48	151.29	-18.08
0	13	9	-0.00	0.39	-0.83	-64.91	153.60	-11.64
0	13	10	0.06	0.54	-0.77	-56.35	149.79	-18.45
0	13	11	0.10	0.67	-0.72	-39.60	138.54	-20.58
0	13	12	0.13	0.74	-0.75	-27.23	114.10	-11.83
0	13	13	0.16	0.75	-0.81	-25.91	79.10	-0.33
0	13	14	0.17	0.74	-0.81	-28.79	53.85	-0.39
0	13	15	0.16	0.74	-0.78	-23.04	35.79	-6.76
0	13	16	0.14	0.75	-0.74	-13.04	18.17	-8.26
0	13	17	0.11	0.73	-0.73	-2.98	-2.52	-2.95
0	13	18	0.08	0.70	-0.75	2.34	-18.40	2.42
0	13	19	0.05	0.67	-0.79	9.71	-31.02	4.42
0	13	20	0.02	0.64	-0.80	17.59	-45.90	5.42
0	13	21	-0.01	0.60	-0.81	22.90	-59.71	8.11
0	13	22	-0.02	0.55	-0.83	29.15	-68.58	6.86
0	13	23	-0.02	0.52	-0.81	32.52	-72.96	4.11
0	13	24	-0.02	0.51	-0.81	40.84	-79.33	4.80
0	13	25	-0.02	0.48	-0.81	44.84	-86.02	6.49
0	13	26	-0.02	0.45	-0.82	44.77	-94.15	11.86
0	13	27	-0.02	0.42	-0.84	46.96	-104.58	17.80
0	13	28	-0.06	0.37	-0.89	51.34	-113.96	20.49
0	13	29	-0.08	0.30	-0.94	59.59	-122.83	16.61
0	13	30	-0.12	0.20	-0.96	67.09	-124.33	4.49
0	13	31	-0.19	0.10	-0.96	65.02	-118.40	-1.64
0	13	32	-0.24	0.03	-0.97	59.59	-112.83	1.80
0	13	33	-0.27	-0.01	-0.96	54.15	-109.21	4.30
0	13	34	-0.26	-0.04	-0.97	51.09	-100.58	-3.89
0	13	35	-0.31	-0.09	-0.95	48.65	-79.65	0.99
0	13	36	-0.27	-0.09	-0.97	50.09	-88.21	10.92
0	13	37	-0.28	-0.15	-1.03	31.02	-75.21	3.86
0	13	38	-0.28	-0.14	-1.02	18.84	-64.83	10.80
0	13	39	-0.27	-0.13	-0.98	18.40	-56.90	-0.64
0	13	40	-0.27	-0.11	-0.97	26.96	-53.46	-1.89
0	13	41	-0.26	-0.14	-0.95	25.21	-48.08	-2.76
0	13	42	-0.31	-0.16	-1.01	17.15	-43.15	5.30
0	13	43	-0.28	-0.17	-1.04	9.02	-35.40	7.36
0	13	44	-0.30	-0.15	-1.00	8.65	-28.33	0.55
0	13	45	-0.30	-0.16	-0.98	9.15	-23.33	0.74
0	13	46	-0.30	-0.16	-0.98	7.65	-17.27	1.67
0	13	47	-0.29	-0.16	-1.00	8.21	-11.33	0.86
0	13	48	-0.28	-0.15	-1.01	4.84	-5.58	-0.14
0	13	49	-0.27	-0.14	-1.01	-1.29	-2.02	2.99
0	14	0	-0.40	-0.37	-1.12	-41.23	66.92	-8.01
0	14	1	-0.37	-0.35	-1.09	-52.79	87.73	-7.76
0	14	2	-0.33	-0.30	-1.05	-66.29	106.42	-9.89
0	14	3	-0.27	-0.23	-1.03	-75.54	125.79	-9.64
0	14	4	-0.19	-0.14	-0.97	-83.91	141.23	-19.26
0	14	5	-0.16	-0.01	-0.91	-73.66	152.98	-29.20
0	14	6	-0.07	0.07	-0.90	-62.98	164.29	-38.76
0	14	7	-0.04	0.21	-0.81	-74.73	160.67	-34.89
0	14	8	0.02	0.38	-0.75	-78.54	147.04	-21.45
0	14	9	0.01	0.54	-0.73	-64.16	130.42	-14.26
0	14	10	0.06	0.64	-0.73	-50.66	117.23	-8.58
0	14	11	0.08	0.74	-0.74	-42.04	99.35	-8.20
0	14	12	0.10	0.77	-0.77	-29.10	82.23	-7.08
0	14	13	0.12	0.78	-0.82	-25.54	65.54	-5.70
0	14	14	0.12	0.74	-0.82	-19.79	45.23	-11.39
0	14	15	0.07	0.66	-0.82	-12.29	25.98	-14.76
0	14	16	0.01	0.56	-0.80	-13.04	15.54	-12.64
0	14	17	-0.05	0.54	-0.78	-9.48	10.73	-9.76
0	14	18	-0.07	0.51	-0.79	-3.85	10.54	-7.58
0	14	19	-0.08	0.54	-0.78	-8.29	8.67	-0.95
0	14	20	-0.07	0.60	-0.78	-5.16	2.23	7.74
0	14	21	-0.04	0.62	-0.80	4.65	-4.58	6.42
0	14	22	-0.01	0.66	-0.80	9.02	-13.02	4.49
0	14	23	0.02	0.69	-0.77	13.09	-27.33	7.11
0	14	24	0.04	0.69	-0.75	19.52	-40.77	8.61
0	14	25	0.05	0.67	-0.77	31.59	-53.58	6.49
0	14	26	0.05	0.62	-0.79	37.96	-66.02	5.80
0	14	27	0.04	0.60	-0.80	38.27	-79.46	7.61
0	14	28	0.03	0.55	-0.80	40.46	-92.15	10.55
0	14	29	0.00	0.50	-0.81	44.84	-103.52	14.11
0	14	30	-0.04	0.42	-0.86	54.34	-113.71	15.74
0	14	31	-0.08	0.32	-0.91	63.02	-117.65	10.05
0	14	32	-0.13	0.23	-0.93	59.90	-120.21	8.30
0	14	33	-0.17	0.17	-0.94	56.65	-122.27	9.30
0	14	34	-0.23	0.08	-0.96	58.21	-120.08	6.11
0	14	35	-0.26	0.03	-0.98	53.34	-112.52	7.74
0	14	36	-0.25	0.00	-0.99	45.84	-103.65	4.74
0	14	37	-0.30	-0.03	-0.99	36.52	-83.46	8.11
0	14	38	-0.28	-0.03	-0.98	32.96	-86.46	20.36
0	14	39	-0.27	-0.06	-1.00	23.96	-79.83	13.49
0	14	40	-0.29	-0.07	-1.00	21.09	-69.27	9.49
0	14	41	-0.29	-0.09	-1.01	19.90	-55.46	0.30
0	14	42	-0.29	-0.07	-0.99	21.52	-54.77	0.86
0	14	43	-0.29	-0.08	-0.99	21.09	-50.77	2.42
0	14	44	-0.30	-0.08	-0.96	14.77	-44.90	3.17
0	14	45	-0.32	-0.09	-1.01	19.21	-38.96	8.05
0	14	46	-0.30	-0.10	-1.00	14.96	-31.65	2.11
0	14	47	-0.31	-0.09	-0.98	13.27	-26.52	2.55
0	14	48	-0.30	-0.09	-0.98	9.90	-19.33	3.67
0	14	49	-0.29	-0.09	-1.00	4.09	-12.96	8.42
0	15	0	-0.38	-0.26	-1.09	-25.16	47.92	-2.39
0	15	1	-0.37	-0.27	-1.10	-33.41	61.79	-4.58
0	15	2	-0.36	-0.28	-1.10	-43.23	76.85	-5.01
0	15	3	-0.33	-0.26	-1.08	-48.85	95.98	-10.89
0	15	4	-0.29	-0.22	-1.05	-53.04	115.98	-18.20
0	15	5	-0.25	-0.15	-1.01	-61.54	136.29	-22.26
0	15	6	-0.20	-0.06	-0.99	-62.66	151.79	-28.08
0	15	7	-0.16	0.01	-0.97	-62.48	165.67	-34.58
0	15	8	-0.09	0.13	-0.93	-69.54	174.42	-38.51
0	15	9	-0.04	0.22	-0.90	-70.98	174.60	-49.26
0	15	10	-0.02	0.34	-0.87	-72.85	182.92	-58.83
0	15	11	0.06	0.51	-0.76	-67.10	161.79	-65.20
0	15	12	-0.01	0.58	-0.72	-53.29	132.29	-62.70
0	15	13	-0.03	0.58	-0.71	-50.79	122.85	-51.33
0	15	14	-0.01	0.80	-0.66	-50.85	118.54	-46.58
0	15	15	-0.00	0.71	-0.66	-41.66	105.17	-37.39
0	15	16	-0.02	0.70	-0.72	-41.60	106.73	-34.45
0	15	17	0.03	0.73	-0.76	-41.54	103.04	-31.89
0	15	18	0.04	0.73	-0.80	-39.85	77.23	-25.14
0	15	19	0.04	0.73	-0.80	-34.35	56.23	-30.20
0	15	20	0.01	0.73	-0.75	-22.23	33.67	-29.89
0	15	21	0.01	0.70	-0.70	-8.60	13.98	-25.45
0	15	22	-0.02	0.70	-0.65	-4.98	-0.77	-10.26
0	15	23	-0.02	0.73	-0.61	-0.79	-12.33	8.05
0	15	24	0.01	0.76	-0.63	9.09	-24.46	17.55
0	15	25	0.04	0.78	-0.67	18.71	-42.02	29.05
0	15	26	0.06	0.78	-0.72	22.77	-58.46	28.61
0	15	27	0.04	0.78	-0.74	30.34	-76.65	22.61
0	15	28	0.01	0.71	-0.75	39.46	-100.65	19.74
0	15	29	-0.02	0.63	-0.74	46.59	-117.52	19.17
0	15	30	-0.06	0.57	-0.73	54.09	-128.08	18.05
0	15	31	-0.11	0.48	-0.77	60.84	-137.58	25.92
0	15	32	-0.16	0.38	-0.88	50.09	-137.71	37.05
0	15	33	-0.22	0.33	-0.93	42.84	-138.83	35.17
0	15	34	-0.27	0.24	-0.95	44.84	-133.27	26.55
0	15	35	-0.30	0.18	-0.92	51.84	-121.33	11.86
0	15	36	-0.35	0.14	-0.90	55.65	-106.77	8.49
0	15	37	-0.35	0.10	-0.96	41.52	-93.52	18.99
0	15	38	-0.33	0.14	-0.96	18.34	-83.65	27.11
0	15	39	-0.29	0.19	-0.94	19.84	-80.27	13.05
0	15	40	-0.33	0.17	-0.92	30.90	-77.02	12.67
0	15	41	-0.31	0.15	-0.92	37.77	-87.08	17.42
0	15	42	-0.33	0.11	-0.95	28.09	-84.02	10.61
0	15	43	-0.33	0.07	-0.94	17.59	-78.52	14.24
0	15	44	-0.33	0.09	-0.92	13.34	-72.65	13.99
0	15	45	-0.33	0.09	-0.94	19.21	-63.90	13.86
0	15	46	-0.32	0.07	-0.96	20.34	-59.08	7.80
0	15	47	-0.33	0.05	-0.97	20.77	-59.21	6.92
0	15	48	-0.34	0.01	-0.97	14.27	-54.83	7.24
0	15	49	-0.34	0.01	-0.97	8.71	-48.33	14.49
0	16	0	-0.63	-0.58	-1.20	-12.48	77.35	-6.33
0	16	1	-0.61	-0.59	-1.19	-30.79	122.79	-22.33
0	16	2	-0.51	-0.51	-1.14	-58.48	152.17	-18.08
0	16	3	-0.38	-0.37	-1.04	-84.48	179.10	-18.33
0	16	4	-0.23	-0.19	-0.92	-92.29	199.73	-26.89
0	16	5	-0.13	-0.04	-0.90	-87.16	217.92	-30.33
0	16	6	0.02	0.11	-0.83	-89.29	218.29	-36.89
0	16	7	0.06	0.29	-0.76	-85.10	202.10	-40.01
0	16	8	0.08	0.40	-0.71	-73.54	186.48	-42.45
0	16	9	0.09	0.53	-0.69	-63.16	176.54	-31.70
0	16	10	0.11	0.65	-0.69	-57.79	164.04	-23.51
0	16	11	0.13	0.75	-0.73	-58.29	143.73	-10.14
0	16	12	0.20	0.85	-0.73	-55.66	126.73	-11.89
0	16	13	0.23	0.90	-0.74	-40.91	98.35	-18.95
0	16	14	0.22	0.89	-0.71	-24.79	63.54	-32.45
0	16	15	0.15	0.83	-0.66	-17.73	35.35	-29.95
0	16	16	0.10	0.76	-0.62	-12.60	15.10	-20.39
0	16	17	0.04	0.71	-0.64	-10.04	4.35	-4.51
0	16	18	0.02	0.70	-0.65	-3.73	-1.33	0.49
0	16	19	0.00	0.72	-0.66	7.15	-6.21	1.55
0	16	20	0.01	0.73	-0.68	14.71	-14.52	5.05
0	16	21	0.02	0.75	-0.69	23.34	-30.15	10.11
0	16	22	0.03	0.75	-0.74	28.71	-47.77	16.24
0	16	23	0.03	0.71	-0.76	28.34	-63.52	16.86
0	16	24	0.03	0.68	-0.73	32.71	-75.71	13.30
0	16	25	0.02	0.65	-0.73	45.34	-88.33	11.05
0	16	26	0.01	0.60	-0.75	51.84	-99.27	11.80
0	16	27	-0.03	0.56	-0.78	54.96	-110.46	13.36
0	16	28	-0.08	0.49	-0.84	60.21	-125.96	17.80
0	16	29	-0.13	0.40	-0.89	67.71	-133.58	10.92
0	16	30	-0.17	0.30	-0.90	65.02	-135.71	7.99
0	16	31	-0.21	0.25	-0.89	52.02	-135.83	14.80
0	16	32	-0.25	0.20	-0.93	46.65	-129.83	19.74
0	16	33	-0.27	0.15	-0.95	43.77	-120.08	15.86
0	16	34	-0.27	0.14	-0.92	44.40	-111.96	7.36
0	16	35	-0.29	0.14	-0.90	52.09	-111.27	6.86
0	16	36	-0.32	0.04	-0.95	48.90	-97.33	7.36
0	16	37	-0.37	0.02	-0.98	31.40	-83.21	29.24
0	16	38	-0.32	0.04	-1.00	30.96	-84.02	24.92
0	16	39	-0.33	0.01	-1.00	32.59	-77.71	3.30
0	16	40	-0.34	-0.02	-0.98	33.46	-73.77	-3.89
0	16	41	-0.34	-0.03	-0.97	30.21	-68.77	-4.39
0	16	42	-0.36	-0.05	-0.96	25.59	-58.40	-1.89
0	16	43	-0.34	-0.05	-0.95	17.71	-52.96	2.74
0	16	44	-0.33	-0.03	-0.94	20.65	-49.96	2.42
0	16	45	-0.34	-0.06	-0.95	17.09	-45.58	7.24
0	16	46	-0.35	-0.06	-0.97	12.65	-42.40	10.61
0	16	47	-0.35	-0.07	-0.98	18.71	-41.02	4.49
0	16	48	-0.36	-0.10	-0.97	21.90	-34.52	-7.08
0	16	49	-0.36	-0.11	-0.94	21.71	-28.77	-8.89
0	17	0	-0.54	-0.39	-1.12	-23.66	75.17	-18.64
0	17	1	-0.50	-0.39	-1.08	-37.10	96.60	-16.95
0	17	2	-0.45	-0.37	-1.06	-47.98	125.73	-18.20
0	17	3	-0.36	-0.29	-1.02	-56.29	154.48	-22.83
0	17	4	-0.28	-0.17	-0.96	-68.16	175.54	-22.89
0	17	5	-0.21	-0.05	-0.91	-68.98	187.98	-24.45
0	17	6	-0.18	-0.02	-0.94	-64.91	210.10	-30.64
0	17	7	-0.08	0.13	-0.87	-65.54	227.67	-41.89
0	17	8	-0.04	0.29	-0.80	-62.79	211.79	-43.26
0	17	9	-0.03	0.34	-0.79	-60.29	187.92	-31.39
0	17	10	0.04	0.44	-0.75	-64.91	179.79	-25.51
0	17	11	0.09	0.59	-0.66	-57.10	158.17	-31.33
0	17	12	0.05	0.71	-0.63	-33.29	132.17	-25.70
0	17	13	0.08	0.76	-0.67	-16.79	109.98	-11.51
0	17	14	0.13	0.78	-0.72	-18.10	91.54	-6.01
0	17	15	0.18	0.84	-0.72	-25.66	73.23	-3.70
0	17	16	0.22	0.88	-0.74	-20.60	47.73	2.30
0	17	17	0.24	0.87	-0.75	-7.23	20.35	-2.20
0	17	18	0.22	0.81	-0.75	2.40	-1.83	-5.45
0	17	19	0.19	0.76	-0.76	0.27	-22.90	4.61
0	17	20	0.17	0.75	-0.75	-0.66	-43.02	11.61
0	17	21	0.10	0.73	-0.75	10.65	-64.08	9.49
0	17	22	0.03	0.65	-0.79	20.21	-83.02	9.49
0	17	23	-0.04	0.58	-0.80	19.46	-90.90	7.17
0	17	24	-0.07	0.57	-0.77	19.46	-92.90	8.49
0	17	25	-0.09	0.56	-0.75	26.52	-97.90	12.49
0	17	26	-0.10	0.53	-0.78	34.96	-102.27	16.67
0	17	27	-0.12	0.49	-0.81	39.84	-109.65	18.74
0	17	28	-0.15	0.43	-0.85	43.90	-116.90	16.36
0	17	29	-0.18	0.35	-0.89	43.02	-120.83	16.11
0	17	30	-0.23	0.30	-0.91	37.46	-119.21	16.92
0	17	31	-0.25	0.28	-0.91	38.52	-115.90	15.99
0	17	32	-0.27	0.25	-0.91	46.90	-111.96	11.74
0	17	33	-0.30	0.19	-0.93	47.34	-99.08	9.11
0	17	34	-0.31	0.16	-0.94	36.09	-84.71	8.86
0	17	35	-0.30	0.15	-0.98	29.15	-79.40	11.30
0	17	36	-0.28	0.16	-0.97	27.15	-75.02	-6.58
0	17	37	-0.33	0.15	-0.91	40.65	-78.58	-3.58
0	17	38	-0.31	0.10	-0.90	48.59	-91.58	1.24
0	17	39	-0.36	-0.00	-0.97	40.52	-89.27	0.67
0	17	40	-0.37	-0.03	-0.94	5.46	-68.65	7.36
0	17	41	-0.36	0.08	-0.88	8.65	-61.58	4.67
0	17	42	-0.35	0.04	-0.87	27.34	-57.83	4.86
0	17	43	-0.36	0.02	-0.87	29.90	-57.77	2.49
0	17	44	-0.39	-0.03	-0.93	33.15	-51.58	9.24
0	17	45	-0.39	-0.04	-0.98	25.15	-36.96	10.80
0	17	46	-0.35	-0.01	-0.94	16.84	-34.40	11.92
0	17	47	-0.35	-0.01	-0.93	17.15	-33.46	12.42
0	17	48	-0.35	-0.03	-0.95	17.09	-27.58	15.30
0	17	49	-0.34	-0.02	-0.97	14.96	-21.71	14.24
0	18	0	-0.57	-0.43	-1.13	-27.23	80.48	-17.83
0	18	1	-0.50	-0.35	-1.04	-40.91	108.98	-20.20
0	18	2	-0.43	-0.28	-1.02	-45.48	129.23	-18.95
0	18	3	-0.39	-0.27	-1.02	-53.73	154.35	-22.01
0	18	4	-0.35	-0.26	-1.03	-59.60	186.17	-32.95
0	18	5	-0.28	-0.15	-0.98	-72.16	218.29	-41.26
0	18	6	-0.18	0.01	-0.88	-79.66	221.48	-40.51
0	18	7	-0.16	0.11	-0.84	-77.79	212.48	-40.26
0	18	8	-0.13	0.13	-0.81	-73.91	218.10	-43.08
0	18	9	-0.06	0.27	-0.72	-71.35	230.67	-51.83
0	18	10	0.04	0.50	-0.62	-57.98	214.54	-48.33
0	18	11	0.08	0.61	-0.55	-35.48	179.85	-44.83
0	18	12	0.09	0.71	-0.59	-17.85	157.04	-18.64
0	18	13	0.20	0.82	-0.62	-15.85	138.73	-1.76
0	18	14	0.26	0.92	-0.65	-13.91	104.10	4.86
0	18	15	0.30	0.98	-0.70	-4.91	63.92	17.49
0	18	16	0.33	0.91	-0.79	3.40	31.79	13.67
0	18	17	0.30	0.85	-0.82	-2.66	11.35	15.11
0	18	18	0.29	0.82	-0.81	-3.04	-14.02	11.17
0	18	19	0.22	0.75	-0.79	9.71	-41.77	4.05
0	18	20	0.15	0.69	-0.77	14.96	-61.33	4.86
0	18	21	0.09	0.67	-0.76	18.59	-79.96	9.99
0	18	22	0.04	0.63	-0.79	21.65	-93.52	10.61
0	18	23	0.00	0.61	-0.79	25.34	-102.02	10.42
0	18	24	-0.02	0.59	-0.80	28.77	-112.27	8.80
0	18	25	-0.05	0.56	-0.81	28.65	-124.58	11.74
0	18	26	-0.05	0.53	-0.78	33.65	-140.52	7.42
0	18	27	-0.10	0.48	-0.78	46.71	-155.58	4.80
0	18	28	-0.15	0.35	-0.84	56.71	-161.52	4.24
0	18	29	-0.20	0.25	-0.88	43.90	-150.40	0.11
0	18	30	-0.23	0.25	-0.86	37.52	-143.52	0.99
0	18	31	-0.25	0.23	-0.85	38.84	-143.33	6.92
0	18	32	-0.30	0.19	-0.87	42.21	-149.96	15.86
0	18	33	-0.36	0.08	-0.94	48.96	-148.27	17.49
0	18	34	-0.41	-0.03	-1.01	36.52	-130.27	12.11
0	18	35	-0.40	-0.04	-0.99	13.59	-108.40	9.17
0	18	36	-0.42	0.02	-0.92	29.71	-81.27	-3.76
0	18	37	-0.42	-0.00	-0.90	29.27	-77.52	10.49
0	18	38	-0.41	-0.03	-0.94	24.71	-75.08	8.17
0	18	39	-0.41	-0.05	-0.97	14.46	-69.08	13.24
0	18	40	-0.38	-0.02	-0.94	6.21	-62.33	10.61
0	18	41	-0.37	-0.01	-0.92	13.34	-59.77	3.49
0	18	42	-0.38	-0.03	-0.91	16.90	-51.52	0.24
0	18	43	-0.40	-0.02	-0.94	16.59	-48.65	3.74
0	18	44	-0.38	-0.03	-0.95	11.84	-48.71	8.61
0	18	45	-0.40	-0.03	-0.93	8.52	-46.21	6.86
0	18	46	-0.39	-0.04	-0.92	9.40	-41.08	7.80
0	18	47	-0.38	-0.04	-0.91	13.40	-37.15	4.49
0	18	48	-0.38	-0.05	-0.92	18.65	-34.21	4.42
0	18	49	-0.39	-0.08	-0.95	12.71	-28.40	9.67
0	19	0	-0.59	-0.47	-1.15	-24.29	57.60	-4.58
0	19	1	-0.59	-0.55	-1.16	-35.73	83.67	-10.51
0	19	2	-0.55	-0.55	-1.10	-51.66	126.98	-24.51
0	19	3	-0.47	-0.47	-1.00	-64.73	164.73	-24.95
0	19	4	-0.36	-0.36	-0.93	-79.60	195.23	-18.14
0	19	5	-0.22	-0.19	-0.85	-92.91	219.85	-18.89
0	19	6	-0.10	0.00	-0.80	-88.54	227.04	-21.89
0	19	7	-0.05	0.15	-0.76	-80.60	223.54	-25.14
0	19	8	0.02	0.28	-0.73	-68.54	219.42	-31.51
0	19	9	0.07	0.46	-0.69	-58.73	208.23	-32.95
0	19	10	0.09	0.62	-0.66	-56.98	191.04	-17.64
0	19	11	0.19	0.77	-0.62	-53.60	172.17	-9.45
0	19	12	0.26	0.89	-0.60	-40.35	144.54	-9.45
0	19	13	0.29	0.99	-0.65	-20.91	106.04	-0.26
0	19	14	0.31	0.98	-0.72	-10.98	66.60	4.86
0	19	15	0.29	0.95	-0.76	-8.73	36.54	-0.20
0	19	16	0.27	0.90	-0.74	-7.98	5.85	-1.33
0	19	17	0.23	0.83	-0.74	1.90	-17.65	-5.20
0	19	18	0.16	0.76	-0.74	9.27	-38.83	-3.14
0	19	19	0.10	0.70	-0.74	17.21	-56.83	-0.83
0	19	20	0.04	0.66	-0.74	24.15	-71.33	0.36
0	19	21	-0.01	0.63	-0.77	30.02	-86.52	4.67
0	19	22	-0.02	0.60	-0.79	33.34	-95.27	0.74
0	19	23	-0.03	0.59	-0.76	37.96	-105.46	-2.01
0	19	24	-0.03	0.55	-0.74	42.02	-116.02	1.24
0	19	25	-0.05	0.52	-0.75	44.15	-127.33	8.17
0	19	26	-0.08	0.46	-0.78	47.96	-137.65	14.49
0	19	27	-0.13	0.39	-0.84	50.40	-144.90	19.24
0	19	28	-0.17	0.31	-0.89	56.09	-150.52	13.99
0	19	29	-0.24	0.20	-0.93	60.90	-154.40	5.55
0	19	30	-0.32	0.07	-0.97	54.96	-145.33	2.42
0	19	31	-0.36	0.02	-0.95	39.77	-129.71	2.24
0	19	32	-0.38	0.03	-0.91	29.77	-118.40	8.80
0	19	33	-0.38	0.01	-0.94	31.96	-113.52	14.99
0	19	34	-0.39	-0.04	-0.97	27.96	-94.46	-1.83
0	19	35	-0.42	-0.07	-0.96	26.96	-81.58	9.99
0	19	36	-0.39	-0.07	-0.95	24.34	-82.77	15.86
0	19	37	-0.37	-0.07	-0.95	13.40	-71.90	5.99
0	19	38	-0.38	-0.05	-0.92	13.65	-64.21	3.17
0	19	39	-0.40	-0.06	-0.97	20.09	-57.33	4.05
0	19	40	-0.39	-0.07	-0.98	17.77	-55.58	-3.33
0	19	41	-0.41	-0.07	-0.93	17.27	-52.65	-5.14
0	19	42	-0.42	-0.10	-0.91	15.34	-48.27	-2.01
0	19	43	-0.43	-0.11	-0.92	12.40	-41.58	5.11
0	19	44	-0.42	-0.11	-0.95	7.46	-28.21	10.24
0	19	45	-0.39	-0.08	-0.96	8.27	-23.02	9.11
0	19	46	-0.39	-0.09	-0.97	9.59	-20.08	5.17
0	19	47	-0.39	-0.09	-0.97	7.09	-16.65	3.80
0	19	48	-0.38	-0.08	-0.97	1.90	-10.71	7.05
0	19	49	-0.36	-0.07	-0.97	1.65	-8.27	6.11
0	20	0	-0.57	-0.38	-1.08	-19.35	55.48	-6.83
0	20	1	-0.54	-0.38	-1.07	-26.60	79.60	-10.70
0	20	2	-0.55	-0.41	-1.09	-28.79	99.35	-16.20
0	20	3	-0.53	-0.43	-1.09	-36.66	127.85	-19.95
0	20	4	-0.49	-0.44	-1.08	-54.16	163.48	-24.76
0	20	5	-0.40	-0.31	-1.00	-75.16	198.10	-26.45
0	20	6	-0.27	-0.18	-0.96	-87.04	214.35	-22.83
0	20	7	-0.16	-0.06	-0.91	-104.29	228.17	-28.14
0	20	8	-0.04	0.18	-0.75	-106.85	227.17	-43.45
0	20	9	0.01	0.33	-0.66	-86.85	212.92	-47.51
0	20	10	0.06	0.46	-0.58	-71.29	195.48	-43.89
0	20	11	0.05	0.60	-0.53	-53.23	173.42	-31.20
0	20	12	0.05	0.71	-0.58	-39.54	158.35	-7.08
0	20	13	0.13	0.81	-0.60	-36.41	144.29	0.61
0	20	14	0.18	0.91	-0.65	-22.73	122.73	1.24
0	20	15	0.24	0.95	-0.71	-11.41	100.04	3.99
0	20	16	0.25	0.94	-0.75	-11.35	66.23	6.99
0	20	17	0.22	0.85	-0.81	-9.41	34.79	5.24
0	20	18	0.17	0.79	-0.81	-13.16	16.73	-3.26
0	20	19	0.14	0.75	-0.73	-9.10	-2.96	-8.20
0	20	20	0.12	0.75	-0.65	1.34	-16.58	-11.83
0	20	21	0.10	0.77	-0.61	18.34	-27.15	-9.76
0	20	22	0.12	0.81	-0.61	28.52	-46.15	0.61
0	20	23	0.13	0.82	-0.64	34.90	-64.96	8.99
0	20	24	0.12	0.81	-0.68	42.15	-87.96	13.92
0	20	25	0.10	0.75	-0.72	52.96	-109.33	12.86
0	20	26	0.06	0.66	-0.75	53.59	-129.65	12.17
0	20	27	0.03	0.59	-0.76	59.65	-146.21	11.74
0	20	28	-0.03	0.49	-0.80	69.40	-162.96	12.17
0	20	29	-0.14	0.34	-0.91	76.02	-176.90	12.24
0	20	30	-0.21	0.19	-0.97	73.84	-178.33	1.05
0	20	31	-0.28	0.09	-0.95	63.96	-167.58	-10.64
0	20	32	-0.33	0.05	-0.90	47.21	-151.02	-7.51
0	20	33	-0.38	0.05	-0.89	46.96	-134.77	-1.39
0	20	34	-0.42	-0.01	-0.90	43.02	-121.77	8.61
0	20	35	-0.43	-0.05	-0.93	33.02	-111.83	15.80
0	20	36	-0.43	-0.08	-0.97	27.84	-96.40	12.11
0	20	37	-0.43	-0.07	-0.97	12.09	-67.71	4.24
0	20	38	-0.43	0.01	-0.91	14.52	-60.27	21.30
0	20	39	-0.37	-0.02	-0.93	23.71	-71.65	14.67
0	20	40	-0.40	-0.05	-0.94	14.90	-61.33	6.74
0	20	41	-0.40	-0.04	-0.91	13.02	-52.90	1.74
0	20	42	-0.42	-0.03	-0.96	18.02	-50.15	6.05
0	20	43	-0.41	-0.07	-0.97	15.40	-45.21	-1.45
0	20	44	-0.44	-0.07	-0.94	19.27	-46.77	-5.14
0	20	45	-0.44	-0.11	-0.93	19.09	-38.02	-5.39
0	20	46	-0.44	-0.11	-0.92	8.96	-28.08	2.67
0	20	47	-0.42	-0.09	-0.95	2.96	-19.08	11.49
0	20	48	-0.40	-0.06	-0.97	6.90	-14.77	7.49
0	20	49	-0.38	-0.06	-0.97	6.02	-13.58	3.05
0	21	0	-0.57	-0.36	-1.07	-20.91	61.10	-2.01
0	21	1	-0.57	-0.40	-1.07	-23.66	84.42	-10.01
0	21	2	-0.52	-0.38	-1.03	-39.79	115.79	-8.51
0	21	3	-0.46	-0.30	-0.99	-50.73	142.04	-6.01
0	21	4	-0.37	-0.21	-0.98	-57.66	166.73	-8.20
0	21	5	-0.29	-0.10	-0.96	-67.98	186.73	-10.70
0	21	6	-0.21	0.03	-0.90	-71.91	189.60	-14.20
0	21	7	-0.16	0.11	-0.87	-62.85	191.17	-28.83
0	21	8	-0.12	0.17	-0.82	-56.29	195.29	-39.89
0	21	9	-0.08	0.30	-0.74	-60.41	195.29	-36.95
0	21	10	-0.05	0.44	-0.69	-51.23	190.98	-31.14
0	21	11	0.01	0.56	-0.68	-42.16	183.35	-19.20
0	21	12	0.10	0.66	-0.68	-41.60	166.98	-2.26
0	21	13	0.19	0.78	-0.70	-36.85	142.35	1.36
0	21	14	0.21	0.87	-0.74	-28.23	117.98	3.42
0	21	15	0.27	0.91	-0.76	-16.98	87.04	3.30
0	21	16	0.27	0.88	-0.75	-9.16	46.79	-4.95
0	21	17	0.23	0.83	-0.75	-7.48	16.60	-2.70
0	21	18	0.19	0.78	-0.74	-4.48	-3.02	-2.01
0	21	19	0.16	0.76	-0.72	2.09	-21.83	-1.83
0	21	20	0.12	0.73	-0.71	9.52	-42.46	3.11
0	21	21	0.10	0.73	-0.72	19.46	-57.96	4.67
0	21	22	0.10	0.72	-0.72	29.09	-75.33	3.36
0	21	23	0.07	0.70	-0.73	35.90	-97.77	4.92
0	21	24	0.04	0.66	-0.75	39.52	-118.46	12.11
0	21	25	-0.01	0.58	-0.79	44.59	-138.90	17.42
0	21	26	-0.05	0.49	-0.83	44.84	-149.21	17.92
0	21	27	-0.11	0.41	-0.85	49.40	-161.46	11.42
0	21	28	-0.19	0.31	-0.88	61.02	-165.77	3.24
0	21	29	-0.25	0.19	-0.91	63.34	-159.33	-1.33
0	21	30	-0.30	0.12	-0.90	55.02	-144.90	-4.08
0	21	31	-0.36	0.07	-0.94	52.09	-135.58	-0.20
0	21	32	-0.40	-0.00	-0.98	41.21	-118.83	4.11
0	21	33	-0.41	-0.02	-0.97	24.59	-97.90	4.24
0	21	34	-0.40	0.02	-0.94	15.96	-82.46	2.99
0	21	35	-0.37	0.06	-0.92	20.46	-79.46	1.05
0	21	36	-0.37	0.04	-0.92	20.40	-67.27	-12.64
0	21	37	-0.41	0.05	-0.88	22.34	-56.96	11.92
0	21	38	-0.34	0.06	-0.90	27.59	-63.02	6.24
0	21	39	-0.38	0.03	-0.96	22.09	-51.90	1.17
0	21	40	-0.37	0.03	-0.96	11.34	-47.33	5.05
0	21	41	-0.36	0.06	-0.94	10.15	-46.90	6.17
0	21	42	-0.36	0.05	-0.93	13.02	-45.58	2.42
0	21	43	-0.35	0.04	-0.93	12.02	-46.02	4.30
0	21	44	-0.35	0.03	-0.95	9.09	-45.52	8.49
0	21	45	-0.34	0.02	-0.94	10.40	-44.77	5.67
0	21	46	-0.36	0.01	-0.95	16.02	-44.90	1.49
0	21	47	-0.37	-0.03	-0.96	20.71	-44.33	-5.45
0	21	48	-0.40	-0.08	-0.96	16.34	-40.52	-7.58
0	21	49	-0.41	-0.09	-0.94	7.71	-37.40	-2.14
0	22	0	-0.48	-0.23	-0.99	-29.54	58.35	3.99
0	22	1	-0.50	-0.25	-1.01	-29.35	68.60	5.74
0	22	2	-0.52	-0.31	-1.05	-24.35	85.23	-1.33
0	22	3	-0.50	-0.32	-1.03	-32.04	109.23	-3.83
0	22	4	-0.44	-0.26	-0.99	-44.10	131.29	2.24
0	22	5	-0.36	-0.19	-0.95	-51.48	153.92	4.99
0	22	6	-0.25	-0.06	-0.92	-65.48	186.04	-13.39
0	22	7	-0.14	0.11	-0.86	-57.79	189.29	-19.20
0	22	8	-0.09	0.22	-0.81	-52.91	180.79	-21.95
0	22	9	-0.07	0.31	-0.82	-50.60	170.73	-21.14
0	22	10	-0.05	0.37	-0.80	-48.48	156.35	-24.83
0	22	11	-0.06	0.46	-0.77	-45.73	144.04	-26.01
0	22	12	-0.05	0.54	-0.80	-37.23	138.79	-25.20
0	22	13	-0.00	0.64	-0.81	-37.35	128.10	-29.76
0	22	14	-0.01	0.71	-0.80	-36.35	109.42	-27.33
0	22	15	0.02	0.71	-0.82	-35.91	89.92	-21.58
0	22	16	0.03	0.72	-0.84	-32.10	72.60	-33.20
0	22	17	0.03	0.69	-0.82	-29.85	59.60	-40.01
0	22	18	0.02	0.69	-0.75	-33.29	44.54	-38.70
0	22	19	-0.01	0.68	-0.70	-24.60	24.67	-31.89
0	22	20	-0.08	0.64	-0.70	-14.41	14.42	-24.26
0	22	21	-0.10	0.63	-0.73	-11.41	10.98	-17.58
0	22	22	-0.08	0.67	-0.70	-10.04	6.29	-13.70
0	22	23	-0.06	0.73	-0.65	-0.91	-8.77	-5.20
0	22	24	-0.04	0.76	-0.64	7.77	-25.40	5.49
0	22	25	-0.03	0.77	-0.67	16.65	-41.46	13.55
0	22	26	-0.02	0.76	-0.71	28.27	-61.90	13.17
0	22	27	-0.03	0.72	-0.74	40.09	-82.15	7.86
0	22	28	-0.07	0.63	-0.76	41.77	-98.40	4.49
0	22	29	-0.13	0.55	-0.79	39.34	-105.58	5.74
0	22	30	-0.16	0.48	-0.80	44.02	-113.65	5.67
0	22	31	-0.22	0.41	-0.83	51.09	-123.90	4.61
0	22	32	-0.30	0.31	-0.88	53.77	-126.90	4.86
0	22	33	-0.34	0.21	-0.92	38.71	-117.40	10.17
0	22	34	-0.39	0.18	-0.93	19.40	-106.40	17.92
0	22	35	-0.40	0.17	-0.89	20.02	-95.08	13.80
0	22	36	-0.41	0.16	-0.86	26.21	-91.71	10.30
0	22	37	-0.43	0.12	-0.90	32.46	-87.21	11.42
0	22	38	-0.43	0.10	-0.95	23.65	-75.58	9.67
0	22	39	-0.42	0.13	-0.93	7.52	-68.40	11.05
0	22	40	-0.40	0.15	-0.89	4.65	-61.40	3.36
0	22	41	-0.42	0.14	-0.86	12.90	-62.65	19.30
0	22	42	-0.38	0.13	-0.87	12.65	-65.15	22.67
0	22	43	-0.37	0.14	-0.89	9.77	-58.90	8.05
0	22	44	-0.39	0.15	-0.89	16.40	-55.77	7.17
0	22	45	-0.38	0.14	-0.89	15.96	-55.46	9.99
0	22	46	-0.38	0.13	-0.89	14.40	-56.77	14.55
0	22	47	-0.38	0.12	-0.90	15.02	-59.40	18.17
0	22	48	-0.38	0.08	-0.94	16.02	-57.58	16.36
0	22	49	-0.38	0.07	-0.94	16.84	-56.65	8.55
0	23	0	-0.55	-0.30	-0.99	-18.98	67.79	-2.45
0	23	1	-0.54	-0.29	-1.00	-26.60	83.98	2.30
0	23	2	-0.53	-0.30	-1.03	-33.54	103.42	3.86
0	23	3	-0.49	-0.27	-1.02	-45.23	125.60	2.92
0	23	4	-0.42	-0.19	-1.00	-52.79	144.17	0.05
0	23	5	-0.33	-0.11	-0.99	-52.91	162.42	-9.39
0	23	6	-0.24	-0.00	-0.92	-59.41	173.48	-18.58
0	23	7	-0.16	0.11	-0.85	-61.54	170.67	-15.51
0	23	8	-0.09	0.21	-0.80	-58.91	168.35	-21.70
0	23	9	-0.06	0.34	-0.75	-51.98	158.23	-20.33
0	23	10	-0.06	0.44	-0.75	-42.16	144.29	-13.08
0	23	11	-0.04	0.52	-0.77	-38.04	134.35	-11.45
0	23	12	-0.00	0.61	-0.74	-42.29	123.29	-4.95
0	23	13	0.04	0.70	-0.69	-46.91	108.85	2.36
0	23	14	0.05	0.79	-0.70	-36.66	92.98	7.49
0	23	15	0.07	0.81	-0.78	-18.73	74.10	6.74
0	23	16	0.10	0.77	-0.85	-13.79	54.17	2.36
0	23	17	0.11	0.76	-0.84	-19.23	29.79	-1.08
0	23	18	0.08	0.73	-0.80	-10.23	8.73	-7.76
0	23	19	0.01	0.66	-0.78	-3.41	-7.52	-11.20
0	23	20	-0.03	0.63	-0.75	-1.16	-14.90	-8.45
0	23	21	-0.04	0.63	-0.72	6.65	-20.83	-6.01
0	23	22	-0.03	0.66	-0.72	14.77	-28.21	-1.83
0	23	23	-0.00	0.70	-0.75	23.21	-38.77	-0.20
0	23	24	0.01	0.71	-0.78	29.40	-56.96	-0.01
0	23	25	-0.01	0.67	-0.79	31.46	-74.90	1.61
0	23	26	-0.04	0.62	-0.79	35.65	-89.27	-0.51
0	23	27	-0.07	0.55	-0.80	42.09	-101.77	-5.33
0	23	28	-0.10	0.47	-0.81	40.09	-111.52	-4.70
0	23	29	-0.15	0.42	-0.81	34.02	-116.77	3.17
0	23	30	-0.19	0.38	-0.83	38.52	-121.21	6.49
0	23	31	-0.24	0.30	-0.88	46.71	-125.08	4.61
0	23	32	-0.29	0.19	-0.92	44.40	-124.58	2.67
0	23	33	-0.34	0.13	-0.91	37.46	-115.58	-0.08
0	23	34	-0.38	0.11	-0.90	35.71	-104.21	-2.01
0	23	35	-0.40	0.08	-0.93	31.65	-95.46	1.11
0	23	36	-0.41	0.07	-0.93	23.09	-92.83	6.30
0	23	37	-0.40	0.04	-0.94	19.90	-83.33	-3.70
0	23	38	-0.45	0.03	-0.91	16.09	-67.52	7.74
0	23	39	-0.38	0.03	-0.90	10.59	-68.21	28.05
0	23	40	-0.34	0.06	-0.92	7.59	-60.02	18.61
0	23	41	-0.34	0.07	-0.95	12.02	-55.90	12.99
0	23	42	-0.34	0.05	-0.98	12.65	-59.40	7.05
0	23	43	-0.37	0.02	-0.96	10.09	-58.02	4.61
0	23	44	-0.40	0.00	-0.95	9.65	-55.27	1.74
0	23	45	-0.42	-0.01	-0.96	7.84	-51.77	3.05
0	23	46	-0.41	-0.02	-0.93	8.02	-49.65	0.17
0	23	47	-0.43	-0.04	-0.91	13.34	-45.83	-4.83
0	23	48	-0.44	-0.07	-0.91	11.96	-38.71	-1.51
0	23	49	-0.43	-0.06	-0.91	3.46	-30.08	5.17
0	24	0	-0.52	-0.22	-1.03	-16.16	45.54	-6.14
0	24	1	-0.51	-0.24	-1.02	-24.16	65.85	-8.14
0	24	2	-0.47	-0.21	-0.98	-36.35	83.67	-3.39
0	24	3	-0.43	-0.15	-0.97	-41.29	97.98	-0.08
0	24	4	-0.39	-0.12	-0.99	-38.91	108.79	-5.58
0	24	5	-0.38	-0.08	-0.98	-42.98	118.60	-9.76
0	24	6	-0.37	-0.06	-0.97	-50.91	128.92	-7.39
0	24	7	-0.31	0.02	-0.94	-57.48	139.04	-6.51
0	24	8	-0.24	0.14	-0.90	-60.85	141.85	-4.70
0	24	9	-0.21	0.21	-0.89	-46.41	132.04	-10.95
0	24	10	-0.19	0.21	-0.86	-29.10	122.85	-22.58
0	24	11	-0.18	0.24	-0.78	-30.10	121.48	-28.83
0	24	12	-0.21	0.33	-0.75	-29.85	122.60	-17.51
0	24	13	-0.14	0.44	-0.76	-24.29	124.54	-5.33
0	24	14	-0.01	0.59	-0.73	-15.91	114.10	-5.01
0	24	15	0.07	0.70	-0.70	-5.54	95.04	-2.70
0	24	16	0.10	0.81	-0.72	5.02	83.23	-0.89
0	24	17	0.17	0.85	-0.81	14.02	61.29	3.36
0	24	18	0.17	0.81	-0.85	7.90	32.85	-4.08
0	24	19	0.13	0.81	-0.83	-3.04	9.48	-1.51
0	24	20	0.13	0.79	-0.77	1.09	-13.21	-0.20
0	24	21	0.08	0.74	-0.73	19.65	-38.65	-5.58
0	24	22	0.01	0.67	-0.77	33.59	-53.08	-6.14
0	24	23	-0.02	0.60	-0.80	33.96	-67.02	-0.26
0	24	24	-0.07	0.56	-0.81	32.15	-78.58	3.30
0	24	25	-0.11	0.51	-0.81	33.77	-88.90	6.55
0	24	26	-0.13	0.45	-0.81	40.96	-97.90	9.92
0	24	27	-0.15	0.38	-0.81	47.09	-101.02	8.49
0	24	28	-0.17	0.32	-0.84	40.46	-97.58	12.80
0	24	29	-0.18	0.30	-0.85	35.84	-94.65	17.05
0	24	30	-0.20	0.26	-0.89	37.02	-96.96	18.11
0	24	31	-0.26	0.17	-0.96	42.84	-99.71	15.11
0	24	32	-0.29	0.05	-1.01	37.15	-94.21	12.05
0	24	33	-0.30	0.03	-0.98	19.21	-82.21	13.92
0	24	34	-0.29	0.09	-0.94	12.77	-70.65	18.86
0	24	35	-0.26	0.12	-0.94	14.77	-70.52	23.80
0	24	36	-0.26	0.12	-0.96	22.52	-78.77	25.55
0	24	37	-0.24	0.05	-0.98	28.34	-82.33	11.86
0	24	38	-0.32	0.00	-0.97	22.59	-65.08	18.99
0	24	39	-0.28	-0.01	-1.02	23.27	-64.52	17.55
0	24	40	-0.30	-0.06	-1.01	18.27	-57.83	3.24
0	24	41	-0.30	-0.04	-0.99	15.59	-60.71	2.49
0	24	42	-0.30	-0.05	-0.97	18.34	-49.83	2.74
0	24	43	-0.29	-0.06	-0.96	16.27	-42.27	1.36
0	24	44	-0.30	-0.04	-0.97	13.84	-40.40	9.42
0	24	45	-0.27	-0.04	-1.00	12.90	-39.33	4.11
0	24	46	-0.30	-0.03	-0.99	15.40	-39.33	-1.01
0	24	47	-0.31	-0.07	-0.99	13.65	-38.83	0.80
0	24	48	-0.32	-0.07	-0.99	7.27	-34.33	0.11
0	24	49	-0.31	-0.06	-0.98	9.96	-28.15	-1.08
0	25	0	-0.41	-0.39	-1.08	-31.91	78.54	-1.45
0	25	1	-0.40	-0.39	-1.06	-36.23	97.42	-6.83
0	25	2	-0.35	-0.36	-1.02	-43.60	116.54	-10.01
0	25	3	-0.30	-0.29	-0.94	-49.41	131.23	-8.95
0	25	4	-0.25	-0.22	-0.92	-53.91	146.60	0.86
0	25	5	-0.15	-0.17	-0.88	-47.54	156.48	-10.58
0	25	6	-0.17	-0.15	-0.87	-44.10	165.10	-19.01
0	25	7	-0.13	-0.03	-0.89	-53.54	187.54	-1.14
0	25	8	0.02	0.16	-0.83	-62.23	200.48	-0.95
0	25	9	0.08	0.42	-0.78	-70.85	199.98	-0.45
0	25	10	0.24	0.73	-0.78	-80.79	192.85	10.30
0	25	11	0.38	0.93	-0.81	-54.60	139.92	9.36
0	25	12	0.34	0.89	-0.88	-25.54	86.48	-8.83
0	25	13	0.29	0.86	-0.80	-23.10	62.42	-22.64
0	25	14	0.26	0.89	-0.70	-27.54	31.73	-15.83
0	25	15	0.19	0.85	-0.69	-14.54	1.60	-5.89
0	25	16	0.14	0.77	-0.73	1.27	-20.02	-2.70
0	25	17	0.10	0.69	-0.75	9.40	-39.21	-6.26
0	25	18	0.03	0.60	-0.77	1.96	-50.65	-12.95
0	25	19	-0.03	0.56	-0.85	-3.85	-66.27	-10.76
0	25	20	-0.06	0.52	-0.91	26.96	-74.77	8.67
0	25	21	-0.03	0.44	-0.84	32.52	-79.27	8.49
0	25	22	-0.02	0.47	-0.83	31.15	-85.21	3.55
0	25	23	-0.02	0.48	-0.82	40.59	-92.71	3.49
0	25	24	-0.06	0.45	-0.88	48.02	-106.27	5.55
0	25	25	-0.09	0.37	-0.94	53.59	-119.02	7.42
0	25	26	-0.10	0.27	-0.94	50.02	-125.90	1.61
0	25	27	-0.14	0.22	-0.93	43.21	-128.46	-4.95
0	25	28	-0.21	0.15	-0.93	40.27	-129.83	-3.95
0	25	29	-0.26	0.06	-0.94	38.27	-127.15	-3.26
0	25	30	-0.31	-0.03	-0.99	30.96	-112.96	-2.33
0	25	31	-0.31	-0.02	-0.96	26.46	-100.83	1.05
0	25	32	-0.33	-0.01	-0.97	31.90	-94.02	8.55
0	25	33	-0.26	-0.05	-0.95	42.77	-85.15	6.11
0	25	34	-0.35	-0.08	-0.98	32.40	-66.96	5.92
0	25	35	-0.28	-0.06	-0.93	56.21	-68.71	21.74
0	25	36	-0.31	-0.15	-0.91	16.52	-58.52	2.30
0	25	37	-0.32	-0.09	-0.97	12.09	-53.40	6.36
0	25	38	-0.30	-0.09	-0.97	16.15	-45.15	2.05
0	25	39	-0.31	-0.10	-0.98	11.21	-43.58	3.05
0	25	40	-0.30	-0.10	-0.97	12.84	-41.96	4.17
0	25	41	-0.31	-0.11	-0.98	13.15	-39.40	0.11
0	25	42	-0.31	-0.12	-0.99	9.90	-35.21	4.55
0	25	43	-0.31	-0.12	-0.99	7.84	-28.83	4.11
0	25	44	-0.30	-0.11	-1.00	5.96	-25.02	2.80
0	25	45	-0.30	-0.11	-0.98	5.77	-20.46	1.42
0	25	46	-0.29	-0.10	-0.98	7.34	-15.33	-2.01
0	25	47	-0.29	-0.11	-0.97	6.59	-12.40	-5.20
0	25	48	-0.29	-0.11	-0.97	1.59	-10.46	1.42
0	25	49	-0.28	-0.11	-0.98	0.09	-5.83	3.36
0	26	0	-0.46	-0.45	-1.09	-31.54	74.04	-4.89
0	26	1	-0.46	-0.48	-1.09	-43.60	96.98	-0.70
0	26	2	-0.40	-0.44	-1.07	-52.29	123.67	0.42
0	26	3	-0.33	-0.37	-1.07	-55.29	145.23	-8.01
0	26	4	-0.27	-0.33	-1.04	-57.98	159.67	-18.76
0	26	5	-0.22	-0.26	-1.01	-61.48	177.48	-25.70
0	26	6	-0.09	-0.16	-0.89	-56.04	188.10	-33.39
0	26	7	-0.07	-0.01	-0.68	-37.48	194.29	-30.76
0	26	8	-0.05	0.10	-0.71	-49.29	200.98	-12.89
0	26	9	0.10	0.28	-0.74	-37.91	204.92	1.17
0	26	10	0.22	0.66	-0.70	-33.60	201.48	-10.58
0	26	11	0.29	0.92	-0.81	-31.04	165.10	4.17
0	26	12	0.39	0.96	-0.84	-40.23	109.98	16.42
0	26	13	0.35	0.97	-0.77	-23.29	54.54	-10.83
0	26	14	0.21	0.92	-0.75	-15.48	35.10	-6.70
0	26	15	0.21	0.86	-0.74	-13.85	13.92	1.92
0	26	16	0.16	0.79	-0.76	-9.66	-10.96	1.49
0	26	17	0.10	0.71	-0.80	7.15	-33.40	-6.70
0	26	18	0.02	0.59	-0.83	10.65	-47.71	-11.39
0	26	19	-0.04	0.52	-0.86	18.59	-65.15	-6.14
0	26	20	-0.11	0.43	-0.88	33.77	-71.08	0.11
0	26	21	-0.16	0.29	-0.94	27.46	-72.71	2.42
0	26	22	-0.14	0.31	-0.91	24.52	-74.65	8.05
0	26	23	-0.13	0.36	-0.88	27.90	-65.52	2.30
0	26	24	-0.09	0.41	-0.87	34.71	-68.65	5.99
0	26	25	-0.09	0.38	-0.89	33.15	-79.21	7.49
0	26	26	-0.11	0.35	-0.91	28.52	-88.65	11.99
0	26	27	-0.12	0.32	-0.91	30.84	-94.90	8.30
0	26	28	-0.15	0.27	-0.92	23.59	-100.77	3.05
0	26	29	-0.18	0.23	-0.95	8.77	-107.90	-2.33
0	26	30	-0.22	0.19	-0.98	11.77	-112.83	-1.01
0	26	31	-0.23	0.12	-0.98	21.40	-111.77	4.86
0	26	32	-0.25	0.08	-0.94	19.34	-103.77	9.61
0	26	33	-0.28	0.08	-0.98	23.71	-99.83	11.17
0	26	34	-0.24	0.02	-0.95	21.21	-89.46	1.61
0	26	35	-0.28	0.06	-0.99	28.27	-75.40	12.05
0	26	36	-0.24	0.01	-0.94	32.21	-77.71	11.74
0	26	37	-0.28	-0.01	-0.97	7.21	-70.27	11.92
0	26	38	-0.25	0.01	-0.95	6.77	-69.96	7.86
0	26	39	-0.27	0.00	-0.95	6.15	-71.15	7.11
0	26	40	-0.28	-0.02	-0.95	18.09	-67.58	2.67
0	26	41	-0.28	-0.04	-0.94	20.77	-59.65	6.99
0	26	42	-0.29	-0.03	-0.95	22.46	-54.77	8.05
0	26	43	-0.27	-0.04	-0.97	23.84	-52.08	5.24
0	26	44	-0.29	-0.08	-0.99	19.27	-49.46	7.61
0	26	45	-0.28	-0.09	-1.00	12.40	-49.46	6.17
0	26	46	-0.30	-0.10	-0.99	13.65	-44.65	0.86
0	26	47	-0.30	-0.11	-0.98	16.34	-38.58	-1.45
0	26	48	-0.30	-0.13	-0.97	13.71	-33.90	-0.20
0	26	49	-0.29	-0.13	-0.97	10.09	-28.40	4.80
0	27	0	-0.44	-0.48	-1.07	-14.04	57.73	-6.64
0	27	1	-0.49	-0.58	-1.11	-19.10	79.98	-5.70
0	27	2	-0.44	-0.64	-1.12	-30.60	119.42	-0.58
0	27	3	-0.31	-0.48	-1.00	-43.79	157.23	1.55
0	27	4	-0.22	-0.34	-0.91	-33.79	171.04	5.49
0	27	5	-0.10	-0.23	-0.89	-57.79	199.79	-3.64
0	27	6	0.03	-0.08	-0.84	-54.91	204.10	-14.58
0	27	7	0.01	0.05	-0.82	-55.85	199.54	-14.08
0	27	8	0.10	0.23	-0.82	-56.60	200.42	-11.76
0	27	9	0.13	0.48	-0.76	-42.23	192.10	-16.08
0	27	10	0.18	0.76	-0.77	-50.29	182.54	2.67
0	27	11	0.34	0.94	-0.78	-48.85	154.92	12.80
0	27	12	0.31	1.04	-0.84	-22.91	81.10	0.05
0	27	13	0.24	0.95	-0.86	-15.85	42.67	-4.76
0	27	14	0.21	0.87	-0.84	-20.35	12.98	-3.83
0	27	15	0.12	0.74	-0.80	-6.41	-22.83	-10.70
0	27	16	0.00	0.60	-0.83	6.40	-40.71	-10.26
0	27	17	-0.05	0.47	-0.85	10.15	-50.02	-8.64
0	27	18	-0.08	0.41	-0.84	12.77	-55.27	-7.76
0	27	19	-0.11	0.38	-0.84	21.40	-57.83	-2.95
0	27	20	-0.11	0.38	-0.85	24.34	-61.96	5.99
0	27	21	-0.10	0.39	-0.86	31.21	-64.77	6.92
0	27	22	-0.09	0.36	-0.89	33.09	-68.46	7.17
0	27	23	-0.06	0.37	-0.91	26.77	-73.71	10.86
0	27	24	-0.05	0.40	-0.92	28.02	-82.21	10.36
0	27	25	-0.05	0.40	-0.95	40.02	-93.52	3.36
0	27	26	-0.05	0.33	-0.96	44.40	-105.58	-6.70
0	27	27	-0.08	0.27	-0.94	34.40	-115.71	-6.70
0	27	28	-0.14	0.22	-0.93	28.52	-124.15	-3.95
0	27	29	-0.18	0.14	-0.93	17.15	-131.46	-1.76
0	27	30	-0.22	0.06	-0.96	15.02	-132.40	-2.95
0	27	31	-0.26	-0.01	-0.97	20.15	-126.65	1.80
0	27	32	-0.28	-0.01	-0.99	22.40	-134.15	3.42
0	27	33	-0.27	-0.10	-0.96	38.90	-91.77	-2.01
0	27	34	-0.31	-0.13	-0.93	63.77	-110.58	21.11
0	27	35	-0.27	-0.23	-0.85	33.34	-92.02	4.55
0	27	36	-0.36	-0.24	-0.95	18.84	-75.21	10.99
0	27	37	-0.28	-0.21	-1.01	23.96	-70.77	14.30
0	27	38	-0.28	-0.23	-0.99	21.34	-60.77	0.17
0	27	39	-0.31	-0.24	-0.95	17.90	-59.40	-2.76
0	27	40	-0.33	-0.24	-0.94	19.84	-48.71	-2.58
0	27	41	-0.34	-0.27	-0.95	16.40	-38.15	6.11
0	27	42	-0.32	-0.24	-0.98	11.27	-29.15	12.05
0	27	43	-0.29	-0.20	-1.01	14.90	-21.40	7.80
0	27	44	-0.28	-0.20	-1.02	13.90	-16.21	3.24
0	27	45	-0.27	-0.19	-1.01	6.84	-11.90	3.67
0	27	46	-0.26	-0.17	-1.01	1.52	-7.46	5.42
0	27	47	-0.24	-0.16	-1.01	1.96	-2.46	-0.33
0	27	48	-0.24	-0.15	-1.00	0.71	-1.40	-2.95
0	27	49	-0.24	-0.15	-0.98	-3.79	-1.40	-0.58
0	28	0	-0.37	-0.39	-1.06	-12.16	35.79	-5.39
0	28	1	-0.42	-0.51	-1.08	-14.29	49.79	-10.76
0	28	2	-0.44	-0.58	-1.07	-17.60	71.35	-12.95
0	28	3	-0.41	-0.58	-1.05	-33.04	101.73	-10.51
0	28	4	-0.31	-0.46	-0.96	-48.91	131.42	-3.70
0	28	5	-0.26	-0.36	-0.96	-45.48	144.10	-0.58
0	28	6	-0.19	-0.31	-0.98	-42.29	158.79	-4.58
0	28	7	-0.12	-0.23	-0.92	-44.66	170.35	-13.95
0	28	8	-0.05	-0.08	-0.81	-50.48	181.10	-17.08
0	28	9	-0.07	0.03	-0.76	-42.10	178.67	-22.83
0	28	10	-0.10	0.12	-0.83	-49.66	186.67	-0.51
0	28	11	0.04	0.35	-0.78	-55.85	192.42	7.92
0	28	12	0.11	0.62	-0.76	-65.16	181.54	8.61
0	28	13	0.23	0.80	-0.81	-63.35	156.42	4.61
0	28	14	0.28	0.91	-0.90	-30.29	120.29	9.30
0	28	15	0.27	0.91	-0.84	-17.35	74.60	0.42
0	28	16	0.19	0.89	-0.84	-23.98	40.60	-9.51
0	28	17	0.12	0.82	-0.82	-9.66	12.67	-6.83
0	28	18	0.07	0.68	-0.82	8.65	-12.40	-9.33
0	28	19	-0.02	0.56	-0.85	6.34	-23.83	-9.58
0	28	20	-0.05	0.48	-0.87	0.59	-33.27	-4.20
0	28	21	-0.09	0.45	-0.86	17.34	-40.02	-1.45
0	28	22	-0.11	0.43	-0.87	30.96	-46.15	-1.14
0	28	23	-0.08	0.42	-0.87	37.59	-48.02	1.61
0	28	24	-0.07	0.43	-0.88	35.84	-59.65	-1.14
0	28	25	-0.05	0.44	-0.87	37.15	-69.08	-0.39
0	28	26	-0.05	0.44	-0.89	41.40	-79.65	4.92
0	28	27	-0.02	0.42	-0.92	47.27	-87.96	3.80
0	28	28	-0.02	0.37	-0.92	45.40	-97.65	0.86
0	28	29	-0.06	0.33	-0.92	37.15	-109.77	4.17
0	28	30	-0.09	0.25	-0.95	35.34	-118.40	2.42
0	28	31	-0.14	0.16	-0.99	28.90	-123.46	1.42
0	28	32	-0.15	0.08	-0.97	20.65	-124.33	-2.58
0	28	33	-0.23	0.05	-0.96	15.09	-120.71	-1.95
0	28	34	-0.25	0.01	-0.97	19.52	-117.71	3.42
0	28	35	-0.27	-0.05	-0.98	29.77	-115.40	3.30
0	28	36	-0.25	-0.14	-0.96	36.77	-118.21	-4.58
0	28	37	-0.32	-0.16	-0.93	35.15	-78.71	0.05
0	28	38	-0.30	-0.16	-0.94	44.96	-91.15	19.49
0	28	39	-0.27	-0.24	-0.96	25.71	-71.83	-0.58
0	28	40	-0.29	-0.26	-0.94	22.59	-67.83	-1.39
0	28	41	-0.28	-0.26	-0.92	11.71	-66.33	-6.33
0	28	42	-0.31	-0.24	-0.90	8.71	-56.65	1.55
0	28	43	-0.29	-0.22	-0.90	11.96	-48.90	3.61
0	28	44	-0.29	-0.19	-0.91	19.77	-45.46	4.92
0	28	45	-0.29	-0.19	-0.95	25.02	-37.96	7.74
0	28	46	-0.29	-0.21	-1.01	19.21	-34.15	10.67
0	28	47	-0.28	-0.20	-1.03	13.77	-29.46	12.24
0	28	48	-0.27	-0.20	-1.05	12.27	-24.08	6.42
0	28	49	-0.31	-0.23	-1.12	3.90	-19.02	10.17
0	29	0	-0.46	-0.64	-1.11	-27.10	45.54	5.36
0	29	1	-0.43	-0.69	-1.10	-33.79	71.10	-8.58
0	29	2	-0.36	-0.60	-0.96	-35.35	101.04	-17.33
0	29	3	-0.33	-0.46	-0.86	-20.16	115.29	-7.70
0	29	4	-0.25	-0.48	-0.91	-31.41	134.29	21.17
0	29	5	-0.18	-0.41	-1.01	-65.10	153.42	28.61
0	29	6	-0.08	-0.25	-1.03	-96.66	163.23	24.92
0	29	7	0.03	-0.06	-0.95	-80.60	173.60	-7.83
0	29	8	0.02	0.01	-0.80	-50.98	169.54	-34.14
0	29	9	0.01	0.10	-0.76	-52.35	171.92	-22.51
0	29	10	0.09	0.32	-0.74	-75.16	169.54	-3.45
0	29	11	0.15	0.60	-0.76	-58.41	162.10	-12.45
0	29	12	0.17	0.76	-0.79	-58.73	145.67	6.67
0	29	13	0.26	0.92	-0.86	-29.35	117.10	10.36
0	29	14	0.22	0.89	-0.86	-4.04	78.92	-13.64
0	29	15	0.15	0.88	-0.86	-25.98	53.79	-10.70
0	29	16	0.13	0.86	-0.83	-29.04	28.17	1.61
0	29	17	0.09	0.76	-0.84	-15.79	5.79	-5.14
0	29	18	0.06	0.68	-0.84	5.52	-16.90	-10.76
0	29	19	-0.01	0.58	-0.82	29.21	-31.83	-22.01
0	29	20	-0.06	0.47	-0.85	33.90	-39.02	-14.58
0	29	21	-0.07	0.44	-0.84	32.59	-52.90	-3.14
0	29	22	-0.04	0.44	-0.85	38.09	-56.65	1.55
0	29	23	0.01	0.50	-0.85	50.52	-59.21	-5.08
0	29	24	0.03	0.49	-0.87	50.46	-74.33	-4.89
0	29	25	0.01	0.46	-0.92	35.71	-93.71	6.92
0	29	26	-0.03	0.40	-0.99	32.90	-107.52	12.36
0	29	27	-0.05	0.30	-1.02	29.46	-112.02	4.74
0	29	28	-0.07	0.24	-1.02	15.52	-113.02	-2.33
0	29	29	-0.10	0.21	-0.92	2.65	-114.58	-8.58
0	29	30	-0.17	0.19	-0.88	12.40	-123.40	-10.76
0	29	31	-0.23	0.08	-0.90	31.40	-128.77	-9.58
0	29	32	-0.26	-0.04	-0.90	25.84	-118.58	-4.64
0	29	33	-0.29	-0.06	-0.87	18.27	-110.65	0.49
0	29	34	-0.34	-0.08	-0.97	21.96	-107.33	18.67
0	29	35	-0.26	-0.15	-1.03	26.52	-105.58	19.80
0	29	36	-0.30	-0.22	-1.04	46.40	-55.33	11.55
0	29	37	-0.27	-0.17	-0.90	93.84	-78.77	30.30
0	29	38	-0.25	-0.28	-0.77	38.90	-54.08	7.24
0	29	39	-0.31	-0.22	-0.89	13.96	-47.77	9.17
0	29	40	-0.25	-0.19	-0.93	23.84	-51.02	15.49
0	29	41	-0.26	-0.20	-0.98	24.21	-49.02	10.92
0	29	42	-0.26	-0.21	-1.00	26.52	-32.46	9.86
0	29	43	-0.26	-0.21	-1.02	22.84	-44.40	5.24
0	29	44	-0.26	-0.21	-1.03	22.02	-39.77	2.17
0	29	45	-0.26	-0.24	-1.03	21.46	-33.02	-1.26
0	29	46	-0.25	-0.24	-1.03	15.21	-28.96	1.74
0	29	47	-0.24	-0.23	-1.03	10.84	-22.77	-0.01
0	29	48	-0.26	-0.25	-1.07	2.84	-16.71	3.67
0	29	49	-0.20	-0.27	-1.05	-2.48	-10.83	-2.51
1	0	0	-0.29	-0.01	-1.12	21.84	9.04	-19.33
1	0	1	-0.26	0.02	-1.23	14.15	19.98	-29.83
1	0	2	-0.26	0.10	-1.30	-3.91	18.17	-42.45
1	0	3	-0.27	0.10	-1.37	7.21	7.67	-78.39
1	0	4	-0.27	0.06	-1.41	33.09	2.98	-117.95
1	0	5	-0.34	0.03	-1.45	59.52	14.67	-152.39
1	0	6	-0.33	0.00	-1.63	28.46	48.54	-166.83
1	0	7	-0.29	0.20	-1.67	-6.04	49.67	-225.83
1	0	8	-0.35	0.25	-1.35	0.27	9.48	-272.83
1	0	9	-0.40	0.11	-1.16	6.52	-14.46	-307.33
1	0	10	-0.40	0.10	-1.05	25.65	-31.08	-358.83
1	0	11	-0.44	-0.01	-0.70	28.27	-52.15	-399.39
1	0	12	-0.66	-0.06	-0.47	-51.73	-49.77	-357.89
1	0	13	-0.56	-0.13	-0.32	-96.66	-19.46	-352.70
1	0	14	-0.46	0.00	0.24	-70.04	-41.02	-338.58
1	0	15	-0.59	-0.01	0.56	2.02	-55.02	-311.83
1	0	16	-0.54	-0.12	0.65	24.77	-42.08	-243.08
1	0	17	-0.55	-0.26	0.64	5.96	-25.46	-176.39
1	0	18	-0.53	-0.33	0.65	-33.23	0.67	-116.58
1	0	19	-0.54	-0.25	0.67	-24.04	6.23	-101.26
1	0	20	-0.58	-0.26	0.65	-12.16	12.67	-114.76
1	0	21	-0.60	-0.24	0.64	-6.98	23.60	-95.01
1	0	22	-0.58	-0.22	0.62	5.46	23.04	-83.26
1	0	23	-0.60	-0.19	0.71	-9.98	19.17	-34.14
1	0	24	-0.61	-0.20	0.70	1.34	5.35	6.61
1	0	25	-0.68	-0.28	0.58	2.84	4.85	36.42
1	0	26	-0.77	-0.16	0.53	-22.35	25.79	25.92
1	0	27	-0.87	-0.09	0.60	-8.29	58.98	144.99
1	0	28	-0.71	-0.04	0.28	1.34	76.98	139.49
1	0	29	-0.75	-0.03	0.47	39.71	67.04	116.61
1	0	30	-0.68	-0.05	0.32	65.90	59.60	119.67
1	0	31	-0.70	0.01	0.43	61.21	34.67	158.42
1	0	32	-0.66	-0.07	0.26	66.77	19.17	200.17
1	0	33	-0.73	-0.15	0.18	58.52	31.23	216.24
1	0	34	-0.67	0.00	0.02	66.77	40.67	238.74
1	0	35	-0.64	-0.03	-0.10	79.27	30.92	257.67
1	0	36	-0.66	-0.01	-0.42	71.27	47.42	299.86
1	0	37	-0.59	0.11	-0.71	52.71	62.42	264.36
1	0	38	-0.59	0.27	-0.56	87.40	46.85	264.49
1	0	39	-0.48	0.21	-0.83	144.59	0.92	293.67
1	0	40	-0.48	0.13	-1.16	126.84	-31.65	280.61
1	0	41	-0.55	0.01	-1.43	62.84	-20.40	226.74
1	0	42	-0.53	0.08	-1.25	4.02	9.79	169.17
1	0	43	-0.48	0.22	-1.11	49.09	-9.33	129.17
1	0	44	-0.52	0.15	-1.22	97.09	-34.21	105.61
1	0	45	-0.50	0.01	-1.37	61.15	-26.15	91.05
1	0	46	-0.49	0.02	-1.27	39.40	-23.21	54.86
1	0	47	-0.47	-0.06	-1.14	41.71	-24.65	31.74
1	0	48	-0.41	-0.08	-1.04	31.15	-29.52	23.99
1	0	49	-0.43	-0.07	-0.98	17.46	-40.77	26.17
1	1	0	-0.50	-0.13	-1.47	0.71	18.98	-73.70
1	1	1	-0.51	-0.15	-1.41	5.27	16.48	-112.89
1	1	2	-0.50	-0.18	-1.48	22.96	18.29	-144.83
1	1	3	-0.56	-0.23	-1.67	43.09	32.60	-198.76
1	1	4	-0.57	-0.24	-1.71	23.46	66.23	-231.08
1	1	5	-0.58	-0.20	-1.71	-6.79	89.67	-261.20
1	1	6	-0.53	-0.08	-1.43	-14.16	89.42	-319.58
1	1	7	-0.48	-0.09	-1.03	-30.04	76.42	-333.39
1	1	8	-0.49	-0.10	-0.82	-29.73	77.54	-334.01
1	1	9	-0.39	0.08	-0.60	-1.16	64.17	-371.70
1	1	10	-0.36	0.13	-0.19	3.21	44.48	-367.83
1	1	11	-0.34	0.14	0.24	6.02	38.10	-339.01
1	1	12	-0.32	0.12	0.56	-6.91	36.04	-292.64
1	1	13	-0.27	0.11	0.74	-28.29	34.48	-229.45
1	1	14	-0.24	0.12	0.89	-13.04	24.04	-198.95
1	1	15	-0.24	0.10	1.04	-4.54	13.60	-161.51
1	1	16	-0.28	0.11	1.14	-16.35	8.98	-102.64
1	1	17	-0.32	0.11	1.08	-25.23	6.73	-42.51
1	1	18	-0.38	0.12	1.04	-24.04	-1.15	-2.83
1	1	19	-0.45	0.11	0.97	-7.35	-12.15	26.74
1	1	20	-0.51	0.09	0.86	9.77	-25.58	50.55
1	1	21	-0.60	0.05	0.76	13.59	-27.52	76.30
1	1	22	-0.65	0.01	0.65	7.65	-21.90	104.67
1	1	23	-0.66	0.01	0.57	-5.35	-19.65	120.30
1	1	24	-0.66	-0.02	0.58	-18.35	-7.40	146.49
1	1	25	-0.60	0.03	0.56	0.65	-9.58	159.86
1	1	26	-0.61	0.03	0.41	31.52	-21.71	165.17
1	1	27	-0.66	-0.01	0.18	17.71	-19.83	190.67
1	1	28	-0.66	-0.01	0.03	-8.54	-10.46	202.86
1	1	29	-0.65	-0.01	0.03	-30.48	-6.83	216.49
1	1	30	-0.65	-0.07	-0.02	-36.54	-4.15	254.42
1	1	31	-0.67	-0.08	-0.34	-16.35	14.79	301.24
1	1	32	-0.60	0.05	-0.81	25.27	37.17	279.55
1	1	33	-0.61	0.15	-1.05	35.71	36.79	232.67
1	1	34	-0.60	0.22	-1.10	16.27	13.17	192.17
1	1	35	-0.63	0.14	-0.97	-9.35	-21.83	178.61
1	1	36	-0.77	0.06	-0.90	-12.54	-35.27	200.17
1	1	37	-0.77	0.04	-1.03	-8.04	-4.33	262.55
1	1	38	-0.56	0.08	-1.36	6.21	30.48	221.42
1	1	39	-0.52	0.21	-1.31	-5.41	10.79	136.49
1	1	40	-0.52	0.24	-1.15	3.34	-21.52	92.36
1	1	41	-0.56	0.12	-1.07	17.96	-28.15	65.05
1	1	42	-0.52	0.03	-1.06	-1.60	-7.21	77.36
1	1	43	-0.42	0.13	-1.05	-14.54	-11.27	77.80
1	1	44	-0.42	0.20	-1.04	9.65	-26.27	57.67
1	1	45	-0.45	0.10	-1.09	37.52	-42.27	29.86
1	1	46	-0.50	-0.05	-1.09	30.15	-46.40	14.80
1	1	47	-0.50	-0.12	-1.02	15.84	-35.21	14.55
1	1	48	-0.47	-0.12	-0.96	16.90	-22.83	13.99
1	1	49	-0.43	-0.09	-0.97	18.65	-17.71	8.49
1	2	0	-0.56	-0.19	-1.36	-47.98	36.10	-89.26
1	2	1	-0.56	-0.14	-1.37	-69.35	39.60	-98.95
1	2	2	-0.58	-0.08	-1.51	-32.48	38.10	-145.95
1	2	3	-0.55	-0.00	-1.58	2.27	29.35	-217.64
1	2	4	-0.53	-0.03	-1.51	-6.16	21.29	-280.01
1	2	5	-0.53	-0.05	-1.32	-51.29	27.04	-302.95
1	2	6	-0.49	0.04	-1.10	-84.66	36.42	-319.08
1	2	7	-0.41	0.08	-0.79	-99.48	25.10	-334.14
1	2	8	-0.48	0.11	-0.62	-63.91	4.42	-344.76
1	2	9	-0.56	0.03	-0.41	-30.85	9.60	-359.39
1	2	10	-0.59	-0.07	-0.11	-72.16	20.67	-313.26
1	2	11	-0.53	0.01	0.20	-74.79	11.48	-288.08
1	2	12	-0.44	0.12	0.54	-45.98	-3.02	-269.26
1	2	13	-0.39	0.04	0.68	-37.41	-8.15	-222.89
1	2	14	-0.41	0.00	0.76	-39.54	-2.77	-185.45
1	2	15	-0.40	-0.02	0.91	-72.29	6.10	-132.45
1	2	16	-0.39	0.04	1.08	-47.73	-0.83	-95.33
1	2	17	-0.42	0.02	1.02	-19.16	-10.71	-63.64
1	2	18	-0.43	-0.00	0.96	-15.16	-19.21	-32.64
1	2	19	-0.47	-0.01	0.95	-10.48	-25.96	-0.01
1	2	20	-0.54	-0.09	0.86	-13.23	-15.71	40.24
1	2	21	-0.54	-0.06	0.74	-6.29	-0.96	68.99
1	2	22	-0.53	0.02	0.63	2.46	-15.83	83.99
1	2	23	-0.61	-0.06	0.67	6.21	-24.15	120.86
1	2	24	-0.64	-0.16	0.69	13.34	-14.58	166.17
1	2	25	-0.65	-0.19	0.51	23.34	10.04	198.24
1	2	26	-0.64	-0.13	0.37	36.02	29.85	209.92
1	2	27	-0.65	-0.01	0.17	69.96	19.92	219.17
1	2	28	-0.72	0.10	-0.09	88.27	-7.96	234.36
1	2	29	-0.86	0.08	-0.47	110.52	-42.71	213.36
1	2	30	-0.95	-0.09	-0.50	60.21	-59.58	186.99
1	2	31	-1.04	-0.15	-0.35	-2.04	-16.21	208.49
1	2	32	-0.89	-0.02	-0.29	-30.91	41.98	239.49
1	2	33	-0.66	0.20	-0.26	-24.60	66.98	264.30
1	2	34	-0.52	0.30	-0.37	16.96	44.79	278.99
1	2	35	-0.50	0.14	-0.64	67.02	7.48	268.80
1	2	36	-0.58	-0.09	-1.06	84.21	3.79	242.30
1	2	37	-0.67	-0.07	-1.37	58.27	36.79	183.42
1	2	38	-0.57	0.19	-1.29	13.15	28.29	141.17
1	2	39	-0.55	0.22	-1.15	2.84	-16.27	98.92
1	2	40	-0.57	0.07	-1.04	8.15	-51.33	72.86
1	2	41	-0.61	-0.05	-0.97	22.21	-54.90	58.61
1	2	42	-0.58	-0.10	-0.95	30.90	-39.27	52.61
1	2	43	-0.56	-0.09	-0.96	30.21	-23.65	54.30
1	2	44	-0.52	-0.08	-0.97	8.71	-24.27	55.05
1	2	45	-0.49	-0.07	-0.89	2.77	-32.71	54.49
1	2	46	-0.51	-0.12	-0.90	10.21	-34.77	57.55
1	2	47	-0.52	-0.16	-0.98	16.46	-21.08	50.61
1	2	48	-0.45	-0.11	-0.97	20.09	-15.15	44.11
1	2	49	-0.50	-0.11	-1.06	27.90	-19.02	35.92
1	3	0	-0.58	-0.10	-1.31	-22.16	26.17	-196.01
1	3	1	-0.63	-0.15	-1.34	-58.85	38.98	-215.95
1	3	2	-0.66	-0.06	-1.32	-52.35	57.23	-261.70
1	3	3	-0.65	0.07	-1.23	12.27	49.48	-331.08
1	3	4	-0.64	0.14	-1.14	36.21	22.79	-380.58
1	3	5	-0.61	-0.05	-1.00	-46.98	4.42	-367.70
1	3	6	-0.53	-0.04	-0.65	-122.35	-13.27	-349.20
1	3	7	-0.43	-0.05	-0.18	-110.04	-36.21	-333.39
1	3	8	-0.40	-0.18	0.05	-130.16	-39.90	-286.26
1	3	9	-0.39	-0.17	0.32	-139.54	-30.46	-254.64
1	3	10	-0.45	-0.15	0.67	-132.60	-16.21	-206.95
1	3	11	-0.42	-0.08	0.85	-85.29	1.73	-169.95
1	3	12	-0.44	-0.06	0.95	-48.29	1.67	-131.64
1	3	13	-0.46	-0.11	0.92	-24.66	4.17	-92.08
1	3	14	-0.48	-0.09	0.91	-20.79	-3.71	-63.95
1	3	15	-0.54	-0.14	0.91	-23.35	-8.71	-34.70
1	3	16	-0.60	-0.17	0.94	-8.73	-2.65	3.86
1	3	17	-0.61	-0.18	0.80	7.96	7.85	30.92
1	3	18	-0.62	-0.14	0.62	14.46	16.17	51.74
1	3	19	-0.63	-0.12	0.48	7.15	-1.40	63.92
1	3	20	-0.74	-0.23	0.52	4.46	-9.58	88.67
1	3	21	-0.82	-0.30	0.56	10.84	-0.15	118.61
1	3	22	-0.85	-0.28	0.52	24.96	21.60	148.67
1	3	23	-0.82	-0.17	0.31	30.21	46.67	166.24
1	3	24	-0.81	0.03	0.16	45.84	50.23	162.67
1	3	25	-0.81	0.09	0.11	44.71	38.23	173.67
1	3	26	-0.85	0.07	0.06	42.84	18.73	183.61
1	3	27	-0.93	-0.01	0.00	47.71	15.10	202.92
1	3	28	-0.93	-0.04	-0.16	58.46	46.98	207.80
1	3	29	-0.85	0.05	-0.22	50.84	81.79	223.24
1	3	30	-0.68	0.14	-0.24	29.02	109.35	255.17
1	3	31	-0.51	0.29	-0.27	34.59	115.54	284.36
1	3	32	-0.38	0.33	-0.43	73.40	91.92	291.86
1	3	33	-0.34	0.27	-0.70	105.90	49.04	281.49
1	3	34	-0.44	0.14	-1.03	117.40	14.17	240.67
1	3	35	-0.53	0.12	-1.20	100.84	6.29	194.05
1	3	36	-0.55	0.17	-1.25	69.02	3.73	147.61
1	3	37	-0.49	0.22	-1.16	34.84	-20.27	109.24
1	3	38	-0.46	0.20	-1.02	24.71	-49.96	92.49
1	3	39	-0.50	0.06	-0.99	35.52	-60.15	81.61
1	3	40	-0.53	-0.07	-1.01	41.96	-48.21	74.05
1	3	41	-0.48	-0.06	-1.06	39.46	-31.15	68.49
1	3	42	-0.45	-0.04	-1.06	45.90	-34.52	58.24
1	3	43	-0.48	-0.14	-1.11	53.34	-37.58	43.99
1	3	44	-0.49	-0.18	-1.18	44.09	-28.58	28.67
1	3	45	-0.71	-0.40	-1.75	1.90	13.92	19.42
1	3	46	-0.29	-0.20	-0.99	-28.73	-8.96	-29.83
1	3	47	-0.33	-0.07	-0.59	34.09	-6.71	-25.01
1	3	48	-0.35	-0.14	-0.89	17.46	9.10	11.42
1	3	49	-0.38	-0.08	-0.99	-10.91	11.17	20.55
1	4	0	-0.58	-0.12	-1.46	-23.23	33.85	-158.51
1	4	1	-0.61	-0.10	-1.56	-44.54	41.04	-205.89
1	4	2	-0.56	-0.02	-1.47	-73.35	33.29	-253.14
1	4	3	-0.56	-0.00	-1.22	-57.04	17.29	-310.51
1	4	4	-0.53	-0.02	-1.04	-30.23	7.54	-353.01
1	4	5	-0.53	-0.09	-0.91	-58.10	7.85	-363.14
1	4	6	-0.55	-0.04	-0.66	-93.04	9.42	-355.14
1	4	7	-0.53	0.07	-0.24	-82.60	2.23	-337.14
1	4	8	-0.53	-0.02	-0.10	-90.35	-0.71	-296.83
1	4	9	-0.58	0.07	0.09	-100.23	-5.83	-260.76
1	4	10	-0.55	0.10	0.19	-90.48	-9.46	-229.64
1	4	11	-0.56	0.03	0.31	-90.48	-18.46	-207.45
1	4	12	-0.55	-0.04	0.49	-117.23	-24.83	-168.83
1	4	13	-0.53	-0.07	0.75	-104.16	-29.08	-151.70
1	4	14	-0.50	-0.11	0.89	-67.85	-35.90	-126.20
1	4	15	-0.49	-0.14	0.93	-53.66	-35.33	-94.14
1	4	16	-0.48	-0.18	0.96	-41.91	-33.08	-63.58
1	4	17	-0.50	-0.21	0.97	-25.10	-29.46	-30.51
1	4	18	-0.52	-0.22	0.89	-17.66	-20.33	-1.95
1	4	19	-0.55	-0.21	0.81	-10.48	-7.90	21.92
1	4	20	-0.56	-0.21	0.73	-10.10	-2.58	43.24
1	4	21	-0.63	-0.26	0.71	1.96	11.42	72.30
1	4	22	-0.65	-0.26	0.70	10.21	25.79	102.55
1	4	23	-0.66	-0.24	0.66	24.71	41.73	132.55
1	4	24	-0.69	-0.22	0.58	41.21	61.79	161.99
1	4	25	-0.78	-0.09	0.46	51.34	68.17	201.55
1	4	26	-0.71	0.04	0.25	75.52	63.79	233.61
1	4	27	-0.59	0.11	0.08	87.96	41.73	234.17
1	4	28	-0.62	0.04	-0.01	84.71	2.35	223.17
1	4	29	-0.74	-0.01	-0.04	80.59	-7.21	236.05
1	4	30	-0.81	-0.04	-0.17	95.21	2.10	258.11
1	4	31	-0.78	-0.02	-0.28	93.27	47.79	277.55
1	4	32	-0.63	0.08	-0.43	71.52	74.10	315.11
1	4	33	-0.48	0.18	-0.66	60.02	69.60	334.86
1	4	34	-0.39	0.26	-1.03	94.21	41.42	297.11
1	4	35	-0.51	0.15	-1.32	117.59	-2.71	205.92
1	4	36	-0.61	0.10	-1.34	84.21	-15.33	155.42
1	4	37	-0.59	0.09	-1.28	30.09	-25.08	129.30
1	4	38	-0.57	0.07	-1.15	-4.79	-44.15	104.80
1	4	39	-0.57	-0.03	-1.06	-2.41	-54.58	80.55
1	4	40	-0.57	-0.12	-0.98	9.15	-53.46	65.36
1	4	41	-0.58	-0.15	-0.97	24.65	-47.15	57.17
1	4	42	-0.58	-0.24	-1.02	7.02	-17.90	57.24
1	4	43	-0.52	-0.14	-0.98	-19.35	-12.96	56.05
1	4	44	-0.48	-0.09	-0.92	-10.91	-13.02	47.99
1	4	45	-0.46	-0.09	-0.91	11.84	-18.90	39.92
1	4	46	-0.45	-0.08	-0.93	33.71	-21.83	26.11
1	4	47	-0.44	-0.10	-0.96	37.65	-20.65	20.61
1	4	48	-0.71	-0.31	-1.49	2.77	10.04	34.24
1	4	49	-0.37	-0.20	-1.10	-40.85	6.48	-13.58
1	5	0	-0.61	-0.10	-1.49	-0.73	34.35	-234.45
1	5	1	-0.69	-0.12	-1.55	17.96	35.98	-293.51
1	5	2	-0.72	-0.14	-1.60	-9.79	48.35	-333.08
1	5	3	-0.60	-0.12	-1.32	-81.41	56.17	-353.14
1	5	4	-0.41	-0.07	-0.82	-167.91	38.29	-340.51
1	5	5	-0.35	0.00	-0.33	-161.23	6.04	-339.26
1	5	6	-0.42	0.13	0.05	-79.54	-18.08	-332.20
1	5	7	-0.48	0.06	0.02	-43.29	-9.96	-296.14
1	5	8	-0.48	-0.03	0.18	-77.60	-1.77	-256.45
1	5	9	-0.51	-0.04	0.43	-102.48	6.92	-215.51
1	5	10	-0.51	-0.03	0.61	-86.29	0.48	-188.83
1	5	11	-0.49	-0.04	0.70	-75.35	-12.15	-150.01
1	5	12	-0.48	-0.09	0.76	-64.60	-30.21	-129.51
1	5	13	-0.55	-0.15	0.80	-46.85	-42.52	-112.39
1	5	14	-0.60	-0.11	0.85	-33.79	-39.08	-80.26
1	5	15	-0.63	-0.15	0.72	-25.66	-32.15	-52.33
1	5	16	-0.70	-0.16	0.62	-18.98	-27.52	-48.14
1	5	17	-0.70	-0.17	0.59	-36.73	-20.71	-33.51
1	5	18	-0.66	-0.14	0.75	-38.85	-25.33	-10.39
1	5	19	-0.64	-0.16	0.73	-16.54	-25.90	1.74
1	5	20	-0.71	-0.27	0.70	-3.54	-8.46	21.17
1	5	21	-0.72	-0.24	0.61	8.90	19.23	35.05
1	5	22	-0.70	-0.14	0.58	8.21	33.04	49.74
1	5	23	-0.66	-0.07	0.55	16.15	27.85	58.99
1	5	24	-0.68	-0.12	0.55	20.27	19.10	66.99
1	5	25	-0.70	-0.19	0.59	11.34	30.17	93.80
1	5	26	-0.71	-0.13	0.58	16.02	45.35	116.17
1	5	27	-0.71	-0.04	0.48	35.40	48.60	134.49
1	5	28	-0.76	-0.01	0.23	50.71	40.29	138.74
1	5	29	-0.92	0.10	0.18	34.40	7.92	162.80
1	5	30	-0.90	0.05	0.08	42.46	-9.83	173.05
1	5	31	-0.82	-0.03	0.13	40.02	-6.33	165.92
1	5	32	-0.87	-0.09	0.18	34.90	13.98	181.67
1	5	33	-0.87	-0.07	0.12	20.15	42.10	221.61
1	5	34	-0.76	0.04	-0.02	31.77	52.29	243.49
1	5	35	-0.76	0.15	-0.22	66.71	42.17	251.05
1	5	36	-0.86	0.09	-0.73	115.02	34.79	197.11
1	5	37	-0.93	0.07	-0.88	89.46	23.42	153.86
1	5	38	-0.89	0.10	-0.70	38.46	19.85	150.55
1	5	39	-0.77	0.12	-0.49	13.52	24.04	173.99
1	5	40	-0.67	0.12	-0.46	30.84	15.04	191.99
1	5	41	-0.63	0.04	-0.57	67.09	-3.02	191.05
1	5	42	-0.64	-0.09	-0.78	101.27	-10.46	168.17
1	5	43	-0.65	-0.13	-0.91	96.34	-1.65	146.61
1	5	44	-0.57	-0.10	-0.93	58.65	7.23	142.24
1	5	45	-0.51	-0.01	-0.90	13.96	2.85	143.99
1	5	46	-0.49	0.01	-0.83	7.90	-9.52	137.17
1	5	47	-0.47	-0.01	-0.86	28.15	-14.52	125.80
1	5	48	-0.46	-0.05	-0.93	58.65	-21.96	113.74
1	5	49	-0.49	-0.12	-1.17	52.34	-20.08	102.99
1	6	0	-0.58	-0.25	-1.69	49.65	26.17	-92.89
1	6	1	-0.62	-0.28	-1.86	-46.29	32.10	-133.89
1	6	2	-0.62	-0.23	-1.65	-111.79	31.67	-172.83
1	6	3	-0.55	-0.15	-1.46	-94.23	34.23	-229.64
1	6	4	-0.53	-0.12	-1.45	-57.48	33.48	-292.70
1	6	5	-0.50	-0.10	-1.44	-78.73	28.04	-349.26
1	6	6	-0.53	-0.10	-1.21	-77.41	31.42	-398.26
1	6	7	-0.49	0.00	-0.65	-49.54	28.67	-405.83
1	6	8	-0.49	-0.03	-0.30	-5.04	31.54	-372.08
1	6	9	-0.50	-0.09	-0.14	0.59	40.04	-337.39
1	6	10	-0.55	0.05	-0.05	-10.79	49.92	-290.08
1	6	11	-0.45	0.11	-0.08	-75.73	46.79	-240.01
1	6	12	-0.37	0.25	0.35	-87.10	-11.77	-234.39
1	6	13	-0.44	0.18	0.55	-57.54	-51.96	-220.89
1	6	14	-0.50	-0.05	0.60	-68.54	-50.96	-188.51
1	6	15	-0.48	-0.11	0.80	-107.41	-27.58	-141.95
1	6	16	-0.42	-0.02	1.07	-99.10	-28.58	-107.45
1	6	17	-0.42	-0.07	1.17	-49.16	-39.21	-70.08
1	6	18	-0.39	-0.10	1.00	-7.66	-48.46	-45.33
1	6	19	-0.42	-0.21	0.90	-13.73	-43.52	-27.20
1	6	20	-0.47	-0.24	0.98	-30.91	-30.96	10.05
1	6	21	-0.50	-0.23	0.97	-10.10	-15.02	35.11
1	6	22	-0.53	-0.18	0.84	9.40	-4.27	64.49
1	6	23	-0.59	-0.24	0.68	15.02	14.10	97.67
1	6	24	-0.60	-0.25	0.61	2.46	31.92	124.74
1	6	25	-0.58	-0.18	0.57	0.40	46.35	141.99
1	6	26	-0.60	-0.12	0.61	11.90	44.92	178.05
1	6	27	-0.63	-0.11	0.51	30.84	45.48	211.80
1	6	28	-0.65	-0.08	0.41	50.65	51.79	257.30
1	6	29	-0.64	-0.06	0.18	65.65	76.29	298.42
1	6	30	-0.64	-0.06	-0.24	89.84	88.04	285.61
1	6	31	-0.87	0.01	-0.38	90.96	65.85	283.11
1	6	32	-0.90	0.03	-0.56	102.59	51.73	350.24
1	6	33	-0.52	-0.03	-0.74	73.65	92.85	319.17
1	6	34	-0.43	0.18	-0.60	27.34	94.60	308.30
1	6	35	-0.34	0.35	-0.57	20.46	89.73	304.42
1	6	36	-0.32	0.38	-0.73	55.21	54.17	277.49
1	6	37	-0.32	0.31	-1.06	89.40	37.10	245.36
1	6	38	-0.28	0.36	-1.38	78.52	40.48	218.17
1	6	39	-0.25	0.51	-1.52	45.21	7.73	170.74
1	6	40	-0.30	0.51	-1.42	40.59	-65.21	97.05
1	6	41	-0.40	0.22	-1.27	71.90	-111.08	43.67
1	6	42	-0.47	-0.10	-1.18	63.96	-96.58	32.61
1	6	43	-0.44	-0.08	-1.10	22.71	-63.65	47.92
1	6	44	-0.41	-0.08	-1.04	32.65	-48.08	43.55
1	6	45	-0.40	-0.11	-1.08	42.71	-55.27	25.30
1	6	46	-0.45	-0.19	-1.07	43.15	-60.65	12.80
1	6	47	-0.70	-0.52	-1.72	4.02	4.04	30.42
1	6	48	-0.30	-0.39	-1.02	-1.85	-27.71	-31.95
1	6	49	-0.30	-0.12	-0.57	19.96	-10.96	-15.45
1	7	0	-0.52	-0.17	-1.91	-29.41	39.17	-96.33
1	7	1	-0.55	-0.15	-2.08	-4.41	40.42	-196.83
1	7	2	-0.49	-0.09	-1.93	6.27	44.79	-272.89
1	7	3	-0.40	-0.08	-1.71	-45.35	49.85	-311.20
1	7	4	-0.33	-0.08	-1.49	-78.66	55.85	-358.08
1	7	5	-0.25	-0.04	-1.05	-65.29	56.85	-413.26
1	7	6	-0.31	0.00	-0.66	-22.10	58.73	-438.39
1	7	7	-0.36	-0.10	-0.31	-61.85	72.42	-382.14
1	7	8	-0.36	-0.01	-0.18	-101.23	74.73	-325.26
1	7	9	-0.26	0.23	0.26	-82.91	35.23	-316.70
1	7	10	-0.26	0.25	0.54	-91.91	-16.96	-253.39
1	7	11	-0.30	0.10	0.53	-92.23	-55.58	-226.39
1	7	12	-0.45	-0.03	0.73	-109.48	-79.52	-177.39
1	7	13	-0.53	-0.07	0.87	-90.48	-71.15	-131.01
1	7	14	-0.55	-0.11	0.88	-45.29	-54.33	-102.95
1	7	15	-0.58	-0.13	0.81	-41.79	-48.40	-76.76
1	7	16	-0.65	-0.15	0.92	-30.10	-40.96	-32.83
1	7	17	-0.65	-0.15	0.83	-11.91	-25.58	6.86
1	7	18	-0.64	-0.15	0.72	-4.66	-10.27	25.05
1	7	19	-0.64	-0.18	0.62	-22.73	5.79	44.67
1	7	20	-0.64	-0.17	0.66	-40.41	22.42	71.42
1	7	21	-0.64	-0.12	0.68	-32.60	27.92	86.80
1	7	22	-0.68	-0.10	0.66	12.15	36.73	120.55
1	7	23	-0.67	-0.08	0.59	31.71	42.60	170.86
1	7	24	-0.64	-0.06	0.52	38.71	50.85	216.86
1	7	25	-0.59	-0.07	0.41	34.27	71.98	251.80
1	7	26	-0.58	-0.00	0.25	44.46	89.17	294.05
1	7	27	-0.57	0.06	0.02	79.71	98.42	338.24
1	7	28	-0.52	0.07	-0.30	111.90	89.92	362.05
1	7	29	-0.46	0.05	-0.61	108.40	71.73	368.80
1	7	30	-0.38	0.06	-0.91	75.21	65.98	353.24
1	7	31	-0.35	0.18	-1.00	45.15	64.60	299.11
1	7	32	-0.30	0.33	-0.95	43.27	48.35	260.80
1	7	33	-0.32	0.38	-1.10	71.02	12.98	225.36
1	7	34	-0.40	0.25	-1.32	76.77	-6.27	179.55
1	7	35	-0.37	0.22	-1.31	37.71	-15.21	161.11
1	7	36	-0.36	0.26	-1.33	32.52	-25.02	140.92
1	7	37	-0.36	0.22	-1.40	54.90	-39.71	97.74
1	7	38	-0.37	0.15	-1.38	68.27	-59.46	54.74
1	7	39	-0.41	0.03	-1.27	58.96	-60.58	21.42
1	7	40	-0.40	-0.10	-1.14	40.02	-42.40	20.42
1	7	41	-0.69	-0.23	-1.75	14.59	0.10	36.74
1	7	42	-0.31	-0.36	-1.46	-12.16	-18.15	-28.51
1	7	43	-0.29	-0.04	-0.53	21.71	-35.02	-56.51
1	7	44	-0.30	-0.13	-0.72	10.15	-3.52	9.30
1	7	45	-0.39	-0.13	-1.06	-8.35	8.54	29.36
1	7	46	-0.33	-0.07	-1.04	0.84	2.92	0.30
1	7	47	-0.33	-0.04	-0.88	-0.10	-7.46	-7.14
1	7	48	-0.37	-0.05	-0.90	-6.04	-3.58	5.42
1	7	49	-0.38	-0.06	-0.94	-4.29	1.60	6.17
1	8	0	-0.51	-0.20	-1.69	-24.60	30.85	-95.51
1	8	1	-0.52	-0.17	-1.71	-61.98	28.54	-124.51
1	8	2	-0.59	-0.16	-1.80	-34.66	36.85	-201.58
1	8	3	-0.51	-0.04	-1.67	7.90	30.54	-278.39
1	8	4	-0.46	-0.02	-1.47	29.34	18.17	-342.39
1	8	5	-0.47	-0.12	-1.37	-9.91	26.79	-376.08
1	8	6	-0.42	-0.12	-1.07	-82.91	49.67	-381.89
1	8	7	-0.32	-0.06	-0.66	-138.60	29.54	-351.08
1	8	8	-0.31	-0.00	-0.49	-127.54	13.17	-351.14
1	8	9	-0.30	0.00	-0.29	-129.23	-16.96	-356.95
1	8	10	-0.31	0.02	0.02	-152.04	-45.65	-326.45
1	8	11	-0.37	0.01	0.43	-143.66	-65.90	-300.08
1	8	12	-0.41	-0.12	0.68	-126.04	-67.77	-227.33
1	8	13	-0.45	-0.22	0.78	-104.41	-54.77	-201.70
1	8	14	-0.46	-0.25	0.91	-95.85	-38.02	-158.58
1	8	15	-0.43	-0.25	1.03	-73.23	-28.90	-122.45
1	8	16	-0.43	-0.29	1.08	-53.79	-24.65	-79.83
1	8	17	-0.43	-0.26	1.12	-39.23	-17.90	-39.08
1	8	18	-0.44	-0.23	1.04	-6.66	-14.21	-9.26
1	8	19	-0.48	-0.26	0.88	6.02	-6.90	15.92
1	8	20	-0.54	-0.26	0.80	-0.66	7.54	47.86
1	8	21	-0.56	-0.20	0.68	5.59	12.67	62.05
1	8	22	-0.63	-0.24	0.61	6.71	22.67	91.42
1	8	23	-0.69	-0.28	0.61	7.27	47.54	127.61
1	8	24	-0.69	-0.23	0.53	16.90	73.35	153.92
1	8	25	-0.68	-0.14	0.42	28.40	85.17	180.24
1	8	26	-0.77	-0.04	0.27	33.90	73.29	203.42
1	8	27	-0.89	0.03	0.16	56.77	63.10	247.92
1	8	28	-0.75	-0.02	0.09	69.02	78.17	258.92
1	8	29	-0.68	0.02	-0.00	74.02	83.73	262.42
1	8	30	-0.71	0.01	-0.28	84.40	76.73	245.61
1	8	31	-0.71	0.07	-0.34	66.52	82.10	249.92
1	8	32	-0.67	0.18	-0.38	55.65	93.92	267.24
1	8	33	-0.55	0.23	-0.47	68.96	99.48	275.42
1	8	34	-0.49	0.29	-0.58	81.21	79.54	286.92
1	8	35	-0.41	0.26	-0.79	109.59	58.35	269.11
1	8	36	-0.37	0.19	-1.01	118.21	37.85	229.99
1	8	37	-0.38	0.23	-1.15	87.84	24.17	205.11
1	8	38	-0.39	0.28	-1.23	60.46	0.17	176.11
1	8	39	-0.45	0.22	-1.28	62.96	-39.08	124.36
1	8	40	-0.50	0.06	-1.26	67.15	-61.90	74.61
1	8	41	-0.50	-0.07	-1.14	62.09	-64.15	54.24
1	8	42	-0.51	-0.12	-1.15	57.71	-47.02	55.11
1	8	43	-0.51	-0.15	-1.21	43.59	-21.90	57.61
1	8	44	-0.47	-0.11	-1.24	16.96	-16.21	41.49
1	8	45	-0.44	-0.08	-1.20	17.71	-15.02	20.74
1	8	46	-0.55	-0.21	-1.45	7.27	3.67	10.05
1	8	47	-0.30	-0.13	-1.06	-19.85	-6.02	-14.33
1	8	48	-0.33	-0.02	-0.74	27.09	-7.46	-14.76
1	8	49	-0.33	-0.07	-0.91	8.09	2.54	5.11
1	9	0	-0.60	-0.25	-1.75	-13.16	31.17	-87.58
1	9	1	-0.61	-0.24	-1.85	-88.54	52.17	-133.70
1	9	2	-0.52	-0.11	-1.55	-135.91	52.04	-170.64
1	9	3	-0.53	-0.03	-1.44	-126.29	53.17	-220.20
1	9	4	-0.54	0.09	-1.51	-90.41	54.48	-295.14
1	9	5	-0.48	0.20	-1.60	-86.23	40.98	-359.64
1	9	6	-0.40	0.19	-1.27	-138.35	-13.46	-394.14
1	9	7	-0.36	0.17	-0.63	-132.85	-57.40	-386.51
1	9	8	-0.39	0.03	-0.37	-120.04	-54.96	-358.14
1	9	9	-0.37	0.06	-0.18	-118.98	-59.83	-319.08
1	9	10	-0.35	0.08	0.03	-125.79	-64.77	-265.33
1	9	11	-0.33	0.06	0.16	-105.73	-66.90	-260.95
1	9	12	-0.40	-0.05	0.52	-121.10	-77.90	-218.39
1	9	13	-0.48	-0.12	0.92	-96.29	-57.65	-162.70
1	9	14	-0.46	-0.15	1.00	-53.41	-34.40	-117.39
1	9	15	-0.44	-0.15	0.88	-37.48	-17.15	-84.20
1	9	16	-0.44	-0.09	0.94	-42.79	-24.33	-56.26
1	9	17	-0.54	-0.09	0.95	-18.29	-36.77	-19.33
1	9	18	-0.65	-0.11	0.76	7.15	-36.40	1.61
1	9	19	-0.73	-0.18	0.60	1.40	-41.46	21.05
1	9	20	-0.86	-0.24	0.49	-13.23	-35.33	42.86
1	9	21	-0.90	-0.24	0.41	-21.60	-18.21	46.74
1	9	22	-0.95	-0.21	0.40	-18.54	10.79	57.61
1	9	23	-0.93	-0.20	0.44	-5.04	39.10	70.30
1	9	24	-0.85	-0.19	0.54	-0.85	59.79	99.17
1	9	25	-0.76	-0.11	0.50	20.40	81.92	118.80
1	9	26	-0.70	0.02	0.36	37.59	79.17	124.42
1	9	27	-0.75	0.10	0.30	41.02	58.42	154.05
1	9	28	-0.77	0.08	0.27	57.52	41.17	174.80
1	9	29	-0.82	0.04	0.14	89.77	38.04	179.67
1	9	30	-0.89	-0.03	-0.08	101.34	52.92	178.80
1	9	31	-0.89	-0.02	-0.17	71.09	73.79	190.86
1	9	32	-0.79	0.10	-0.17	53.96	99.67	205.80
1	9	33	-0.69	0.26	-0.32	79.90	108.10	193.05
1	9	34	-0.63	0.32	-0.39	84.40	81.92	196.05
1	9	35	-0.61	0.26	-0.42	94.96	63.73	205.61
1	9	36	-0.59	0.17	-0.55	102.27	59.98	213.42
1	9	37	-0.54	0.18	-0.66	83.59	61.29	226.92
1	9	38	-0.46	0.28	-0.77	76.84	43.23	226.92
1	9	39	-0.46	0.26	-0.86	99.40	11.92	203.30
1	9	40	-0.50	0.15	-1.00	126.09	-11.40	167.30
1	9	41	-0.54	0.04	-1.11	132.27	-19.65	128.61
1	9	42	-0.54	0.00	-1.17	113.84	-22.15	108.92
1	9	43	-0.53	0.00	-1.20	78.27	-17.65	97.74
1	9	44	-0.48	0.03	-1.17	54.65	-19.71	86.24
1	9	45	-0.47	-0.02	-1.19	66.09	-26.27	59.86
1	9	46	-0.46	-0.07	-1.18	69.84	-25.77	38.55
1	9	47	-0.76	-0.27	-1.76	31.71	23.29	43.99
1	9	48	-0.23	-0.14	-1.26	-44.66	17.29	-10.20
1	9	49	-0.28	0.12	-0.66	35.21	-13.77	-31.70
1	10	0	-0.54	-0.17	-1.55	1.02	13.48	-70.58
1	10	1	-0.55	-0.18	-1.55	-11.23	12.23	-105.14
1	10	2	-0.56	-0.18	-1.59	8.84	18.35	-145.76
1	10	3	-0.54	-0.17	-1.58	31.40	25.10	-199.83
1	10	4	-0.52	-0.16	-1.49	9.02	37.67	-244.58
1	10	5	-0.49	-0.19	-1.36	-39.66	43.35	-254.08
1	10	6	-0.48	-0.11	-1.18	-50.66	46.35	-283.08
1	10	7	-0.39	-0.04	-0.87	-43.60	26.79	-306.76
1	10	8	-0.43	-0.06	-0.72	-36.10	15.23	-320.64
1	10	9	-0.47	-0.01	-0.50	-21.04	7.17	-328.14
1	10	10	-0.44	0.07	-0.34	9.84	-2.71	-356.95
1	10	11	-0.41	-0.01	-0.01	-67.98	-23.71	-321.58
1	10	12	-0.42	0.03	0.32	-111.66	-41.77	-280.89
1	10	13	-0.47	-0.02	0.64	-99.48	-56.71	-244.33
1	10	14	-0.55	-0.11	0.78	-47.54	-49.40	-206.58
1	10	15	-0.54	-0.14	0.72	-35.73	-46.21	-168.26
1	10	16	-0.57	-0.23	0.62	-58.54	-44.21	-138.20
1	10	17	-0.61	-0.30	0.71	-85.23	-32.02	-116.26
1	10	18	-0.65	-0.26	0.92	-69.48	-16.65	-82.39
1	10	19	-0.69	-0.23	0.90	-20.04	-12.52	-59.64
1	10	20	-0.72	-0.24	0.72	-6.35	-1.46	-35.95
1	10	21	-0.69	-0.24	0.69	-28.48	12.60	-6.64
1	10	22	-0.65	-0.24	0.70	-44.48	20.79	8.36
1	10	23	-0.64	-0.23	0.80	-37.79	33.92	27.05
1	10	24	-0.61	-0.20	0.81	-7.79	38.73	44.99
1	10	25	-0.63	-0.17	0.67	11.27	36.54	63.17
1	10	26	-0.65	-0.16	0.62	5.90	40.60	80.80
1	10	27	-0.65	-0.15	0.63	-9.73	53.23	106.80
1	10	28	-0.61	-0.11	0.70	-17.04	68.85	143.05
1	10	29	-0.54	-0.07	0.70	-1.10	71.73	173.49
1	10	30	-0.50	-0.07	0.62	14.90	64.23	202.49
1	10	31	-0.52	-0.08	0.46	24.52	63.79	235.05
1	10	32	-0.50	-0.05	0.23	31.59	70.98	267.55
1	10	33	-0.49	-0.01	0.04	48.84	67.85	280.86
1	10	34	-0.50	-0.00	-0.13	66.59	56.23	290.36
1	10	35	-0.47	0.01	-0.35	86.02	47.73	335.42
1	10	36	-0.41	-0.02	-0.64	123.52	41.98	351.61
1	10	37	-0.38	-0.02	-1.09	154.52	44.60	316.74
1	10	38	-0.44	0.02	-1.40	172.27	30.48	211.99
1	10	39	-0.48	0.00	-1.30	94.71	-9.40	145.36
1	10	40	-0.51	0.11	-1.13	18.90	-38.08	164.11
1	10	41	-0.64	0.08	-1.24	26.34	-73.21	186.17
1	10	42	-0.75	-0.21	-1.65	62.02	-65.21	141.92
1	10	43	-0.74	-0.32	-1.58	20.09	-45.02	51.86
1	10	44	-0.61	-0.18	-1.09	-16.79	-31.08	17.42
1	10	45	-0.52	-0.11	-0.81	-9.79	-23.08	33.30
1	10	46	-0.49	-0.12	-0.84	-1.48	-2.52	60.55
1	10	47	-0.48	-0.08	-1.01	3.15	-7.27	62.61
1	10	48	-0.50	-0.07	-1.05	9.09	-9.27	41.74
1	10	49	-0.46	-0.08	-0.99	14.71	-17.71	23.61
1	11	0	-0.59	-0.24	-1.19	18.15	21.17	-47.95
1	11	1	-0.63	-0.28	-1.30	-19.10	32.54	-65.08
1	11	2	-0.63	-0.27	-1.28	-43.91	37.23	-82.45
1	11	3	-0.67	-0.24	-1.41	-28.48	40.54	-120.70
1	11	4	-0.70	-0.22	-1.56	-1.41	34.48	-179.26
1	11	5	-0.71	-0.23	-1.61	16.15	32.04	-246.33
1	11	6	-0.68	-0.25	-1.48	-36.10	36.92	-287.89
1	11	7	-0.60	-0.17	-1.24	-88.98	35.60	-297.20
1	11	8	-0.50	-0.12	-1.00	-86.98	25.67	-326.76
1	11	9	-0.43	-0.08	-0.66	-76.16	5.17	-346.58
1	11	10	-0.49	-0.08	-0.35	-82.98	-1.83	-328.51
1	11	11	-0.44	-0.04	-0.20	-115.98	0.23	-283.51
1	11	12	-0.40	-0.01	-0.07	-124.85	-23.65	-275.33
1	11	13	-0.41	-0.07	0.24	-144.66	-55.46	-254.51
1	11	14	-0.43	-0.06	0.49	-141.48	-64.40	-227.20
1	11	15	-0.47	-0.09	0.59	-116.23	-65.02	-207.39
1	11	16	-0.51	-0.21	0.63	-106.54	-63.15	-178.70
1	11	17	-0.51	-0.26	0.70	-106.54	-55.08	-154.39
1	11	18	-0.51	-0.29	0.77	-106.79	-52.46	-128.51
1	11	19	-0.59	-0.33	0.79	-93.73	-47.65	-105.70
1	11	20	-0.65	-0.40	0.82	-79.48	-30.08	-77.39
1	11	21	-0.65	-0.39	0.82	-69.85	-17.52	-50.26
1	11	22	-0.62	-0.41	0.79	-48.29	-6.40	-31.70
1	11	23	-0.58	-0.41	0.67	-31.23	-5.58	-27.89
1	11	24	-0.58	-0.48	0.69	-29.23	3.23	-3.70
1	11	25	-0.63	-0.50	0.72	-17.16	14.42	16.42
1	11	26	-0.64	-0.49	0.72	-3.73	30.23	37.30
1	11	27	-0.65	-0.44	0.64	2.02	49.60	57.86
1	11	28	-0.62	-0.38	0.62	0.40	67.85	75.55
1	11	29	-0.57	-0.33	0.67	0.65	79.98	98.05
1	11	30	-0.57	-0.32	0.67	17.84	84.92	122.36
1	11	31	-0.64	-0.31	0.58	43.65	93.60	148.05
1	11	32	-0.62	-0.24	0.47	70.46	102.60	164.11
1	11	33	-0.61	-0.18	0.30	96.77	98.54	163.74
1	11	34	-0.65	-0.12	0.25	82.59	97.67	189.92
1	11	35	-0.77	-0.01	0.25	66.65	95.17	239.99
1	11	36	-0.91	0.07	0.10	99.59	91.67	293.05
1	11	37	-0.69	0.01	-0.21	159.96	109.98	288.30
1	11	38	-0.58	-0.05	-0.45	151.02	102.92	269.55
1	11	39	-0.62	-0.02	-0.56	108.27	106.92	263.49
1	11	40	-0.56	0.09	-0.65	59.40	110.73	260.05
1	11	41	-0.53	0.24	-0.68	64.40	98.54	251.86
1	11	42	-0.52	0.26	-0.80	111.21	74.04	228.30
1	11	43	-0.55	0.20	-1.10	146.02	48.17	201.05
1	11	44	-0.61	0.11	-1.30	138.84	26.17	154.55
1	11	45	-0.63	0.10	-1.27	74.59	16.35	111.17
1	11	46	-0.55	0.16	-1.05	23.52	13.29	87.80
1	11	47	-0.47	0.18	-0.86	15.21	-6.27	83.99
1	11	48	-0.46	0.12	-0.80	52.02	-30.90	83.80
1	11	49	-0.47	0.01	-0.88	76.90	-36.08	86.86
1	12	0	-0.58	-0.19	-1.67	21.90	9.23	-143.89
1	12	1	-0.59	-0.22	-1.65	26.21	11.98	-202.76
1	12	2	-0.55	-0.19	-1.57	19.27	11.54	-247.39
1	12	3	-0.53	-0.24	-1.44	-29.16	20.79	-283.58
1	12	4	-0.44	-0.26	-1.24	-95.73	30.79	-293.51
1	12	5	-0.38	-0.22	-0.95	-133.35	30.29	-309.14
1	12	6	-0.37	-0.13	-0.66	-145.23	29.04	-318.01
1	12	7	-0.32	-0.02	-0.39	-137.85	2.60	-321.51
1	12	8	-0.38	0.04	-0.11	-134.41	-23.77	-304.95
1	12	9	-0.45	-0.00	0.03	-130.98	-33.21	-289.20
1	12	10	-0.50	-0.02	0.35	-134.66	-37.46	-257.45
1	12	11	-0.47	-0.04	0.36	-125.79	-50.46	-239.70
1	12	12	-0.52	-0.08	0.45	-125.16	-69.33	-209.83
1	12	13	-0.55	-0.12	0.53	-121.79	-76.52	-178.33
1	12	14	-0.55	-0.16	0.57	-108.91	-79.96	-159.89
1	12	15	-0.57	-0.20	0.69	-100.10	-87.21	-137.64
1	12	16	-0.64	-0.33	0.77	-92.85	-79.40	-107.14
1	12	17	-0.67	-0.41	0.80	-87.66	-55.96	-72.95
1	12	18	-0.68	-0.44	0.78	-69.35	-35.33	-51.33
1	12	19	-0.68	-0.45	0.73	-52.79	-20.15	-30.70
1	12	20	-0.68	-0.39	0.66	-31.85	-9.77	-26.64
1	12	21	-0.70	-0.41	0.65	-22.10	1.60	-10.08
1	12	22	-0.72	-0.49	0.65	-18.41	21.54	17.17
1	12	23	-0.71	-0.47	0.60	-4.91	39.98	25.24
1	12	24	-0.69	-0.41	0.54	0.46	55.54	37.80
1	12	25	-0.69	-0.37	0.53	7.21	63.54	49.36
1	12	26	-0.69	-0.33	0.56	14.90	70.60	66.05
1	12	27	-0.69	-0.32	0.58	27.27	85.29	79.74
1	12	28	-0.66	-0.32	0.58	28.40	104.42	103.67
1	12	29	-0.62	-0.23	0.58	30.52	110.42	135.24
1	12	30	-0.64	-0.14	0.52	55.96	101.29	165.99
1	12	31	-0.76	-0.06	0.42	70.52	88.42	212.17
1	12	32	-0.80	0.01	0.26	82.59	103.98	253.49
1	12	33	-0.63	0.05	0.11	108.71	121.23	265.05
1	12	34	-0.55	0.03	-0.03	118.59	109.79	275.42
1	12	35	-0.57	0.01	-0.22	114.71	101.29	294.61
1	12	36	-0.53	0.06	-0.38	101.34	101.54	310.24
1	12	37	-0.46	0.13	-0.56	112.02	96.67	319.36
1	12	38	-0.44	0.19	-0.76	145.34	78.42	295.67
1	12	39	-0.44	0.14	-1.07	182.02	35.10	246.42
1	12	40	-0.58	0.02	-1.29	192.52	-6.52	163.92
1	12	41	-0.66	-0.09	-1.30	126.96	-2.83	113.74
1	12	42	-0.58	-0.02	-1.11	22.46	8.48	117.11
1	12	43	-0.52	0.05	-0.92	10.84	10.92	109.74
1	12	44	-0.46	0.06	-0.89	38.46	13.42	108.80
1	12	45	-0.43	0.03	-1.01	67.96	9.04	110.55
1	12	46	-0.44	-0.02	-1.23	80.52	7.23	100.55
1	12	47	-0.44	-0.00	-1.33	60.02	9.10	79.74
1	12	48	-0.39	0.05	-1.33	36.59	3.29	59.30
1	12	49	-0.38	0.03	-1.26	32.77	-19.65	28.92
1	13	0	-0.50	-0.15	-1.32	20.02	11.85	-41.76
1	13	1	-0.57	-0.24	-1.64	1.96	22.73	-67.39
1	13	2	-0.63	-0.28	-1.85	-6.04	28.48	-111.89
1	13	3	-0.62	-0.26	-1.93	-8.66	32.42	-170.58
1	13	4	-0.53	-0.23	-1.79	-29.10	27.42	-227.14
1	13	5	-0.46	-0.19	-1.57	-68.79	31.48	-252.01
1	13	6	-0.38	-0.13	-1.36	-102.85	27.92	-269.33
1	13	7	-0.33	-0.04	-1.07	-90.04	14.73	-299.01
1	13	8	-0.37	-0.05	-1.01	-66.23	5.98	-319.95
1	13	9	-0.40	-0.10	-0.86	-97.98	10.10	-329.58
1	13	10	-0.34	-0.04	-0.50	-154.04	4.48	-307.64
1	13	11	-0.31	0.04	-0.15	-151.35	-23.33	-300.26
1	13	12	-0.28	0.12	0.15	-102.79	-67.52	-307.89
1	13	13	-0.28	0.10	0.29	-65.79	-103.33	-311.26
1	13	14	-0.33	-0.10	0.43	-92.85	-112.08	-282.89
1	13	15	-0.39	-0.20	0.70	-114.60	-99.15	-244.95
1	13	16	-0.38	-0.30	0.92	-87.66	-91.83	-214.01
1	13	17	-0.41	-0.36	1.08	-52.66	-89.52	-174.33
1	13	18	-0.45	-0.43	1.04	-29.73	-68.40	-119.58
1	13	19	-0.49	-0.47	0.92	-31.10	-40.40	-82.26
1	13	20	-0.49	-0.47	0.94	-34.29	-17.33	-52.14
1	13	21	-0.51	-0.44	0.94	-26.35	-1.90	-19.33
1	13	22	-0.54	-0.44	0.89	-21.29	13.29	11.61
1	13	23	-0.54	-0.38	0.82	-8.66	18.04	24.92
1	13	24	-0.62	-0.39	0.79	-2.04	33.85	44.42
1	13	25	-0.65	-0.38	0.77	7.52	54.35	72.36
1	13	26	-0.62	-0.32	0.75	18.96	68.85	88.55
1	13	27	-0.59	-0.26	0.73	18.90	80.29	110.30
1	13	28	-0.56	-0.20	0.67	21.77	89.04	131.74
1	13	29	-0.54	-0.16	0.63	24.59	93.42	152.49
1	13	30	-0.54	-0.12	0.57	32.34	93.35	174.55
1	13	31	-0.53	-0.08	0.48	43.34	89.92	193.92
1	13	32	-0.52	-0.05	0.36	47.90	89.54	219.17
1	13	33	-0.50	-0.02	0.25	64.77	86.54	235.99
1	13	34	-0.54	-0.03	0.11	74.21	90.85	261.49
1	13	35	-0.51	0.05	-0.15	64.52	107.73	304.36
1	13	36	-0.43	0.21	-0.44	87.09	102.79	307.55
1	13	37	-0.40	0.24	-0.73	124.65	63.10	266.74
1	13	38	-0.51	0.15	-0.83	114.77	27.85	265.80
1	13	39	-0.52	0.16	-1.07	97.71	31.35	271.11
1	13	40	-0.51	0.13	-1.18	81.65	23.85	251.99
1	13	41	-0.53	0.15	-1.24	72.34	10.79	226.42
1	13	42	-0.56	0.13	-1.32	66.59	-8.83	193.42
1	13	43	-0.66	0.04	-1.48	69.21	-28.15	157.42
1	13	44	-0.72	-0.13	-1.57	74.84	-30.52	88.67
1	13	45	-0.61	-0.24	-1.31	35.02	-20.58	44.61
1	13	46	-0.54	-0.16	-0.99	-1.98	-5.65	60.05
1	13	47	-0.44	-0.06	-0.92	10.15	18.10	65.61
1	13	48	-0.37	0.09	-0.90	22.27	31.48	69.55
1	13	49	-0.32	0.19	-0.99	29.46	18.98	61.36
1	14	0	-0.47	-0.12	-1.47	-21.66	22.29	-47.95
1	14	1	-0.49	-0.08	-1.53	-30.66	16.73	-85.39
1	14	2	-0.51	-0.07	-1.53	-28.60	9.04	-128.64
1	14	3	-0.55	-0.10	-1.55	-18.85	5.04	-185.14
1	14	4	-0.56	-0.10	-1.58	-18.54	7.04	-241.95
1	14	5	-0.52	-0.09	-1.47	-39.48	1.79	-282.89
1	14	6	-0.46	-0.09	-1.20	-60.79	-9.02	-314.95
1	14	7	-0.44	-0.14	-0.98	-100.91	-6.65	-322.39
1	14	8	-0.45	-0.16	-0.69	-144.35	-4.52	-308.14
1	14	9	-0.50	-0.05	-0.43	-105.41	-14.33	-304.76
1	14	10	-0.53	0.00	-0.26	-32.48	-17.90	-322.39
1	14	11	-0.57	-0.00	-0.23	-41.35	-21.52	-294.58
1	14	12	-0.63	-0.06	-0.21	-59.23	-17.90	-283.58
1	14	13	-0.61	-0.04	0.08	-89.60	-21.40	-255.70
1	14	14	-0.56	0.01	0.28	-91.85	-36.90	-232.39
1	14	15	-0.55	-0.04	0.42	-83.98	-52.52	-212.45
1	14	16	-0.54	-0.04	0.53	-72.48	-65.96	-192.58
1	14	17	-0.53	-0.09	0.52	-72.35	-69.15	-183.26
1	14	18	-0.51	-0.17	0.71	-91.41	-66.71	-159.51
1	14	19	-0.49	-0.25	0.93	-81.98	-64.77	-134.51
1	14	20	-0.46	-0.28	0.98	-51.35	-64.46	-103.64
1	14	21	-0.43	-0.34	0.97	-35.41	-61.27	-80.08
1	14	22	-0.45	-0.42	0.99	-35.60	-40.58	-50.26
1	14	23	-0.42	-0.43	0.96	-38.16	-18.33	-23.95
1	14	24	-0.39	-0.43	1.00	-31.98	7.04	11.11
1	14	25	-0.39	-0.43	0.98	-6.98	17.79	35.80
1	14	26	-0.42	-0.41	0.91	14.59	28.17	61.74
1	14	27	-0.45	-0.38	0.85	24.84	37.79	97.55
1	14	28	-0.51	-0.35	0.81	28.09	55.04	133.42
1	14	29	-0.53	-0.29	0.75	35.52	77.85	166.42
1	14	30	-0.50	-0.20	0.61	59.21	86.48	191.17
1	14	31	-0.52	-0.16	0.37	80.71	77.48	201.55
1	14	32	-0.61	-0.17	0.26	60.71	82.67	224.30
1	14	33	-0.59	-0.10	0.20	43.77	86.92	252.80
1	14	34	-0.64	-0.05	0.12	71.02	70.42	261.30
1	14	35	-0.68	-0.03	-0.01	96.84	65.42	283.67
1	14	36	-0.68	0.00	-0.27	105.09	67.67	315.11
1	14	37	-0.62	0.06	-0.63	114.52	58.17	312.80
1	14	38	-0.64	0.03	-0.80	99.71	29.67	283.74
1	14	39	-0.63	0.01	-0.82	62.40	25.98	261.49
1	14	40	-0.60	0.07	-0.79	27.46	15.92	243.11
1	14	41	-0.59	0.04	-0.79	47.40	-18.27	220.55
1	14	42	-0.64	-0.11	-0.94	90.96	-32.58	195.24
1	14	43	-0.70	-0.20	-1.17	107.90	-26.40	159.05
1	14	44	-0.76	-0.28	-1.30	90.21	-13.90	111.30
1	14	45	-0.69	-0.27	-1.15	41.52	2.42	76.05
1	14	46	-0.56	-0.18	-0.92	12.21	10.10	81.80
1	14	47	-0.48	-0.09	-0.83	14.27	18.42	90.74
1	14	48	-0.40	0.02	-0.89	22.34	17.60	101.05
1	14	49	-0.40	0.02	-1.00	43.09	-8.21	86.61
1	15	0	-0.51	-0.26	-1.54	-23.48	40.98	-75.58
1	15	1	-0.54	-0.29	-1.59	-11.16	43.23	-115.70
1	15	2	-0.60	-0.31	-1.69	12.40	59.67	-168.33
1	15	3	-0.57	-0.25	-1.68	13.71	68.85	-216.45
1	15	4	-0.56	-0.24	-1.59	-19.35	68.48	-253.58
1	15	5	-0.53	-0.19	-1.39	-59.41	70.42	-282.08
1	15	6	-0.45	-0.09	-1.11	-61.35	65.48	-315.26
1	15	7	-0.36	-0.06	-0.86	-54.79	44.35	-336.33
1	15	8	-0.40	-0.11	-0.66	-86.41	28.48	-325.64
1	15	9	-0.45	-0.07	-0.39	-103.04	32.48	-318.51
1	15	10	-0.43	0.01	-0.17	-101.60	28.29	-296.45
1	15	11	-0.47	0.04	0.03	-74.54	13.98	-300.51
1	15	12	-0.48	0.05	0.22	-85.66	7.48	-271.08
1	15	13	-0.47	0.00	0.31	-120.23	-0.71	-237.26
1	15	14	-0.46	-0.04	0.52	-134.10	-14.46	-213.20
1	15	15	-0.48	-0.08	0.79	-124.85	-30.02	-183.51
1	15	16	-0.50	-0.11	0.86	-84.98	-41.83	-152.20
1	15	17	-0.52	-0.18	0.76	-61.85	-42.46	-138.08
1	15	18	-0.54	-0.22	0.85	-77.60	-28.52	-101.33
1	15	19	-0.52	-0.21	0.95	-75.98	-17.21	-66.08
1	15	20	-0.51	-0.21	0.99	-52.16	-12.71	-36.14
1	15	21	-0.52	-0.22	0.94	-31.35	-9.90	0.17
1	15	22	-0.53	-0.24	0.89	-8.10	-1.40	24.80
1	15	23	-0.55	-0.24	0.75	1.27	10.23	38.49
1	15	24	-0.59	-0.26	0.72	-3.98	29.42	74.30
1	15	25	-0.62	-0.22	0.66	4.84	42.67	87.99
1	15	26	-0.65	-0.18	0.58	15.02	47.73	99.49
1	15	27	-0.69	-0.16	0.50	20.09	53.60	112.99
1	15	28	-0.72	-0.13	0.49	6.65	65.29	141.42
1	15	29	-0.72	-0.06	0.47	2.65	76.04	172.67
1	15	30	-0.68	0.00	0.43	17.77	74.29	192.86
1	15	31	-0.66	0.04	0.31	37.02	60.23	216.36
1	15	32	-0.71	0.06	0.06	67.84	54.60	208.24
1	15	33	-0.75	0.11	-0.03	76.15	48.67	213.99
1	15	34	-0.74	0.12	-0.09	76.46	32.04	234.30
1	15	35	-0.75	0.09	-0.18	80.52	14.92	260.74
1	15	36	-0.73	0.05	-0.32	85.40	14.92	282.61
1	15	37	-0.72	0.02	-0.55	89.27	31.73	288.80
1	15	38	-0.67	0.12	-0.85	91.09	51.60	262.42
1	15	39	-0.61	0.23	-1.08	100.84	29.17	194.92
1	15	40	-0.63	0.15	-1.07	77.84	-13.96	155.67
1	15	41	-0.64	0.05	-0.98	52.34	-31.40	139.36
1	15	42	-0.63	-0.04	-0.92	15.77	-14.08	154.42
1	15	43	-0.59	0.01	-0.91	2.34	8.98	158.55
1	15	44	-0.56	0.03	-1.02	30.71	6.60	135.24
1	15	45	-0.59	-0.04	-1.10	57.27	-8.27	82.11
1	15	46	-0.56	-0.12	-0.99	53.34	-5.46	56.55
1	15	47	-0.49	-0.11	-0.86	13.59	7.54	82.30
1	15	48	-0.44	-0.01	-0.87	-1.98	21.10	102.74
1	15	49	-0.40	0.05	-0.96	24.59	7.54	90.55
1	16	0	-0.46	-0.14	-1.56	-34.04	42.10	-68.45
1	16	1	-0.47	-0.12	-1.57	-30.73	35.98	-114.08
1	16	2	-0.49	-0.11	-1.53	-40.04	31.10	-152.20
1	16	3	-0.50	-0.08	-1.49	-40.16	27.10	-192.58
1	16	4	-0.49	-0.09	-1.48	-39.85	14.17	-241.14
1	16	5	-0.51	-0.11	-1.42	-59.73	4.60	-288.58
1	16	6	-0.48	-0.14	-1.20	-114.66	1.54	-296.83
1	16	7	-0.48	-0.12	-0.94	-127.29	-5.58	-310.39
1	16	8	-0.49	-0.05	-0.72	-102.91	-11.40	-323.64
1	16	9	-0.50	-0.02	-0.60	-90.60	-6.90	-328.58
1	16	10	-0.47	0.01	-0.40	-102.16	-12.96	-319.76
1	16	11	-0.51	0.02	-0.14	-97.35	-17.90	-303.01
1	16	12	-0.52	0.05	0.06	-93.73	-16.96	-276.33
1	16	13	-0.51	0.04	0.24	-107.29	-19.77	-246.20
1	16	14	-0.51	0.02	0.42	-115.04	-31.58	-207.20
1	16	15	-0.53	0.03	0.51	-90.23	-43.77	-184.33
1	16	16	-0.60	-0.06	0.53	-77.60	-49.90	-165.83
1	16	17	-0.58	-0.12	0.64	-90.41	-45.08	-142.14
1	16	18	-0.54	-0.17	0.79	-91.73	-43.02	-121.14
1	16	19	-0.51	-0.26	0.91	-74.91	-40.46	-97.14
1	16	20	-0.51	-0.35	1.02	-57.73	-32.08	-64.64
1	16	21	-0.51	-0.39	1.04	-39.48	-18.65	-28.64
1	16	22	-0.51	-0.43	0.99	-20.98	1.23	5.42
1	16	23	-0.54	-0.39	0.89	-8.73	19.67	35.80
1	16	24	-0.57	-0.41	0.82	5.27	46.29	67.30
1	16	25	-0.61	-0.36	0.74	16.15	66.98	92.24
1	16	26	-0.61	-0.29	0.71	19.40	83.29	128.05
1	16	27	-0.59	-0.24	0.66	28.84	92.10	160.74
1	16	28	-0.56	-0.19	0.53	45.09	96.04	184.05
1	16	29	-0.59	-0.10	0.45	55.71	95.92	208.24
1	16	30	-0.60	-0.00	0.34	69.52	94.48	237.74
1	16	31	-0.57	0.05	0.21	94.09	83.04	255.55
1	16	32	-0.56	0.06	0.05	109.40	64.48	278.24
1	16	33	-0.56	0.08	-0.10	121.77	58.42	291.86
1	16	34	-0.55	0.09	-0.29	138.34	62.85	303.42
1	16	35	-0.50	0.18	-0.57	158.09	63.85	311.99
1	16	36	-0.51	0.28	-0.99	200.71	42.35	268.05
1	16	37	-0.58	0.29	-1.35	197.59	-12.27	175.42
1	16	38	-0.67	0.20	-1.30	128.59	-56.21	113.42
1	16	39	-0.69	0.06	-1.16	56.40	-66.46	101.24
1	16	40	-0.73	-0.02	-1.04	20.96	-52.52	94.17
1	16	41	-0.69	-0.04	-0.92	26.59	-35.77	88.92
1	16	42	-0.62	-0.04	-0.85	38.09	-37.77	90.24
1	16	43	-0.56	-0.08	-0.77	49.90	-46.46	92.80
1	16	44	-0.56	-0.17	-0.80	42.71	-39.15	107.42
1	16	45	-0.55	-0.19	-0.92	22.96	-26.02	123.99
1	16	46	-0.54	-0.17	-1.04	12.52	-16.40	116.80
1	16	47	-0.50	-0.18	-1.05	13.15	-13.77	100.67
1	16	48	-0.47	-0.20	-1.08	18.40	-20.21	85.74
1	16	49	-0.46	-0.22	-1.08	20.34	-20.77	73.49
1	17	0	-0.50	-0.23	-1.62	5.34	27.79	-132.14
1	17	1	-0.52	-0.24	-1.58	-9.35	36.35	-165.20
1	17	2	-0.52	-0.17	-1.52	-28.16	46.48	-191.70
1	17	3	-0.53	-0.14	-1.54	-35.79	45.10	-231.39
1	17	4	-0.54	-0.13	-1.44	-70.04	40.98	-263.58
1	17	5	-0.50	-0.07	-1.34	-101.35	38.98	-282.33
1	17	6	-0.44	-0.04	-1.24	-127.35	21.35	-306.39
1	17	7	-0.37	-0.07	-0.89	-167.98	1.79	-311.64
1	17	8	-0.35	-0.02	-0.56	-185.16	-16.90	-296.70
1	17	9	-0.39	-0.00	-0.35	-143.66	-32.27	-311.70
1	17	10	-0.38	-0.03	-0.13	-141.91	-35.65	-298.33
1	17	11	-0.41	-0.05	0.01	-172.85	-31.83	-261.76
1	17	12	-0.41	-0.06	0.24	-184.48	-26.21	-249.58
1	17	13	-0.43	-0.12	0.46	-182.54	-29.77	-223.83
1	17	14	-0.49	-0.17	0.70	-166.16	-40.27	-189.51
1	17	15	-0.52	-0.19	0.81	-124.23	-46.46	-153.51
1	17	16	-0.56	-0.24	0.72	-85.16	-58.08	-130.20
1	17	17	-0.62	-0.28	0.69	-81.41	-60.71	-104.01
1	17	18	-0.66	-0.28	0.67	-78.85	-57.33	-78.20
1	17	19	-0.71	-0.34	0.71	-73.98	-57.52	-52.51
1	17	20	-0.71	-0.38	0.73	-56.41	-56.40	-27.76
1	17	21	-0.73	-0.39	0.72	-38.54	-43.33	-4.01
1	17	22	-0.71	-0.44	0.69	-15.73	-25.65	12.80
1	17	23	-0.68	-0.43	0.61	-0.04	-10.96	21.67
1	17	24	-0.68	-0.45	0.60	4.15	2.54	49.80
1	17	25	-0.71	-0.39	0.56	20.21	12.67	56.11
1	17	26	-0.74	-0.37	0.48	33.15	29.85	66.80
1	17	27	-0.78	-0.33	0.47	35.27	43.23	86.99
1	17	28	-0.78	-0.28	0.44	43.52	49.85	101.11
1	17	29	-0.75	-0.26	0.41	55.96	52.54	112.30
1	17	30	-0.75	-0.23	0.32	61.21	49.98	122.11
1	17	31	-0.78	-0.22	0.31	53.59	52.79	136.36
1	17	32	-0.82	-0.20	0.32	57.02	60.92	153.61
1	17	33	-0.81	-0.17	0.25	78.09	70.60	163.74
1	17	34	-0.79	-0.12	0.16	99.65	72.23	172.30
1	17	35	-0.77	-0.10	0.05	103.59	78.04	186.92
1	17	36	-0.78	-0.06	-0.06	99.09	88.92	198.11
1	17	37	-0.78	-0.03	-0.17	103.09	99.29	218.74
1	17	38	-0.73	0.03	-0.32	116.65	110.42	215.11
1	17	39	-0.65	0.12	-0.45	122.84	113.60	211.86
1	17	40	-0.58	0.20	-0.55	112.71	111.67	221.49
1	17	41	-0.52	0.30	-0.76	113.52	81.92	226.24
1	17	42	-0.51	0.28	-0.88	123.52	38.29	203.42
1	17	43	-0.57	0.16	-0.91	127.21	17.35	178.11
1	17	44	-0.57	0.10	-0.94	99.46	22.10	182.42
1	17	45	-0.56	0.07	-0.99	94.27	23.73	175.42
1	17	46	-0.54	0.03	-1.08	101.71	29.35	155.55
1	17	47	-0.46	0.07	-1.14	95.59	30.92	140.99
1	17	48	-0.40	0.16	-1.18	83.96	15.73	117.05
1	17	49	-0.39	0.15	-1.22	74.09	-14.58	92.05
1	18	0	-0.57	-0.18	-1.61	1.59	26.42	-86.64
1	18	1	-0.58	-0.18	-1.71	-0.85	34.60	-125.45
1	18	2	-0.58	-0.17	-1.71	-9.10	28.85	-172.95
1	18	3	-0.52	-0.12	-1.52	-10.79	11.67	-216.01
1	18	4	-0.51	-0.10	-1.47	13.09	-4.77	-261.51
1	18	5	-0.53	-0.16	-1.50	0.27	-5.96	-292.89
1	18	6	-0.49	-0.21	-1.34	-52.04	1.98	-313.33
1	18	7	-0.39	-0.21	-0.92	-107.29	3.60	-316.83
1	18	8	-0.40	-0.20	-0.51	-138.79	10.29	-287.26
1	18	9	-0.43	-0.11	-0.37	-118.41	27.73	-284.51
1	18	10	-0.41	0.01	-0.26	-83.04	22.60	-302.01
1	18	11	-0.47	0.05	-0.10	-104.60	9.04	-285.08
1	18	12	-0.44	0.09	0.07	-137.79	-6.90	-261.08
1	18	13	-0.45	0.08	0.26	-112.54	-41.40	-264.58
1	18	14	-0.52	-0.03	0.44	-74.23	-66.15	-265.08
1	18	15	-0.53	-0.15	0.55	-72.85	-64.33	-237.20
1	18	16	-0.47	-0.24	0.68	-91.98	-54.08	-203.01
1	18	17	-0.47	-0.28	0.82	-90.73	-45.21	-177.45
1	18	18	-0.44	-0.31	0.92	-74.85	-37.52	-139.83
1	18	19	-0.41	-0.32	0.96	-50.66	-39.08	-114.89
1	18	20	-0.42	-0.34	0.99	-28.04	-34.46	-90.95
1	18	21	-0.40	-0.40	0.99	-19.48	-22.65	-59.33
1	18	22	-0.40	-0.48	1.05	-14.16	-9.02	-16.76
1	18	23	-0.42	-0.54	1.03	-0.98	8.60	16.05
1	18	24	-0.45	-0.57	0.96	10.90	39.23	50.61
1	18	25	-0.45	-0.49	0.89	20.46	63.60	81.05
1	18	26	-0.46	-0.34	0.82	30.40	68.67	102.42
1	18	27	-0.50	-0.23	0.79	38.71	67.67	129.49
1	18	28	-0.52	-0.19	0.77	42.21	71.60	163.36
1	18	29	-0.51	-0.14	0.64	63.15	76.35	185.61
1	18	30	-0.54	-0.09	0.50	71.46	74.10	201.61
1	18	31	-0.58	-0.04	0.33	65.34	71.10	223.17
1	18	32	-0.57	0.00	0.20	58.46	62.35	231.74
1	18	33	-0.59	0.04	0.17	72.21	45.48	236.99
1	18	34	-0.67	-0.02	0.05	79.90	40.98	260.74
1	18	35	-0.70	0.01	-0.15	62.52	67.92	312.92
1	18	36	-0.59	0.18	-0.46	98.71	80.04	309.74
1	18	37	-0.51	0.31	-0.71	125.90	50.85	274.36
1	18	38	-0.52	0.28	-0.83	132.27	0.48	223.92
1	18	39	-0.63	0.05	-0.85	71.27	-23.96	221.17
1	18	40	-0.68	0.02	-0.87	17.34	-3.52	241.67
1	18	41	-0.64	0.09	-0.99	27.27	18.35	241.36
1	18	42	-0.60	0.18	-1.20	69.27	22.67	205.67
1	18	43	-0.60	0.12	-1.38	89.46	-10.27	131.30
1	18	44	-0.64	-0.04	-1.34	69.90	-37.52	80.05
1	18	45	-0.66	-0.18	-1.15	41.96	-40.96	54.55
1	18	46	-0.63	-0.19	-0.96	22.21	-13.52	57.36
1	18	47	-0.52	-0.10	-0.89	7.96	3.10	72.49
1	18	48	-0.46	-0.03	-0.88	15.21	1.79	72.05
1	18	49	-0.46	-0.03	-0.92	22.77	-2.83	64.30
1	19	0	-0.54	-0.17	-1.52	-12.04	39.42	-69.45
1	19	1	-0.55	-0.19	-1.65	-4.04	35.23	-120.76
1	19	2	-0.59	-0.21	-1.71	0.96	33.29	-159.01
1	19	3	-0.57	-0.14	-1.75	-20.66	34.23	-198.14
1	19	4	-0.48	-0.07	-1.58	-46.98	23.73	-238.20
1	19	5	-0.42	-0.05	-1.35	-58.04	11.04	-273.51
1	19	6	-0.40	-0.06	-1.11	-70.35	-2.02	-286.20
1	19	7	-0.42	-0.03	-0.89	-52.16	-8.77	-302.01
1	19	8	-0.45	-0.09	-0.74	-59.16	-2.77	-305.83
1	19	9	-0.49	-0.10	-0.58	-109.60	13.23	-287.45
1	19	10	-0.47	-0.02	-0.38	-130.85	17.60	-276.33
1	19	11	-0.48	0.02	-0.09	-109.35	-0.52	-276.89
1	19	12	-0.49	-0.01	0.13	-93.98	-16.52	-261.33
1	19	13	-0.48	-0.02	0.25	-81.41	-33.46	-253.64
1	19	14	-0.53	-0.11	0.41	-84.98	-43.33	-228.58
1	19	15	-0.52	-0.17	0.58	-91.98	-40.08	-198.01
1	19	16	-0.51	-0.23	0.78	-83.23	-41.33	-172.64
1	19	17	-0.53	-0.27	0.86	-64.73	-30.52	-138.83
1	19	18	-0.53	-0.28	0.91	-47.41	-17.15	-107.45
1	19	19	-0.52	-0.33	0.88	-33.10	-8.02	-73.58
1	19	20	-0.50	-0.36	0.89	-23.48	-6.40	-46.08
1	19	21	-0.52	-0.36	0.93	-12.73	-0.96	-14.95
1	19	22	-0.54	-0.36	0.87	-1.35	11.48	12.86
1	19	23	-0.55	-0.33	0.77	-1.48	21.10	33.61
1	19	24	-0.59	-0.29	0.71	1.52	33.35	57.42
1	19	25	-0.63	-0.25	0.68	8.02	33.10	79.11
1	19	26	-0.64	-0.20	0.60	18.21	32.35	93.42
1	19	27	-0.66	-0.18	0.54	18.59	35.92	110.49
1	19	28	-0.67	-0.16	0.47	18.15	43.48	130.17
1	19	29	-0.66	-0.12	0.41	24.15	45.29	144.86
1	19	30	-0.63	-0.05	0.38	31.40	41.54	162.11
1	19	31	-0.61	-0.04	0.35	46.21	31.48	178.61
1	19	32	-0.66	-0.09	0.27	53.40	33.29	207.55
1	19	33	-0.78	-0.11	0.14	42.02	61.42	265.86
1	19	34	-0.73	0.02	-0.05	61.77	97.35	311.49
1	19	35	-0.60	0.20	-0.40	148.71	91.92	291.36
1	19	36	-0.57	0.18	-0.74	198.84	43.29	244.80
1	19	37	-0.66	0.09	-0.97	165.21	13.23	217.24
1	19	38	-0.75	0.08	-1.07	68.96	13.54	217.42
1	19	39	-0.75	0.16	-1.01	8.15	22.92	204.49
1	19	40	-0.67	0.20	-0.91	20.96	18.79	179.30
1	19	41	-0.58	0.15	-0.87	45.40	-0.40	160.86
1	19	42	-0.53	0.05	-0.88	49.59	-20.90	156.74
1	19	43	-0.56	-0.03	-0.97	41.09	-13.96	159.61
1	19	44	-0.54	-0.01	-1.08	20.71	6.85	163.11
1	19	45	-0.48	0.02	-1.12	20.71	4.73	140.99
1	19	46	-0.46	0.00	-1.12	26.71	-7.90	117.11
1	19	47	-0.45	-0.04	-1.11	37.84	-20.65	94.61
1	19	48	-0.48	-0.11	-1.15	46.09	-23.58	73.49
1	19	49	-0.48	-0.14	-1.22	18.27	2.48	70.30
1	20	0	-0.47	-0.10	-1.53	-1.91	25.54	-93.83
1	20	1	-0.49	-0.09	-1.57	7.40	30.42	-139.83
1	20	2	-0.50	-0.07	-1.58	18.34	31.73	-173.58
1	20	3	-0.53	-0.10	-1.70	10.65	35.60	-208.58
1	20	4	-0.53	-0.10	-1.70	-37.16	38.35	-248.33
1	20	5	-0.47	-0.05	-1.58	-60.04	32.92	-296.08
1	20	6	-0.39	-0.07	-1.33	-85.54	14.17	-326.51
1	20	7	-0.35	-0.14	-0.99	-129.41	2.10	-325.08
1	20	8	-0.34	-0.07	-0.69	-155.10	-7.27	-311.76
1	20	9	-0.36	-0.03	-0.57	-121.10	-5.96	-337.39
1	20	10	-0.36	0.01	-0.31	-126.35	-9.83	-329.39
1	20	11	-0.38	0.06	0.00	-131.16	-14.65	-300.76
1	20	12	-0.38	0.08	0.18	-117.23	-22.02	-292.26
1	20	13	-0.37	0.05	0.36	-113.29	-39.58	-276.45
1	20	14	-0.37	-0.05	0.65	-118.98	-67.15	-235.95
1	20	15	-0.43	-0.21	0.86	-79.29	-77.52	-199.58
1	20	16	-0.49	-0.32	0.92	-55.41	-63.52	-167.20
1	20	17	-0.46	-0.34	0.93	-59.98	-39.15	-129.89
1	20	18	-0.42	-0.36	0.98	-68.79	-19.58	-95.51
1	20	19	-0.41	-0.36	1.10	-60.60	-14.33	-59.70
1	20	20	-0.44	-0.39	1.15	-24.04	-7.15	-20.08
1	20	21	-0.45	-0.43	1.04	11.34	0.92	12.36
1	20	22	-0.48	-0.41	0.94	36.71	8.04	39.55
1	20	23	-0.53	-0.43	0.82	43.52	23.29	68.24
1	20	24	-0.55	-0.35	0.78	38.84	40.98	93.80
1	20	25	-0.52	-0.24	0.77	50.90	43.42	121.92
1	20	26	-0.50	-0.16	0.72	69.40	32.35	140.86
1	20	27	-0.51	-0.12	0.64	73.52	25.48	165.36
1	20	28	-0.51	-0.09	0.54	77.59	20.79	194.92
1	20	29	-0.51	-0.09	0.37	86.34	14.04	216.11
1	20	30	-0.54	-0.11	0.24	78.21	15.73	229.61
1	20	31	-0.58	-0.12	0.15	69.90	26.54	254.17
1	20	32	-0.59	-0.15	-0.04	94.09	42.23	276.49
1	20	33	-0.55	-0.12	-0.23	104.15	57.79	297.24
1	20	34	-0.55	-0.02	-0.46	110.59	70.60	324.99
1	20	35	-0.52	0.17	-0.79	135.40	69.29	351.24
1	20	36	-0.47	0.24	-1.31	188.90	29.54	277.11
1	20	37	-0.62	0.08	-1.39	164.46	-24.27	183.30
1	20	38	-0.71	0.01	-1.17	52.46	-31.58	166.11
1	20	39	-0.63	0.06	-0.91	-27.48	-15.90	179.67
1	20	40	-0.58	0.07	-0.90	10.40	-10.46	180.67
1	20	41	-0.56	-0.02	-1.11	70.71	-7.46	154.36
1	20	42	-0.54	-0.06	-1.27	73.77	-10.46	127.36
1	20	43	-0.54	-0.07	-1.31	43.59	-22.02	93.80
1	20	44	-0.51	-0.13	-1.25	8.59	-35.71	80.36
1	20	45	-0.54	-0.19	-1.22	-7.54	-37.27	76.67
1	20	46	-0.54	-0.25	-1.22	-7.10	-17.77	53.30
1	20	47	-0.49	-0.19	-1.13	-2.91	-4.58	32.17
1	20	48	-0.44	-0.15	-1.04	-5.48	-7.46	26.36
1	20	49	-0.44	-0.16	-1.00	-1.91	-9.27	19.30
1	21	0	-0.53	-0.17	-1.42	-30.35	26.17	-59.95
1	21	1	-0.56	-0.16	-1.49	-25.04	34.54	-95.01
1	21	2	-0.56	-0.15	-1.61	-16.85	35.23	-130.39
1	21	3	-0.59	-0.11	-1.75	-24.98	30.73	-170.58
1	21	4	-0.57	-0.08	-1.74	-30.41	26.23	-219.83
1	21	5	-0.50	-0.08	-1.61	-58.23	25.73	-265.58
1	21	6	-0.38	-0.09	-1.33	-119.48	15.67	-282.14
1	21	7	-0.38	-0.04	-1.07	-112.79	8.67	-312.14
1	21	8	-0.36	0.02	-0.83	-79.16	1.54	-335.08
1	21	9	-0.37	0.04	-0.58	-69.48	-2.02	-339.64
1	21	10	-0.38	-0.03	-0.42	-72.91	5.73	-357.26
1	21	11	-0.37	-0.00	-0.05	-108.66	3.29	-333.58
1	21	12	-0.38	0.06	0.23	-122.54	-9.40	-285.14
1	21	13	-0.38	0.11	0.33	-90.85	-36.33	-271.08
1	21	14	-0.38	0.06	0.47	-83.79	-68.58	-247.51
1	21	15	-0.43	-0.04	0.57	-104.85	-77.71	-208.64
1	21	16	-0.44	-0.11	0.71	-109.23	-78.52	-186.89
1	21	17	-0.45	-0.16	0.92	-87.54	-87.15	-156.26
1	21	18	-0.45	-0.27	0.99	-49.60	-82.96	-137.14
1	21	19	-0.42	-0.36	1.03	-36.66	-75.46	-102.39
1	21	20	-0.43	-0.43	1.04	-32.48	-55.15	-69.14
1	21	21	-0.41	-0.49	1.08	-36.48	-25.96	-30.33
1	21	22	-0.39	-0.49	1.14	-41.54	-0.52	15.17
1	21	23	-0.38	-0.44	1.07	-28.41	17.29	46.80
1	21	24	-0.38	-0.45	1.01	6.40	38.98	79.67
1	21	25	-0.39	-0.42	0.90	38.96	41.10	108.92
1	21	26	-0.41	-0.32	0.80	65.52	39.29	129.80
1	21	27	-0.42	-0.25	0.71	72.21	34.29	156.30
1	21	28	-0.46	-0.22	0.58	65.96	31.04	193.05
1	21	29	-0.49	-0.21	0.44	50.40	41.04	215.92
1	21	30	-0.51	-0.16	0.32	39.52	51.48	231.92
1	21	31	-0.53	-0.09	0.21	57.52	51.42	235.55
1	21	32	-0.60	-0.10	0.09	58.02	54.92	256.80
1	21	33	-0.62	-0.12	-0.06	25.09	79.54	300.99
1	21	34	-0.60	-0.05	-0.19	15.52	105.54	335.67
1	21	35	-0.48	0.16	-0.52	75.84	113.67	332.80
1	21	36	-0.41	0.22	-0.88	147.34	70.54	301.11
1	21	37	-0.50	0.11	-1.08	151.77	21.67	269.61
1	21	38	-0.59	0.04	-1.25	81.15	15.92	261.99
1	21	39	-0.62	0.12	-1.25	21.34	18.23	234.55
1	21	40	-0.57	0.15	-1.17	9.09	4.54	196.24
1	21	41	-0.48	0.09	-1.06	15.96	-25.52	158.24
1	21	42	-0.49	-0.05	-1.03	33.96	-40.52	142.11
1	21	43	-0.51	-0.09	-1.13	28.27	-22.77	147.11
1	21	44	-0.49	-0.01	-1.24	33.21	-11.96	139.17
1	21	45	-0.49	0.06	-1.39	51.15	-27.33	86.05
1	21	46	-0.49	-0.02	-1.32	45.27	-37.40	48.42
1	21	47	-0.50	-0.12	-1.26	27.46	-37.90	39.80
1	21	48	-0.78	-0.31	-1.84	-0.73	0.17	41.05
1	21	49	-0.35	-0.19	-1.26	-49.10	-4.21	-17.39
1	22	0	-0.59	-0.16	-1.59	9.21	46.35	-134.76
1	22	1	-0.58	-0.11	-1.67	15.21	51.10	-179.64
1	22	2	-0.55	-0.12	-1.66	19.46	51.17	-226.45
1	22	3	-0.51	-0.13	-1.52	-4.29	50.17	-256.14
1	22	4	-0.45	-0.09	-1.29	-39.48	53.85	-284.33
1	22	5	-0.40	-0.03	-0.99	-62.48	44.98	-294.58
1	22	6	-0.44	-0.03	-0.77	-78.29	40.60	-292.51
1	22	7	-0.44	0.05	-0.56	-64.10	31.29	-297.33
1	22	8	-0.45	0.11	-0.40	-40.16	12.92	-301.20
1	22	9	-0.50	0.13	-0.36	-38.91	-0.33	-302.01
1	22	10	-0.54	0.13	-0.28	-65.66	-19.71	-292.95
1	22	11	-0.50	0.15	-0.03	-101.66	-38.15	-275.33
1	22	12	-0.47	0.12	0.25	-104.29	-56.15	-260.76
1	22	13	-0.48	0.08	0.34	-60.35	-72.21	-264.45
1	22	14	-0.39	0.07	0.50	-69.66	-85.33	-241.83
1	22	15	-0.34	0.00	0.60	-71.41	-97.40	-220.58
1	22	16	-0.30	-0.14	0.76	-72.04	-103.90	-203.95
1	22	17	-0.29	-0.27	0.95	-72.73	-91.15	-168.64
1	22	18	-0.25	-0.38	1.10	-65.16	-73.83	-134.20
1	22	19	-0.23	-0.47	1.18	-45.79	-59.08	-96.64
1	22	20	-0.22	-0.55	1.18	-35.66	-36.08	-51.39
1	22	21	-0.24	-0.56	1.15	-32.04	-13.46	-12.26
1	22	22	-0.28	-0.54	1.10	-16.54	-0.02	10.99
1	22	23	-0.36	-0.55	1.08	-1.48	13.10	40.42
1	22	24	-0.44	-0.50	1.01	22.52	26.17	65.17
1	22	25	-0.48	-0.47	0.91	28.90	42.98	91.30
1	22	26	-0.46	-0.40	0.85	22.02	61.54	108.42
1	22	27	-0.41	-0.32	0.88	11.59	73.85	132.24
1	22	28	-0.35	-0.25	0.88	4.84	74.42	163.49
1	22	29	-0.32	-0.22	0.81	6.77	68.85	190.74
1	22	30	-0.30	-0.19	0.72	22.09	61.85	212.05
1	22	31	-0.29	-0.17	0.60	43.15	52.48	234.86
1	22	32	-0.30	-0.15	0.45	64.46	42.23	255.61
1	22	33	-0.38	-0.19	0.22	70.77	41.92	277.55
1	22	34	-0.48	-0.22	-0.10	41.09	74.73	315.05
1	22	35	-0.48	-0.09	-0.35	23.34	108.98	338.61
1	22	36	-0.38	0.14	-0.60	70.27	105.04	312.17
1	22	37	-0.40	0.18	-0.78	106.65	58.67	279.61
1	22	38	-0.51	0.05	-0.93	72.77	44.73	318.74
1	22	39	-0.51	0.06	-1.15	38.40	64.42	340.42
1	22	40	-0.47	0.15	-1.23	40.09	66.92	327.30
1	22	41	-0.50	0.28	-1.33	79.84	30.04	309.74
1	22	42	-0.55	0.14	-1.73	135.27	-1.40	238.11
1	22	43	-0.55	-0.11	-1.76	128.09	-33.15	93.05
1	22	44	-0.53	-0.20	-1.32	51.59	-34.02	62.92
1	22	45	-0.46	-0.11	-1.11	-27.29	-7.02	120.17
1	22	46	-0.40	0.05	-1.17	-15.16	8.10	122.42
1	22	47	-0.38	0.07	-1.32	29.65	-5.33	90.49
1	22	48	-0.41	-0.01	-1.31	37.71	-21.33	32.55
1	22	49	-0.66	-0.18	-1.81	-2.48	8.67	35.30
1	23	0	-0.50	-0.15	-1.62	13.40	19.73	-75.08
1	23	1	-0.52	-0.21	-1.78	13.15	35.73	-113.64
1	23	2	-0.51	-0.20	-1.86	-11.79	43.98	-150.95
1	23	3	-0.52	-0.21	-1.82	-17.85	51.79	-201.20
1	23	4	-0.44	-0.15	-1.62	-35.79	58.79	-234.83
1	23	5	-0.41	-0.09	-1.41	-50.79	61.60	-255.26
1	23	6	-0.38	0.00	-1.27	-26.16	61.67	-291.01
1	23	7	-0.38	-0.04	-1.10	-44.91	51.92	-305.01
1	23	8	-0.40	-0.05	-0.85	-132.79	50.35	-274.08
1	23	9	-0.38	0.09	-0.63	-146.41	32.85	-272.76
1	23	10	-0.41	0.13	-0.42	-107.91	6.85	-303.70
1	23	11	-0.42	0.11	-0.18	-102.35	-13.08	-299.51
1	23	12	-0.43	0.13	0.04	-97.85	-31.71	-291.76
1	23	13	-0.39	0.13	0.22	-82.98	-51.58	-284.51
1	23	14	-0.39	0.11	0.32	-76.54	-70.65	-261.01
1	23	15	-0.42	0.03	0.42	-69.85	-80.27	-240.64
1	23	16	-0.42	-0.03	0.53	-71.98	-74.02	-218.26
1	23	17	-0.39	-0.05	0.71	-64.23	-75.27	-195.26
1	23	18	-0.39	-0.13	0.83	-20.91	-80.52	-179.70
1	23	19	-0.38	-0.23	0.88	2.34	-79.08	-166.64
1	23	20	-0.40	-0.33	0.96	0.84	-68.83	-137.20
1	23	21	-0.41	-0.39	1.06	-21.10	-37.90	-99.51
1	23	22	-0.38	-0.35	1.22	-21.10	-13.65	-52.33
1	23	23	-0.33	-0.32	1.26	-6.10	-1.02	12.92
1	23	24	-0.32	-0.30	1.20	8.15	6.79	38.17
1	23	25	-0.33	-0.28	1.13	14.34	19.10	75.11
1	23	26	-0.32	-0.21	1.04	23.46	25.67	96.05
1	23	27	-0.31	-0.14	1.00	21.90	23.98	123.17
1	23	28	-0.31	-0.10	0.94	15.65	18.10	156.17
1	23	29	-0.33	-0.10	0.87	16.52	12.54	188.36
1	23	30	-0.35	-0.13	0.74	17.96	14.79	219.74
1	23	31	-0.36	-0.14	0.55	14.96	20.48	252.17
1	23	32	-0.39	-0.13	0.38	17.59	21.73	275.17
1	23	33	-0.42	-0.15	0.17	31.77	23.67	278.61
1	23	34	-0.49	-0.22	-0.00	34.15	32.98	280.99
1	23	35	-0.53	-0.18	-0.21	25.96	54.48	303.80
1	23	36	-0.51	-0.07	-0.53	30.34	73.17	319.92
1	23	37	-0.48	0.04	-0.72	35.59	76.92	316.67
1	23	38	-0.44	0.16	-0.90	54.59	64.92	282.49
1	23	39	-0.46	0.12	-1.02	64.59	40.48	274.61
1	23	40	-0.49	0.12	-1.24	61.90	38.04	299.17
1	23	41	-0.55	0.25	-1.61	85.59	32.79	274.30
1	23	42	-0.63	0.34	-1.86	104.34	1.35	201.11
1	23	43	-0.56	0.23	-1.72	72.34	-55.77	106.55
1	23	44	-0.51	-0.04	-1.18	33.27	-105.15	50.61
1	23	45	-0.60	-0.26	-0.98	-20.48	-68.15	91.49
1	23	46	-0.57	-0.17	-1.04	-22.73	-14.08	111.49
1	23	47	-0.49	0.02	-1.11	24.84	-2.33	88.99
1	23	48	-0.47	-0.04	-1.25	36.21	-7.58	53.86
1	23	49	-0.46	-0.08	-1.19	20.40	-29.40	32.74
1	24	0	-0.53	-0.20	-1.64	-10.48	27.79	-87.58
1	24	1	-0.55	-0.20	-1.61	-42.16	38.29	-110.95
1	24	2	-0.55	-0.14	-1.64	-48.54	40.54	-147.76
1	24	3	-0.56	-0.10	-1.62	-39.79	34.42	-196.95
1	24	4	-0.54	-0.10	-1.61	-45.98	28.54	-245.51
1	24	5	-0.54	-0.09	-1.50	-80.16	35.48	-286.33
1	24	6	-0.43	-0.02	-1.22	-104.16	30.79	-307.14
1	24	7	-0.39	-0.04	-1.08	-112.35	20.79	-331.95
1	24	8	-0.33	-0.03	-0.91	-149.29	12.23	-358.39
1	24	9	-0.27	0.01	-0.49	-175.85	-9.21	-354.45
1	24	10	-0.28	0.06	-0.14	-173.66	-38.52	-327.89
1	24	11	-0.31	0.02	0.16	-159.23	-60.71	-304.45
1	24	12	-0.36	-0.01	0.20	-138.41	-74.21	-280.39
1	24	13	-0.35	-0.04	0.27	-141.10	-94.71	-265.20
1	24	14	-0.39	-0.19	0.55	-163.29	-100.33	-228.83
1	24	15	-0.45	-0.37	0.79	-141.29	-91.65	-187.08
1	24	16	-0.50	-0.42	0.86	-95.23	-77.58	-161.33
1	24	17	-0.49	-0.41	0.86	-71.23	-69.21	-127.70
1	24	18	-0.51	-0.42	0.86	-46.85	-56.08	-103.01
1	24	19	-0.50	-0.49	0.89	-43.79	-36.33	-72.83
1	24	20	-0.47	-0.51	0.96	-34.48	-23.15	-39.95
1	24	21	-0.45	-0.57	1.02	-16.79	-8.27	-3.70
1	24	22	-0.44	-0.56	0.95	15.65	10.60	36.05
1	24	23	-0.43	-0.48	0.78	42.21	19.67	45.80
1	24	24	-0.46	-0.45	0.70	43.46	29.79	67.42
1	24	25	-0.51	-0.38	0.66	40.52	29.73	89.61
1	24	26	-0.55	-0.34	0.68	47.02	32.17	112.05
1	24	27	-0.56	-0.35	0.67	49.02	42.35	142.30
1	24	28	-0.56	-0.35	0.65	59.71	55.23	172.17
1	24	29	-0.59	-0.38	0.53	73.77	79.10	203.80
1	24	30	-0.57	-0.32	0.43	77.52	106.92	233.30
1	24	31	-0.53	-0.19	0.33	89.40	117.23	266.61
1	24	32	-0.50	-0.06	0.17	118.46	108.48	303.86
1	24	33	-0.51	-0.04	-0.05	139.71	103.60	328.17
1	24	34	-0.48	0.01	-0.29	142.96	108.54	352.86
1	24	35	-0.44	0.09	-0.65	146.15	119.35	350.49
1	24	36	-0.38	0.24	-1.02	159.71	90.29	297.55
1	24	37	-0.45	0.22	-1.12	132.84	42.04	262.49
1	24	38	-0.48	0.22	-1.18	90.46	28.60	250.67
1	24	39	-0.49	0.25	-1.32	56.96	16.85	240.17
1	24	40	-0.55	0.23	-1.48	51.77	-0.40	191.11
1	24	41	-0.55	0.15	-1.41	62.71	-16.65	110.05
1	24	42	-0.52	0.06	-1.16	67.71	-25.33	64.80
1	24	43	-0.48	-0.03	-1.05	47.71	-16.58	70.74
1	24	44	-0.46	-0.01	-1.16	20.21	1.92	94.36
1	24	45	-0.41	0.10	-1.26	11.15	-1.90	92.74
1	24	46	-0.44	0.08	-1.26	21.02	-18.83	53.86
1	24	47	-0.45	-0.01	-1.21	17.96	-35.83	28.42
1	24	48	-0.49	-0.14	-1.13	12.65	-38.02	13.67
1	24	49	-0.47	-0.16	-1.01	3.71	-27.15	12.55
1	25	0	-0.48	-0.09	-1.69	0.84	24.92	-64.58
1	25	1	-0.53	-0.13	-1.83	-11.23	32.29	-120.76
1	25	2	-0.53	-0.11	-1.80	-18.91	41.79	-165.01
1	25	3	-0.51	-0.07	-1.74	-24.04	43.79	-220.45
1	25	4	-0.48	-0.02	-1.67	-42.04	37.23	-267.33
1	25	5	-0.44	-0.02	-1.56	-70.85	26.92	-307.26
1	25	6	-0.40	0.02	-1.35	-84.29	12.98	-346.64
1	25	7	-0.36	-0.08	-1.04	-95.73	5.92	-367.39
1	25	8	-0.33	-0.09	-0.75	-99.16	12.98	-379.45
1	25	9	-0.31	-0.08	-0.52	-115.29	9.98	-373.01
1	25	10	-0.35	0.01	-0.26	-137.85	-0.08	-345.64
1	25	11	-0.34	0.07	-0.09	-133.79	-14.21	-329.95
1	25	12	-0.30	0.03	0.20	-138.79	-40.71	-312.58
1	25	13	-0.34	-0.10	0.47	-144.16	-48.40	-281.51
1	25	14	-0.33	-0.16	0.68	-146.98	-47.65	-232.26
1	25	15	-0.34	-0.22	0.85	-122.79	-50.27	-194.70
1	25	16	-0.38	-0.33	0.90	-88.10	-43.46	-169.76
1	25	17	-0.38	-0.37	0.99	-73.41	-28.96	-133.39
1	25	18	-0.39	-0.39	1.05	-67.23	-14.33	-91.33
1	25	19	-0.42	-0.38	1.10	-46.41	-1.96	-52.70
1	25	20	-0.45	-0.34	1.01	-10.04	8.67	-24.89
1	25	21	-0.45	-0.29	0.90	2.27	5.60	5.05
1	25	22	-0.55	-0.32	0.84	16.71	8.79	33.55
1	25	23	-0.58	-0.32	0.75	9.96	25.73	45.05
1	25	24	-0.58	-0.32	0.80	10.15	43.79	72.05
1	25	25	-0.56	-0.30	0.81	28.84	46.29	88.80
1	25	26	-0.55	-0.31	0.80	44.21	56.35	107.61
1	25	27	-0.53	-0.29	0.76	42.09	75.54	140.99
1	25	28	-0.48	-0.20	0.70	48.84	91.73	173.24
1	25	29	-0.45	-0.09	0.66	63.40	96.29	199.80
1	25	30	-0.45	0.00	0.56	103.34	84.17	228.86
1	25	31	-0.48	0.07	0.32	157.59	57.67	253.86
1	25	32	-0.54	0.05	0.05	179.27	43.10	276.61
1	25	33	-0.58	0.06	-0.21	154.46	53.10	306.36
1	25	34	-0.60	0.16	-0.36	116.90	72.85	334.55
1	25	35	-0.48	0.33	-0.67	141.21	71.23	297.17
1	25	36	-0.49	0.35	-0.90	175.21	21.23	230.99
1	25	37	-0.58	0.25	-0.93	150.40	-26.40	214.24
1	25	38	-0.65	0.09	-1.01	112.59	-42.90	225.55
1	25	39	-0.72	-0.05	-1.08	87.65	-23.21	213.61
1	25	40	-0.67	-0.02	-1.09	66.77	7.35	184.92
1	25	41	-0.49	0.08	-0.94	63.21	7.35	166.61
1	25	42	-0.48	-0.00	-1.01	96.15	-8.21	137.74
1	25	43	-0.52	-0.11	-1.16	72.59	5.67	130.42
1	25	44	-0.47	-0.01	-1.20	33.27	20.04	142.05
1	25	45	-0.38	0.16	-1.22	41.21	7.10	113.61
1	25	46	-0.40	0.15	-1.25	67.71	-36.02	73.49
1	25	47	-0.49	-0.11	-1.36	49.02	-41.77	54.11
1	25	48	-0.73	-0.23	-1.73	-1.73	-8.96	64.99
1	25	49	-0.45	-0.26	-1.76	-60.91	16.60	13.11
1	26	0	-0.56	-0.22	-1.80	9.59	41.17	-100.51
1	26	1	-0.53	-0.24	-1.74	-37.54	49.29	-133.83
1	26	2	-0.47	-0.14	-1.66	-66.16	50.29	-156.58
1	26	3	-0.43	-0.02	-1.64	-56.16	43.42	-195.20
1	26	4	-0.38	0.10	-1.62	-54.73	22.79	-242.70
1	26	5	-0.31	0.11	-1.33	-58.16	-11.77	-282.76
1	26	6	-0.34	0.03	-1.17	-65.35	-23.40	-304.95
1	26	7	-0.37	-0.07	-1.12	-109.23	-12.52	-312.51
1	26	8	-0.38	-0.09	-1.00	-143.79	4.54	-350.01
1	26	9	-0.30	-0.07	-0.61	-173.23	3.29	-364.83
1	26	10	-0.27	-0.04	-0.36	-200.16	-8.40	-354.89
1	26	11	-0.28	0.01	-0.15	-187.91	-32.08	-365.14
1	26	12	-0.23	-0.00	0.26	-177.41	-62.40	-351.83
1	26	13	-0.19	-0.08	0.61	-172.66	-93.58	-309.01
1	26	14	-0.25	-0.22	0.82	-135.29	-111.27	-271.95
1	26	15	-0.32	-0.38	0.94	-104.16	-97.33	-226.20
1	26	16	-0.33	-0.44	1.11	-86.41	-82.58	-179.14
1	26	17	-0.30	-0.50	1.16	-59.73	-64.08	-134.33
1	26	18	-0.27	-0.53	1.10	-49.48	-45.02	-88.08
1	26	19	-0.26	-0.57	1.12	-39.60	-27.77	-45.64
1	26	20	-0.27	-0.59	1.13	-17.60	-10.77	-8.89
1	26	21	-0.29	-0.55	1.10	13.34	0.92	21.92
1	26	22	-0.34	-0.53	0.98	41.77	10.10	61.74
1	26	23	-0.41	-0.47	0.86	42.90	21.60	90.11
1	26	24	-0.47	-0.44	0.80	45.40	41.17	121.55
1	26	25	-0.48	-0.37	0.73	52.84	56.79	139.49
1	26	26	-0.46	-0.32	0.66	49.15	70.60	157.92
1	26	27	-0.47	-0.28	0.62	42.84	77.60	180.86
1	26	28	-0.51	-0.23	0.56	41.27	86.92	209.11
1	26	29	-0.52	-0.12	0.46	52.02	94.42	242.11
1	26	30	-0.50	-0.02	0.32	85.27	86.48	257.42
1	26	31	-0.60	-0.00	0.15	113.65	82.48	281.49
1	26	32	-0.62	-0.00	-0.10	113.77	108.23	324.61
1	26	33	-0.46	0.15	-0.49	127.84	124.73	328.99
1	26	34	-0.43	0.23	-0.63	143.71	94.60	299.86
1	26	35	-0.45	0.23	-0.72	128.77	78.42	313.55
1	26	36	-0.40	0.21	-0.91	110.27	79.23	314.30
1	26	37	-0.35	0.27	-1.09	111.09	64.23	277.05
1	26	38	-0.41	0.26	-1.24	113.27	20.85	223.80
1	26	39	-0.47	0.21	-1.26	93.96	-5.83	184.30
1	26	40	-0.52	0.14	-1.28	75.77	-22.46	154.17
1	26	41	-0.55	0.08	-1.32	74.46	-29.71	127.92
1	26	42	-0.52	0.04	-1.31	74.77	-30.83	99.05
1	26	43	-0.48	0.06	-1.32	53.52	-27.15	84.99
1	26	44	-0.45	0.09	-1.25	48.90	-34.21	65.36
1	26	45	-0.45	0.03	-1.27	48.40	-54.15	48.05
1	26	46	-0.50	-0.13	-1.23	31.21	-45.46	35.24
1	26	47	-0.50	-0.18	-1.18	10.52	-25.96	31.05
1	26	48	-0.63	-0.32	-1.69	-8.54	7.92	21.49
1	26	49	-0.32	-0.10	-0.95	0.84	-9.83	-29.83
1	27	0	-0.50	-0.16	-1.70	-24.85	29.17	-37.70
1	27	1	-0.54	-0.19	-2.03	-15.35	37.98	-92.08
1	27	2	-0.52	-0.15	-2.17	-31.41	49.10	-162.58
1	27	3	-0.43	-0.08	-2.00	-66.79	45.42	-217.08
1	27	4	-0.35	-0.04	-1.71	-92.04	37.67	-268.64
1	27	5	-0.28	-0.04	-1.40	-111.48	30.67	-305.45
1	27	6	-0.26	-0.01	-1.21	-123.04	36.92	-337.20
1	27	7	-0.17	0.09	-0.95	-137.60	28.42	-350.08
1	27	8	-0.17	0.09	-0.67	-156.04	1.23	-346.45
1	27	9	-0.23	0.09	-0.38	-144.04	-23.58	-349.39
1	27	10	-0.27	0.07	-0.13	-110.23	-45.52	-348.64
1	27	11	-0.28	0.09	0.12	-90.91	-66.21	-339.58
1	27	12	-0.31	0.04	0.36	-85.10	-84.08	-306.20
1	27	13	-0.32	0.00	0.55	-82.41	-90.71	-261.83
1	27	14	-0.34	-0.08	0.74	-82.85	-94.27	-225.83
1	27	15	-0.45	-0.20	0.82	-72.54	-81.15	-185.14
1	27	16	-0.49	-0.20	0.84	-75.29	-57.40	-143.95
1	27	17	-0.45	-0.18	0.91	-52.91	-49.65	-126.33
1	27	18	-0.43	-0.27	0.98	-40.73	-48.02	-100.33
1	27	19	-0.44	-0.39	1.05	-28.41	-40.15	-71.20
1	27	20	-0.47	-0.47	1.08	-19.54	-18.77	-31.26
1	27	21	-0.48	-0.47	1.06	-0.10	1.04	2.17
1	27	22	-0.49	-0.42	0.98	14.46	10.60	32.30
1	27	23	-0.53	-0.38	0.87	17.09	26.17	62.55
1	27	24	-0.55	-0.32	0.82	26.65	34.35	82.17
1	27	25	-0.56	-0.25	0.76	44.40	31.04	93.86
1	27	26	-0.59	-0.24	0.70	45.40	34.98	105.80
1	27	27	-0.60	-0.18	0.70	43.27	44.98	130.61
1	27	28	-0.59	-0.11	0.66	60.71	45.54	149.42
1	27	29	-0.58	-0.11	0.55	74.40	43.54	167.30
1	27	30	-0.58	-0.15	0.43	63.27	53.79	188.17
1	27	31	-0.59	-0.14	0.37	32.71	73.79	222.74
1	27	32	-0.57	-0.05	0.32	26.34	91.85	261.86
1	27	33	-0.53	0.02	0.19	58.27	105.23	278.11
1	27	34	-0.48	0.04	-0.05	101.27	104.42	286.36
1	27	35	-0.45	0.04	-0.28	104.96	111.29	313.80
1	27	36	-0.36	0.16	-0.56	114.84	114.67	331.42
1	27	37	-0.33	0.21	-0.88	161.09	98.35	294.55
1	27	38	-0.33	0.25	-1.13	162.84	87.29	254.80
1	27	39	-0.36	0.38	-1.25	131.15	51.42	203.86
1	27	40	-0.44	0.43	-1.28	117.71	1.35	184.67
1	27	41	-0.50	0.28	-1.45	109.65	-49.52	150.49
1	27	42	-0.63	0.05	-1.48	96.02	-78.02	97.67
1	27	43	-0.68	-0.10	-1.26	64.46	-71.77	61.86
1	27	44	-0.63	-0.08	-1.00	36.21	-46.15	67.49
1	27	45	-0.53	-0.03	-0.88	31.15	-16.33	80.67
1	27	46	-0.42	0.06	-0.98	13.09	8.73	112.30
1	27	47	-0.36	0.24	-1.15	16.09	-14.40	115.67
1	27	48	-0.44	0.11	-1.27	35.96	-33.21	57.42
1	27	49	-0.44	0.02	-1.15	35.96	-49.21	30.74
1	28	0	-0.55	-0.16	-1.66	11.84	22.35	-65.26
1	28	1	-0.58	-0.16	-1.90	-14.79	44.23	-108.33
1	28	2	-0.55	-0.11	-1.92	-55.35	50.23	-144.45
1	28	3	-0.52	-0.10	-1.81	-76.41	51.10	-203.70
1	28	4	-0.44	-0.04	-1.53	-82.10	36.98	-243.95
1	28	5	-0.41	-0.01	-1.24	-71.91	12.60	-273.01
1	28	6	-0.41	-0.01	-1.11	-52.85	-1.33	-291.70
1	28	7	-0.45	-0.03	-0.94	-64.35	-5.77	-298.58
1	28	8	-0.44	-0.01	-0.80	-76.73	-6.33	-303.76
1	28	9	-0.46	0.02	-0.56	-88.60	-20.15	-293.76
1	28	10	-0.49	0.04	-0.40	-79.16	-34.71	-289.95
1	28	11	-0.52	0.05	-0.33	-43.98	-48.08	-313.76
1	28	12	-0.55	-0.02	-0.15	-65.54	-41.77	-306.70
1	28	13	-0.50	0.01	0.02	-113.79	-34.27	-276.26
1	28	14	-0.41	0.06	0.32	-115.98	-49.27	-265.83
1	28	15	-0.41	0.00	0.58	-79.23	-73.52	-237.95
1	28	16	-0.39	-0.10	0.70	-48.41	-80.96	-212.70
1	28	17	-0.38	-0.16	0.79	-43.48	-70.65	-183.26
1	28	18	-0.36	-0.24	0.84	-64.98	-55.33	-142.51
1	28	19	-0.38	-0.27	0.97	-68.79	-27.71	-99.83
1	28	20	-0.35	-0.26	1.02	-53.85	-14.83	-65.45
1	28	21	-0.35	-0.29	1.07	-29.73	-16.96	-36.26
1	28	22	-0.39	-0.37	1.07	14.65	-16.77	-3.58
1	28	23	-0.45	-0.48	1.01	23.02	-3.46	19.49
1	28	24	-0.51	-0.53	0.96	31.65	16.92	40.17
1	28	25	-0.54	-0.51	0.96	33.71	36.10	68.86
1	28	26	-0.54	-0.42	0.91	30.96	47.29	106.92
1	28	27	-0.53	-0.31	0.84	31.96	48.54	133.36
1	28	28	-0.52	-0.26	0.77	36.84	49.48	150.17
1	28	29	-0.53	-0.25	0.68	32.46	57.23	168.05
1	28	30	-0.51	-0.23	0.60	11.77	70.17	193.80
1	28	31	-0.48	-0.17	0.55	-1.29	77.79	225.99
1	28	32	-0.45	-0.11	0.50	29.71	69.73	235.86
1	28	33	-0.44	-0.05	0.41	98.34	51.54	239.92
1	28	34	-0.42	-0.04	0.18	145.34	40.35	255.67
1	28	35	-0.40	-0.03	-0.18	159.96	36.48	278.11
1	28	36	-0.41	0.03	-0.55	107.52	35.92	295.86
1	28	37	-0.44	0.16	-0.79	53.77	38.42	296.36
1	28	38	-0.45	0.21	-1.02	69.02	15.23	251.80
1	28	39	-0.51	0.12	-1.10	96.46	-10.40	211.24
1	28	40	-0.57	0.03	-1.18	63.09	-13.52	213.42
1	28	41	-0.67	0.01	-1.29	31.09	3.73	196.24
1	28	42	-0.65	0.07	-1.20	10.46	10.73	166.86
1	28	43	-0.65	0.12	-1.05	18.09	-8.40	149.80
1	28	44	-0.72	-0.00	-1.12	54.84	-27.90	115.42
1	28	45	-0.75	-0.14	-1.17	66.34	-35.77	97.80
1	28	46	-0.65	-0.22	-1.28	14.40	-0.40	116.49
1	28	47	-0.47	-0.00	-1.05	-17.79	9.29	105.86
1	28	48	-0.40	0.07	-0.89	20.40	-6.02	93.24
1	28	49	-0.40	-0.04	-0.94	45.59	-20.83	76.30
1	29	0	-0.33	-0.20	-1.84	13.02	37.23	-131.08
1	29	1	-0.29	-0.21	-1.77	23.65	44.92	-185.89
1	29	2	-0.26	-0.14	-1.74	25.09	55.17	-211.83
1	29	3	-0.27	-0.07	-1.74	27.71	57.73	-244.83
1	29	4	-0.25	-0.09	-1.81	-20.35	66.23	-261.76
1	29	5	-0.21	-0.15	-1.66	-21.04	66.60	-334.33
1	29	6	-0.19	-0.09	-1.24	-1.60	67.67	-385.64
1	29	7	-0.17	-0.08	-0.77	-40.04	62.98	-375.70
1	29	8	-0.23	-0.04	-0.45	-27.35	47.79	-366.58
1	29	9	-0.27	0.05	-0.19	5.46	41.54	-367.26
1	29	10	-0.33	0.12	0.03	40.21	33.10	-355.83
1	29	11	-0.39	0.10	0.18	77.52	32.98	-352.95
1	29	12	-0.42	0.04	0.22	29.15	51.23	-291.76
1	29	13	-0.38	0.10	0.39	11.52	57.98	-279.58
1	29	14	-0.30	0.24	0.68	56.96	41.85	-282.08
1	29	15	-0.24	0.37	0.78	108.96	3.42	-268.64
1	29	16	-0.27	0.35	0.84	118.84	-4.52	-244.64
1	29	17	-0.25	0.19	0.93	21.46	25.48	-152.20
1	29	18	-0.19	0.26	1.17	-56.23	33.60	-68.20
1	29	19	-0.13	0.38	1.25	-21.79	1.67	-37.89
1	29	20	-0.18	0.39	1.20	34.02	-41.40	-24.83
1	29	21	-0.30	0.23	1.05	37.65	-59.33	8.42
1	29	22	-0.37	0.12	0.98	6.90	-44.08	58.17
1	29	23	-0.41	0.13	0.92	-21.98	-27.58	87.67
1	29	24	-0.43	0.14	0.95	-39.60	-13.52	131.05
1	29	25	-0.42	0.16	0.96	-32.29	-12.83	165.99
1	29	26	-0.42	0.12	0.83	-21.98	-17.58	205.99
1	29	27	-0.41	0.12	0.65	-13.04	-25.33	231.24
1	29	28	-0.44	0.13	0.46	12.02	-43.27	224.99
1	29	29	-0.50	0.08	0.26	25.96	-52.65	214.67
1	29	30	-0.55	0.00	0.13	-4.98	-56.58	224.55
1	29	31	-0.58	-0.08	0.07	-62.79	-52.08	270.30
1	29	32	-0.59	-0.10	0.01	-92.29	-43.02	324.86
1	29	33	-0.55	-0.02	-0.26	-2.54	-33.58	310.86
1	29	34	-0.53	-0.09	-0.57	57.90	-39.71	280.99
1	29	35	-0.55	-0.16	-0.78	25.34	-37.46	302.49
1	29	36	-0.54	-0.21	-0.84	-37.85	-8.90	349.42
1	29	37	-0.36	-0.06	-0.90	-46.48	10.29	340.92
1	29	38	-0.24	0.10	-1.11	11.84	3.54	306.11
1	29	39	-0.28	0.06	-1.32	130.02	-26.58	227.86
1	29	40	-0.32	-0.10	-1.66	121.46	-47.52	232.36
1	29	41	-0.25	-0.17	-1.78	2.65	-61.08	227.11
1	29	42	-0.37	-0.11	-1.60	-66.79	-105.71	161.49
1	29	43	-0.47	-0.16	-1.42	-57.10	-112.90	104.74
1	29	44	-0.41	-0.24	-1.32	3.84	-70.90	65.30
1	29	45	-0.39	-0.27	-1.27	47.77	-38.52	34.49
1	29	46	-0.34	-0.29	-1.27	20.02	-11.71	38.99
1	29	47	-0.25	-0.18	-1.20	-32.10	-21.02	45.80
1	29	48	-0.28	-0.17	-1.13	-32.91	-29.27	22.61
1	29	49	-0.30	-0.19	-1.04	-21.79	-26.15	-10.64
